2026-02-15 13:13:47,099 - INFO - 
======================================================================
2026-02-15 13:13:47,100 - INFO - CLASS DISTRIBUTION DIAGNOSTICS
2026-02-15 13:13:47,100 - INFO - ======================================================================
2026-02-15 13:13:47,100 - INFO - 
school_participation_flag:
2026-02-15 13:13:47,100 - INFO -   Class 0 (negative): 309 samples (54.12%)
2026-02-15 13:13:47,100 - INFO -   Class 1 (positive): 262 samples (45.88%)
2026-02-15 13:13:47,101 - INFO - 
project_participation_flag:
2026-02-15 13:13:47,101 - INFO -   Class 0 (negative): 494 samples (86.51%)
2026-02-15 13:13:47,101 - INFO -   Class 1 (positive): 77 samples (13.49%)
2026-02-15 13:13:47,101 - INFO - ======================================================================

2026-02-15 13:13:47,102 - INFO - Initialized experiment: K=10, feature_mode='mean'
2026-02-15 13:13:47,102 - INFO - Starting experiment: gemma3-12B_cv
2026-02-15 13:13:47,102 - INFO - Research focus: Correlation between unsupervised clustering (Silhouette) and supervised metrics
2026-02-15 13:13:47,102 - INFO - Round 1/100
2026-02-15 13:13:47,402 - INFO -   Silhouette: 0.2315 | School ROC: 0.6307 F1: 0.5665 | Project ROC: 0.5357 F1: 0.1913 ✓
2026-02-15 13:13:47,402 - INFO - Round 2/100
2026-02-15 13:13:47,694 - INFO -   Silhouette: 0.2264 | School ROC: 0.6408 F1: 0.6374 | Project ROC: 0.5795 F1: 0.2680 ✓
2026-02-15 13:13:47,695 - INFO - Round 3/100
2026-02-15 13:13:48,027 - INFO -   Silhouette: 0.2023 | School ROC: 0.6441 F1: 0.6042 | Project ROC: 0.5642 F1: 0.2523 ✓
2026-02-15 13:13:48,027 - INFO - Round 4/100
2026-02-15 13:13:48,343 - INFO -   Silhouette: 0.2353 | School ROC: 0.6323 F1: 0.5783 | Project ROC: 0.5652 F1: 0.2626 ✓
2026-02-15 13:13:48,343 - INFO - Round 5/100
2026-02-15 13:13:48,712 - INFO -   Silhouette: 0.1948 | School ROC: 0.6406 F1: 0.5952 | Project ROC: 0.5480 F1: 0.2087 
2026-02-15 13:13:48,712 - INFO - Round 6/100
2026-02-15 13:13:49,141 - INFO -   Silhouette: 0.1880 | School ROC: 0.6239 F1: 0.5680 | Project ROC: 0.5506 F1: 0.2041 
2026-02-15 13:13:49,141 - INFO - Round 7/100
2026-02-15 13:13:49,379 - INFO -   Silhouette: 0.2157 | School ROC: 0.6633 F1: 0.6448 | Project ROC: 0.5619 F1: 0.2286 ✓
2026-02-15 13:13:49,380 - INFO - Round 8/100
2026-02-15 13:13:49,663 - INFO -   Silhouette: 0.2091 | School ROC: 0.6213 F1: 0.5714 | Project ROC: 0.5031 F1: 0.1682 
2026-02-15 13:13:49,664 - INFO - Round 9/100
2026-02-15 13:13:49,967 - INFO -   Silhouette: 0.2319 | School ROC: 0.6122 F1: 0.5967 | Project ROC: 0.5191 F1: 0.2056 
2026-02-15 13:13:49,967 - INFO - Round 10/100
2026-02-15 13:13:50,507 - INFO -   Silhouette: 0.2783 | School ROC: 0.6367 F1: 0.6237 | Project ROC: 0.5152 F1: 0.2018 ✓
2026-02-15 13:13:50,507 - INFO - Round 11/100
2026-02-15 13:13:50,843 - INFO -   Silhouette: 0.2512 | School ROC: 0.6330 F1: 0.5978 | Project ROC: 0.5409 F1: 0.2435 
2026-02-15 13:13:50,852 - INFO - Round 12/100
2026-02-15 13:13:51,261 - INFO -   Silhouette: 0.2460 | School ROC: 0.6021 F1: 0.5876 | Project ROC: 0.5306 F1: 0.1818 
2026-02-15 13:13:51,262 - INFO - Round 13/100
2026-02-15 13:13:51,587 - INFO -   Silhouette: 0.2358 | School ROC: 0.5688 F1: 0.5745 | Project ROC: 0.5419 F1: 0.2202 
2026-02-15 13:13:51,588 - INFO - Round 14/100
2026-02-15 13:13:51,887 - INFO -   Silhouette: 0.1881 | School ROC: 0.6286 F1: 0.6087 | Project ROC: 0.5607 F1: 0.2430 
2026-02-15 13:13:51,887 - INFO - Round 15/100
2026-02-15 13:13:52,202 - INFO -   Silhouette: 0.2089 | School ROC: 0.6776 F1: 0.6444 | Project ROC: 0.5810 F1: 0.2456 ✓
2026-02-15 13:13:52,203 - INFO - Round 16/100
2026-02-15 13:13:52,548 - INFO -   Silhouette: 0.2730 | School ROC: 0.6095 F1: 0.5824 | Project ROC: 0.5337 F1: 0.2321 
2026-02-15 13:13:52,549 - INFO - Round 17/100
2026-02-15 13:13:52,826 - INFO -   Silhouette: 0.2462 | School ROC: 0.6627 F1: 0.6180 | Project ROC: 0.5344 F1: 0.2393 
2026-02-15 13:13:52,826 - INFO - Round 18/100
2026-02-15 13:13:53,351 - INFO -   Silhouette: 0.2077 | School ROC: 0.6456 F1: 0.6092 | Project ROC: 0.5781 F1: 0.2202 
2026-02-15 13:13:53,351 - INFO - Round 19/100
2026-02-15 13:13:53,712 - INFO -   Silhouette: 0.2472 | School ROC: 0.6261 F1: 0.5955 | Project ROC: 0.5607 F1: 0.2393 
2026-02-15 13:13:53,712 - INFO - Round 20/100
2026-02-15 13:13:54,008 - INFO -   Silhouette: 0.2626 | School ROC: 0.6258 F1: 0.5778 | Project ROC: 0.5273 F1: 0.2075 
2026-02-15 13:13:54,009 - INFO - Round 21/100
2026-02-15 13:13:54,225 - INFO -   Silhouette: 0.2026 | School ROC: 0.6241 F1: 0.6196 | Project ROC: 0.4917 F1: 0.2000 
2026-02-15 13:13:54,226 - INFO - Round 22/100
2026-02-15 13:13:54,503 - INFO -   Silhouette: 0.2676 | School ROC: 0.6073 F1: 0.6032 | Project ROC: 0.4818 F1: 0.1852 
2026-02-15 13:13:54,503 - INFO - Round 23/100
2026-02-15 13:13:54,902 - INFO -   Silhouette: 0.2598 | School ROC: 0.6408 F1: 0.5682 | Project ROC: 0.5645 F1: 0.2182 
2026-02-15 13:13:54,903 - INFO - Round 24/100
2026-02-15 13:13:55,173 - INFO -   Silhouette: 0.2661 | School ROC: 0.6401 F1: 0.6105 | Project ROC: 0.5465 F1: 0.2202 
2026-02-15 13:13:55,173 - INFO - Round 25/100
2026-02-15 13:13:55,429 - INFO -   Silhouette: 0.2708 | School ROC: 0.6090 F1: 0.6092 | Project ROC: 0.5433 F1: 0.2222 
2026-02-15 13:13:55,429 - INFO - Round 26/100
2026-02-15 13:13:55,685 - INFO -   Silhouette: 0.2352 | School ROC: 0.5849 F1: 0.5424 | Project ROC: 0.5029 F1: 0.2083 
2026-02-15 13:13:55,685 - INFO - Round 27/100
2026-02-15 13:13:55,931 - INFO -   Silhouette: 0.2301 | School ROC: 0.6405 F1: 0.6180 | Project ROC: 0.4974 F1: 0.1961 
2026-02-15 13:13:55,931 - INFO - Round 28/100
2026-02-15 13:13:56,238 - INFO -   Silhouette: 0.2251 | School ROC: 0.5826 F1: 0.5946 | Project ROC: 0.5121 F1: 0.2095 
2026-02-15 13:13:56,238 - INFO - Round 29/100
2026-02-15 13:13:56,566 - INFO -   Silhouette: 0.2137 | School ROC: 0.6592 F1: 0.6593 | Project ROC: 0.5020 F1: 0.1869 ✓
2026-02-15 13:13:56,566 - INFO - Round 30/100
2026-02-15 13:13:56,819 - INFO -   Silhouette: 0.2789 | School ROC: 0.6015 F1: 0.5778 | Project ROC: 0.4628 F1: 0.1698 ✓
2026-02-15 13:13:56,820 - INFO - Round 31/100
2026-02-15 13:13:57,068 - INFO -   Silhouette: 0.2074 | School ROC: 0.6179 F1: 0.5889 | Project ROC: 0.5347 F1: 0.2243 
2026-02-15 13:13:57,068 - INFO - Round 32/100
2026-02-15 13:13:57,329 - INFO -   Silhouette: 0.2038 | School ROC: 0.6136 F1: 0.5862 | Project ROC: 0.5537 F1: 0.2500 
2026-02-15 13:13:57,330 - INFO - Round 33/100
2026-02-15 13:13:57,634 - INFO -   Silhouette: 0.1889 | School ROC: 0.6040 F1: 0.6000 | Project ROC: 0.5481 F1: 0.2342 
2026-02-15 13:13:57,635 - INFO - Round 34/100
2026-02-15 13:13:57,958 - INFO -   Silhouette: 0.2273 | School ROC: 0.6213 F1: 0.5843 | Project ROC: 0.5925 F1: 0.2376 ✓
2026-02-15 13:13:57,959 - INFO - Round 35/100
2026-02-15 13:13:58,215 - INFO -   Silhouette: 0.1630 | School ROC: 0.5998 F1: 0.5595 | Project ROC: 0.5350 F1: 0.2268 
2026-02-15 13:13:58,216 - INFO - Round 36/100
2026-02-15 13:13:58,483 - INFO -   Silhouette: 0.2319 | School ROC: 0.5895 F1: 0.5902 | Project ROC: 0.5554 F1: 0.2200 
2026-02-15 13:13:58,483 - INFO - Round 37/100
2026-02-15 13:13:58,755 - INFO -   Silhouette: 0.1999 | School ROC: 0.6454 F1: 0.6304 | Project ROC: 0.5881 F1: 0.2456 
2026-02-15 13:13:58,755 - INFO - Round 38/100
2026-02-15 13:13:58,988 - INFO -   Silhouette: 0.2314 | School ROC: 0.6092 F1: 0.5889 | Project ROC: 0.5454 F1: 0.2321 
2026-02-15 13:13:58,988 - INFO - Round 39/100
2026-02-15 13:13:59,281 - INFO -   Silhouette: 0.2159 | School ROC: 0.6254 F1: 0.6145 | Project ROC: 0.5333 F1: 0.2200 
2026-02-15 13:13:59,281 - INFO - Round 40/100
2026-02-15 13:13:59,610 - INFO -   Silhouette: 0.2601 | School ROC: 0.5672 F1: 0.5730 | Project ROC: 0.5061 F1: 0.1569 
2026-02-15 13:13:59,610 - INFO - Round 41/100
2026-02-15 13:13:59,855 - INFO -   Silhouette: 0.2639 | School ROC: 0.6267 F1: 0.6243 | Project ROC: 0.5255 F1: 0.1982 
2026-02-15 13:13:59,855 - INFO - Round 42/100
2026-02-15 13:14:00,126 - INFO -   Silhouette: 0.2500 | School ROC: 0.6032 F1: 0.5730 | Project ROC: 0.5610 F1: 0.2243 
2026-02-15 13:14:00,126 - INFO - Round 43/100
2026-02-15 13:14:00,402 - INFO -   Silhouette: 0.2581 | School ROC: 0.6600 F1: 0.6092 | Project ROC: 0.5490 F1: 0.2586 
2026-02-15 13:14:00,402 - INFO - Round 44/100
2026-02-15 13:14:00,651 - INFO -   Silhouette: 0.2121 | School ROC: 0.6254 F1: 0.5635 | Project ROC: 0.5214 F1: 0.2115 
2026-02-15 13:14:00,651 - INFO - Round 45/100
2026-02-15 13:14:00,904 - INFO -   Silhouette: 0.1922 | School ROC: 0.6069 F1: 0.5967 | Project ROC: 0.5528 F1: 0.2157 
2026-02-15 13:14:00,904 - INFO - Round 46/100
2026-02-15 13:14:01,189 - INFO -   Silhouette: 0.2066 | School ROC: 0.5708 F1: 0.5926 | Project ROC: 0.5305 F1: 0.1935 
2026-02-15 13:14:01,189 - INFO - Round 47/100
2026-02-15 13:14:01,445 - INFO -   Silhouette: 0.2542 | School ROC: 0.6676 F1: 0.6111 | Project ROC: 0.5718 F1: 0.2162 
2026-02-15 13:14:01,445 - INFO - Round 48/100
2026-02-15 13:14:01,716 - INFO -   Silhouette: 0.2629 | School ROC: 0.5959 F1: 0.5909 | Project ROC: 0.6094 F1: 0.2574 ✓
2026-02-15 13:14:01,717 - INFO - Round 49/100
2026-02-15 13:14:02,099 - INFO -   Silhouette: 0.2204 | School ROC: 0.6349 F1: 0.5848 | Project ROC: 0.5559 F1: 0.2157 
2026-02-15 13:14:02,100 - INFO - Round 50/100
2026-02-15 13:14:02,437 - INFO -   Silhouette: 0.2538 | School ROC: 0.6217 F1: 0.5652 | Project ROC: 0.5477 F1: 0.2124 
2026-02-15 13:14:02,438 - INFO - Round 51/100
2026-02-15 13:14:02,745 - INFO -   Silhouette: 0.2696 | School ROC: 0.5444 F1: 0.5318 | Project ROC: 0.4648 F1: 0.1905 
2026-02-15 13:14:02,745 - INFO - Round 52/100
2026-02-15 13:14:03,010 - INFO -   Silhouette: 0.2287 | School ROC: 0.6610 F1: 0.6171 | Project ROC: 0.5719 F1: 0.2342 
2026-02-15 13:14:03,010 - INFO - Round 53/100
2026-02-15 13:14:03,291 - INFO -   Silhouette: 0.2522 | School ROC: 0.6356 F1: 0.6224 | Project ROC: 0.5338 F1: 0.2203 
2026-02-15 13:14:03,291 - INFO - Round 54/100
2026-02-15 13:14:03,529 - INFO -   Silhouette: 0.2736 | School ROC: 0.6415 F1: 0.5909 | Project ROC: 0.5953 F1: 0.2500 
2026-02-15 13:14:03,530 - INFO - Round 55/100
2026-02-15 13:14:03,803 - INFO -   Silhouette: 0.2551 | School ROC: 0.6197 F1: 0.5922 | Project ROC: 0.5388 F1: 0.2542 
2026-02-15 13:14:03,804 - INFO - Round 56/100
2026-02-15 13:14:04,079 - INFO -   Silhouette: 0.2324 | School ROC: 0.6215 F1: 0.6237 | Project ROC: 0.5333 F1: 0.1869 
2026-02-15 13:14:04,080 - INFO - Round 57/100
2026-02-15 13:14:04,341 - INFO -   Silhouette: 0.2228 | School ROC: 0.6110 F1: 0.5667 | Project ROC: 0.5064 F1: 0.1980 
2026-02-15 13:14:04,341 - INFO - Round 58/100
2026-02-15 13:14:04,600 - INFO -   Silhouette: 0.2461 | School ROC: 0.5768 F1: 0.5902 | Project ROC: 0.5274 F1: 0.2083 
2026-02-15 13:14:04,600 - INFO - Round 59/100
2026-02-15 13:14:04,885 - INFO -   Silhouette: 0.2672 | School ROC: 0.5531 F1: 0.5287 | Project ROC: 0.4994 F1: 0.1923 
2026-02-15 13:14:04,886 - INFO - Round 60/100
2026-02-15 13:14:05,140 - INFO -   Silhouette: 0.2160 | School ROC: 0.6064 F1: 0.5889 | Project ROC: 0.5053 F1: 0.2264 
2026-02-15 13:14:05,141 - INFO - Round 61/100
2026-02-15 13:14:05,483 - INFO -   Silhouette: 0.2211 | School ROC: 0.6192 F1: 0.5882 | Project ROC: 0.5324 F1: 0.2453 
2026-02-15 13:14:05,484 - INFO - Round 62/100
2026-02-15 13:14:05,756 - INFO -   Silhouette: 0.1612 | School ROC: 0.6860 F1: 0.6413 | Project ROC: 0.5258 F1: 0.2308 ✓
2026-02-15 13:14:05,756 - INFO - Round 63/100
2026-02-15 13:14:05,990 - INFO -   Silhouette: 0.3103 | School ROC: 0.5976 F1: 0.5746 | Project ROC: 0.5661 F1: 0.2745 ✓
2026-02-15 13:14:05,990 - INFO - Round 64/100
2026-02-15 13:14:06,359 - INFO -   Silhouette: 0.1746 | School ROC: 0.6234 F1: 0.5967 | Project ROC: 0.5810 F1: 0.2143 
2026-02-15 13:14:06,359 - INFO - Round 65/100
2026-02-15 13:14:06,620 - INFO -   Silhouette: 0.2434 | School ROC: 0.5830 F1: 0.5778 | Project ROC: 0.5677 F1: 0.2524 
2026-02-15 13:14:06,620 - INFO - Round 66/100
2026-02-15 13:14:06,887 - INFO -   Silhouette: 0.2270 | School ROC: 0.6467 F1: 0.6170 | Project ROC: 0.5353 F1: 0.2056 
2026-02-15 13:14:06,887 - INFO - Round 67/100
2026-02-15 13:14:07,138 - INFO -   Silhouette: 0.2865 | School ROC: 0.6378 F1: 0.6044 | Project ROC: 0.5344 F1: 0.2301 
2026-02-15 13:14:07,138 - INFO - Round 68/100
2026-02-15 13:14:07,388 - INFO -   Silhouette: 0.2368 | School ROC: 0.5975 F1: 0.5424 | Project ROC: 0.4825 F1: 0.1942 
2026-02-15 13:14:07,388 - INFO - Round 69/100
2026-02-15 13:14:07,674 - INFO -   Silhouette: 0.2630 | School ROC: 0.6335 F1: 0.6145 | Project ROC: 0.5544 F1: 0.1923 
2026-02-15 13:14:07,675 - INFO - Round 70/100
2026-02-15 13:14:07,943 - INFO -   Silhouette: 0.2222 | School ROC: 0.5964 F1: 0.5838 | Project ROC: 0.5045 F1: 0.1835 
2026-02-15 13:14:07,943 - INFO - Round 71/100
2026-02-15 13:14:08,218 - INFO -   Silhouette: 0.1885 | School ROC: 0.6171 F1: 0.5595 | Project ROC: 0.6033 F1: 0.2637 
2026-02-15 13:14:08,219 - INFO - Round 72/100
2026-02-15 13:14:08,489 - INFO -   Silhouette: 0.2275 | School ROC: 0.6578 F1: 0.6146 | Project ROC: 0.5712 F1: 0.2308 
2026-02-15 13:14:08,490 - INFO - Round 73/100
2026-02-15 13:14:08,720 - INFO -   Silhouette: 0.2801 | School ROC: 0.6569 F1: 0.5824 | Project ROC: 0.4946 F1: 0.2182 
2026-02-15 13:14:08,721 - INFO - Round 74/100
2026-02-15 13:14:09,041 - INFO -   Silhouette: 0.2338 | School ROC: 0.5847 F1: 0.5698 | Project ROC: 0.4851 F1: 0.1600 
2026-02-15 13:14:09,042 - INFO - Round 75/100
2026-02-15 13:14:09,399 - INFO -   Silhouette: 0.2345 | School ROC: 0.6040 F1: 0.5938 | Project ROC: 0.5392 F1: 0.2105 
2026-02-15 13:14:09,399 - INFO - Round 76/100
2026-02-15 13:14:09,651 - INFO -   Silhouette: 0.2049 | School ROC: 0.6619 F1: 0.6196 | Project ROC: 0.5716 F1: 0.2435 
2026-02-15 13:14:09,651 - INFO - Round 77/100
2026-02-15 13:14:09,896 - INFO -   Silhouette: 0.2897 | School ROC: 0.5870 F1: 0.5667 | Project ROC: 0.5105 F1: 0.1782 
2026-02-15 13:14:09,896 - INFO - Round 78/100
2026-02-15 13:14:10,168 - INFO -   Silhouette: 0.2484 | School ROC: 0.6297 F1: 0.6154 | Project ROC: 0.5552 F1: 0.2095 
2026-02-15 13:14:10,168 - INFO - Round 79/100
2026-02-15 13:14:10,404 - INFO -   Silhouette: 0.2283 | School ROC: 0.6023 F1: 0.5902 | Project ROC: 0.5200 F1: 0.2000 
2026-02-15 13:14:10,405 - INFO - Round 80/100
2026-02-15 13:14:10,669 - INFO -   Silhouette: 0.2618 | School ROC: 0.6307 F1: 0.6448 | Project ROC: 0.5684 F1: 0.2243 
2026-02-15 13:14:10,670 - INFO - Round 81/100
2026-02-15 13:14:10,986 - INFO -   Silhouette: 0.1991 | School ROC: 0.6356 F1: 0.6118 | Project ROC: 0.5641 F1: 0.2476 
2026-02-15 13:14:10,987 - INFO - Round 82/100
2026-02-15 13:14:11,228 - INFO -   Silhouette: 0.2192 | School ROC: 0.6566 F1: 0.6127 | Project ROC: 0.5559 F1: 0.2407 
2026-02-15 13:14:11,228 - INFO - Round 83/100
2026-02-15 13:14:11,508 - INFO -   Silhouette: 0.2316 | School ROC: 0.5936 F1: 0.6011 | Project ROC: 0.5277 F1: 0.1782 
2026-02-15 13:14:11,508 - INFO - Round 84/100
2026-02-15 13:14:11,811 - INFO -   Silhouette: 0.2274 | School ROC: 0.6952 F1: 0.6630 | Project ROC: 0.5546 F1: 0.2105 ✓
2026-02-15 13:14:11,811 - INFO - Round 85/100
2026-02-15 13:14:12,077 - INFO -   Silhouette: 0.3270 | School ROC: 0.6439 F1: 0.6413 | Project ROC: 0.5535 F1: 0.2095 ✓
2026-02-15 13:14:12,077 - INFO - Round 86/100
2026-02-15 13:14:12,293 - INFO -   Silhouette: 0.2576 | School ROC: 0.6335 F1: 0.5978 | Project ROC: 0.5133 F1: 0.2264 
2026-02-15 13:14:12,294 - INFO - Round 87/100
2026-02-15 13:14:12,628 - INFO -   Silhouette: 0.2293 | School ROC: 0.6158 F1: 0.6129 | Project ROC: 0.5165 F1: 0.2202 
2026-02-15 13:14:12,628 - INFO - Round 88/100
2026-02-15 13:14:12,957 - INFO -   Silhouette: 0.2263 | School ROC: 0.6197 F1: 0.5763 | Project ROC: 0.5276 F1: 0.1887 
2026-02-15 13:14:12,958 - INFO - Round 89/100
2026-02-15 13:14:13,302 - INFO -   Silhouette: 0.2172 | School ROC: 0.6485 F1: 0.6524 | Project ROC: 0.5731 F1: 0.2609 ✓
2026-02-15 13:14:13,302 - INFO - Round 90/100
2026-02-15 13:14:13,646 - INFO -   Silhouette: 0.2026 | School ROC: 0.6028 F1: 0.5402 | Project ROC: 0.5715 F1: 0.2264 
2026-02-15 13:14:13,647 - INFO - Round 91/100
2026-02-15 13:14:13,913 - INFO -   Silhouette: 0.2046 | School ROC: 0.6498 F1: 0.6022 | Project ROC: 0.5692 F1: 0.2342 
2026-02-15 13:14:13,913 - INFO - Round 92/100
2026-02-15 13:14:14,157 - INFO -   Silhouette: 0.1760 | School ROC: 0.5712 F1: 0.5792 | Project ROC: 0.4837 F1: 0.1731 
2026-02-15 13:14:14,158 - INFO - Round 93/100
2026-02-15 13:14:14,444 - INFO -   Silhouette: 0.2965 | School ROC: 0.6552 F1: 0.6032 | Project ROC: 0.5279 F1: 0.1930 
2026-02-15 13:14:14,444 - INFO - Round 94/100
2026-02-15 13:14:14,704 - INFO -   Silhouette: 0.2294 | School ROC: 0.6353 F1: 0.5714 | Project ROC: 0.5104 F1: 0.1835 
2026-02-15 13:14:14,704 - INFO - Round 95/100
2026-02-15 13:14:14,982 - INFO -   Silhouette: 0.1936 | School ROC: 0.6397 F1: 0.5876 | Project ROC: 0.5124 F1: 0.2200 
2026-02-15 13:14:14,982 - INFO - Round 96/100
2026-02-15 13:14:15,240 - INFO -   Silhouette: 0.2176 | School ROC: 0.6145 F1: 0.5814 | Project ROC: 0.5197 F1: 0.2136 
2026-02-15 13:14:15,241 - INFO - Round 97/100
2026-02-15 13:14:15,482 - INFO -   Silhouette: 0.1956 | School ROC: 0.6392 F1: 0.5829 | Project ROC: 0.5088 F1: 0.2200 
2026-02-15 13:14:15,483 - INFO - Round 98/100
2026-02-15 13:14:15,774 - INFO -   Silhouette: 0.2385 | School ROC: 0.6184 F1: 0.6044 | Project ROC: 0.5204 F1: 0.1964 
2026-02-15 13:14:15,775 - INFO - Round 99/100
2026-02-15 13:14:16,041 - INFO -   Silhouette: 0.2216 | School ROC: 0.6383 F1: 0.5943 | Project ROC: 0.5414 F1: 0.2385 
2026-02-15 13:14:16,041 - INFO - Round 100/100
2026-02-15 13:14:16,362 - INFO -   Silhouette: 0.2006 | School ROC: 0.6568 F1: 0.6054 | Project ROC: 0.5673 F1: 0.2500 
2026-02-15 13:14:18,818 - INFO - Convergence plots saved to /home/dev/work_main/random/assesment/k_means_selected/gemma3-12B_cv_convergence_plots.png
2026-02-15 13:14:21,663 - INFO - Focused correlation analysis saved to /home/dev/work_main/random/assesment/k_means_selected/gemma3-12B_cv_silhouette_correlation.png
2026-02-15 13:14:21,663 - INFO - Correlation values saved to /home/dev/work_main/random/assesment/k_means_selected/gemma3-12B_cv_silhouette_correlations.json
2026-02-15 13:14:21,663 - INFO - Silhouette Correlation Summary:
2026-02-15 13:14:21,663 - INFO -   • Silhouette vs School ROC AUC: R=-0.121 (WEAK negative)
2026-02-15 13:14:21,663 - INFO -   • Silhouette vs Project ROC AUC: R=-0.139 (WEAK negative)
2026-02-15 13:14:21,663 - INFO -   • Silhouette vs Avg. ROC AUC: R=-0.156 (WEAK negative)
2026-02-15 13:14:21,663 - INFO -   • Silhouette vs School F1 Score: R=-0.044 (WEAK negative)
2026-02-15 13:14:21,663 - INFO -   • Silhouette vs Project F1 Score: R=-0.125 (WEAK negative)
2026-02-15 13:14:21,663 - INFO -   • Silhouette vs Avg. F1 Score: R=-0.107 (WEAK negative)
2026-02-15 13:14:23,771 - INFO - Summary plot saved to /home/dev/work_main/random/assesment/k_means_selected/gemma3-12B_cv_summary_plot.png
2026-02-15 13:14:23,771 - INFO - Experiment completed!
2026-02-15 13:15:13,408 - INFO - 
======================================================================
2026-02-15 13:15:13,408 - INFO - CLASS DISTRIBUTION DIAGNOSTICS
2026-02-15 13:15:13,408 - INFO - ======================================================================
2026-02-15 13:15:13,409 - INFO - 
school_participation_flag:
2026-02-15 13:15:13,409 - INFO -   Class 0 (negative): 309 samples (54.12%)
2026-02-15 13:15:13,409 - INFO -   Class 1 (positive): 262 samples (45.88%)
2026-02-15 13:15:13,409 - INFO - 
project_participation_flag:
2026-02-15 13:15:13,410 - INFO -   Class 0 (negative): 494 samples (86.51%)
2026-02-15 13:15:13,410 - INFO -   Class 1 (positive): 77 samples (13.49%)
2026-02-15 13:15:13,410 - INFO - ======================================================================

2026-02-15 13:15:13,410 - INFO - Initialized experiment: K=10, feature_mode='mean'
2026-02-15 13:15:13,410 - INFO - Starting experiment: gemma3-12B_cv
2026-02-15 13:15:13,410 - INFO - Research focus: Correlation between unsupervised clustering (Silhouette) and supervised metrics
2026-02-15 13:15:13,410 - INFO - Round 1/100
2026-02-15 13:15:13,674 - INFO -   Silhouette: 0.2315 | School ROC: 0.6307 F1: 0.5665 | Project ROC: 0.5357 F1: 0.1913 ✓
2026-02-15 13:15:13,674 - INFO - Round 2/100
2026-02-15 13:15:13,975 - INFO -   Silhouette: 0.2264 | School ROC: 0.6408 F1: 0.6374 | Project ROC: 0.5795 F1: 0.2680 ✓
2026-02-15 13:15:13,975 - INFO - Round 3/100
2026-02-15 13:15:14,317 - INFO -   Silhouette: 0.2023 | School ROC: 0.6441 F1: 0.6042 | Project ROC: 0.5642 F1: 0.2523 ✓
2026-02-15 13:15:14,317 - INFO - Round 4/100
2026-02-15 13:15:14,660 - INFO -   Silhouette: 0.2353 | School ROC: 0.6323 F1: 0.5783 | Project ROC: 0.5652 F1: 0.2626 ✓
2026-02-15 13:15:14,661 - INFO - Round 5/100
2026-02-15 13:15:15,041 - INFO -   Silhouette: 0.1948 | School ROC: 0.6406 F1: 0.5952 | Project ROC: 0.5480 F1: 0.2087 
2026-02-15 13:15:15,041 - INFO - Round 6/100
2026-02-15 13:15:15,519 - INFO -   Silhouette: 0.1880 | School ROC: 0.6239 F1: 0.5680 | Project ROC: 0.5506 F1: 0.2041 
2026-02-15 13:15:15,519 - INFO - Round 7/100
2026-02-15 13:15:15,920 - INFO -   Silhouette: 0.2157 | School ROC: 0.6633 F1: 0.6448 | Project ROC: 0.5619 F1: 0.2286 ✓
2026-02-15 13:15:15,920 - INFO - Round 8/100
2026-02-15 13:15:16,173 - INFO -   Silhouette: 0.2091 | School ROC: 0.6213 F1: 0.5714 | Project ROC: 0.5031 F1: 0.1682 
2026-02-15 13:15:16,174 - INFO - Round 9/100
2026-02-15 13:15:16,649 - INFO -   Silhouette: 0.2319 | School ROC: 0.6122 F1: 0.5967 | Project ROC: 0.5191 F1: 0.2056 
2026-02-15 13:15:16,649 - INFO - Round 10/100
2026-02-15 13:15:16,963 - INFO -   Silhouette: 0.2783 | School ROC: 0.6367 F1: 0.6237 | Project ROC: 0.5152 F1: 0.2018 ✓
2026-02-15 13:15:16,963 - INFO - Round 11/100
2026-02-15 13:15:17,400 - INFO -   Silhouette: 0.2512 | School ROC: 0.6330 F1: 0.5978 | Project ROC: 0.5409 F1: 0.2435 
2026-02-15 13:15:17,400 - INFO - Round 12/100
2026-02-15 13:15:17,931 - INFO -   Silhouette: 0.2460 | School ROC: 0.6021 F1: 0.5876 | Project ROC: 0.5306 F1: 0.1818 
2026-02-15 13:15:17,932 - INFO - Round 13/100
2026-02-15 13:15:18,347 - INFO -   Silhouette: 0.2358 | School ROC: 0.5688 F1: 0.5745 | Project ROC: 0.5419 F1: 0.2202 
2026-02-15 13:15:18,347 - INFO - Round 14/100
2026-02-15 13:15:18,707 - INFO -   Silhouette: 0.1881 | School ROC: 0.6286 F1: 0.6087 | Project ROC: 0.5607 F1: 0.2430 
2026-02-15 13:15:18,707 - INFO - Round 15/100
2026-02-15 13:15:19,029 - INFO -   Silhouette: 0.2089 | School ROC: 0.6776 F1: 0.6444 | Project ROC: 0.5810 F1: 0.2456 ✓
2026-02-15 13:15:19,030 - INFO - Round 16/100
2026-02-15 13:15:19,485 - INFO -   Silhouette: 0.2730 | School ROC: 0.6095 F1: 0.5824 | Project ROC: 0.5337 F1: 0.2321 
2026-02-15 13:15:19,485 - INFO - Round 17/100
2026-02-15 13:15:19,867 - INFO -   Silhouette: 0.2462 | School ROC: 0.6627 F1: 0.6180 | Project ROC: 0.5344 F1: 0.2393 
2026-02-15 13:15:19,867 - INFO - Round 18/100
2026-02-15 13:15:20,130 - INFO -   Silhouette: 0.2077 | School ROC: 0.6456 F1: 0.6092 | Project ROC: 0.5781 F1: 0.2202 
2026-02-15 13:15:20,130 - INFO - Round 19/100
2026-02-15 13:15:20,490 - INFO -   Silhouette: 0.2472 | School ROC: 0.6261 F1: 0.5955 | Project ROC: 0.5607 F1: 0.2393 
2026-02-15 13:15:20,491 - INFO - Round 20/100
2026-02-15 13:15:20,905 - INFO -   Silhouette: 0.2626 | School ROC: 0.6258 F1: 0.5778 | Project ROC: 0.5273 F1: 0.2075 
2026-02-15 13:15:20,906 - INFO - Round 21/100
2026-02-15 13:15:21,251 - INFO -   Silhouette: 0.2026 | School ROC: 0.6241 F1: 0.6196 | Project ROC: 0.4917 F1: 0.2000 
2026-02-15 13:15:21,251 - INFO - Round 22/100
2026-02-15 13:15:21,612 - INFO -   Silhouette: 0.2676 | School ROC: 0.6073 F1: 0.6032 | Project ROC: 0.4818 F1: 0.1852 
2026-02-15 13:15:21,612 - INFO - Round 23/100
2026-02-15 13:15:21,876 - INFO -   Silhouette: 0.2598 | School ROC: 0.6408 F1: 0.5682 | Project ROC: 0.5645 F1: 0.2182 
2026-02-15 13:15:21,876 - INFO - Round 24/100
2026-02-15 13:15:22,209 - INFO -   Silhouette: 0.2661 | School ROC: 0.6401 F1: 0.6105 | Project ROC: 0.5465 F1: 0.2202 
2026-02-15 13:15:22,209 - INFO - Round 25/100
2026-02-15 13:15:22,466 - INFO -   Silhouette: 0.2708 | School ROC: 0.6090 F1: 0.6092 | Project ROC: 0.5433 F1: 0.2222 
2026-02-15 13:15:22,467 - INFO - Round 26/100
2026-02-15 13:15:22,703 - INFO -   Silhouette: 0.2352 | School ROC: 0.5849 F1: 0.5424 | Project ROC: 0.5029 F1: 0.2083 
2026-02-15 13:15:22,703 - INFO - Round 27/100
2026-02-15 13:15:22,998 - INFO -   Silhouette: 0.2301 | School ROC: 0.6405 F1: 0.6180 | Project ROC: 0.4974 F1: 0.1961 
2026-02-15 13:15:22,998 - INFO - Round 28/100
2026-02-15 13:15:23,265 - INFO -   Silhouette: 0.2251 | School ROC: 0.5826 F1: 0.5946 | Project ROC: 0.5121 F1: 0.2095 
2026-02-15 13:15:23,265 - INFO - Round 29/100
2026-02-15 13:15:23,534 - INFO -   Silhouette: 0.2137 | School ROC: 0.6592 F1: 0.6593 | Project ROC: 0.5020 F1: 0.1869 ✓
2026-02-15 13:15:23,534 - INFO - Round 30/100
2026-02-15 13:15:23,863 - INFO -   Silhouette: 0.2789 | School ROC: 0.6015 F1: 0.5778 | Project ROC: 0.4628 F1: 0.1698 ✓
2026-02-15 13:15:23,863 - INFO - Round 31/100
2026-02-15 13:15:24,119 - INFO -   Silhouette: 0.2074 | School ROC: 0.6179 F1: 0.5889 | Project ROC: 0.5347 F1: 0.2243 
2026-02-15 13:15:24,119 - INFO - Round 32/100
2026-02-15 13:15:24,506 - INFO -   Silhouette: 0.2038 | School ROC: 0.6136 F1: 0.5862 | Project ROC: 0.5537 F1: 0.2500 
2026-02-15 13:15:24,506 - INFO - Round 33/100
2026-02-15 13:15:24,780 - INFO -   Silhouette: 0.1889 | School ROC: 0.6040 F1: 0.6000 | Project ROC: 0.5481 F1: 0.2342 
2026-02-15 13:15:24,780 - INFO - Round 34/100
2026-02-15 13:15:25,032 - INFO -   Silhouette: 0.2273 | School ROC: 0.6213 F1: 0.5843 | Project ROC: 0.5925 F1: 0.2376 ✓
2026-02-15 13:15:25,033 - INFO - Round 35/100
2026-02-15 13:15:25,452 - INFO -   Silhouette: 0.1630 | School ROC: 0.5998 F1: 0.5595 | Project ROC: 0.5350 F1: 0.2268 
2026-02-15 13:15:25,452 - INFO - Round 36/100
2026-02-15 13:15:25,689 - INFO -   Silhouette: 0.2319 | School ROC: 0.5895 F1: 0.5902 | Project ROC: 0.5554 F1: 0.2200 
2026-02-15 13:15:25,689 - INFO - Round 37/100
2026-02-15 13:15:25,976 - INFO -   Silhouette: 0.1999 | School ROC: 0.6454 F1: 0.6304 | Project ROC: 0.5881 F1: 0.2456 
2026-02-15 13:15:25,976 - INFO - Round 38/100
2026-02-15 13:15:26,343 - INFO -   Silhouette: 0.2314 | School ROC: 0.6092 F1: 0.5889 | Project ROC: 0.5454 F1: 0.2321 
2026-02-15 13:15:26,343 - INFO - Round 39/100
2026-02-15 13:15:26,606 - INFO -   Silhouette: 0.2159 | School ROC: 0.6254 F1: 0.6145 | Project ROC: 0.5333 F1: 0.2200 
2026-02-15 13:15:26,606 - INFO - Round 40/100
2026-02-15 13:15:26,872 - INFO -   Silhouette: 0.2601 | School ROC: 0.5672 F1: 0.5730 | Project ROC: 0.5061 F1: 0.1569 
2026-02-15 13:15:26,872 - INFO - Round 41/100
2026-02-15 13:15:27,194 - INFO -   Silhouette: 0.2639 | School ROC: 0.6267 F1: 0.6243 | Project ROC: 0.5255 F1: 0.1982 
2026-02-15 13:15:27,195 - INFO - Round 42/100
2026-02-15 13:15:27,516 - INFO -   Silhouette: 0.2500 | School ROC: 0.6032 F1: 0.5730 | Project ROC: 0.5610 F1: 0.2243 
2026-02-15 13:15:27,516 - INFO - Round 43/100
2026-02-15 13:15:27,733 - INFO -   Silhouette: 0.2581 | School ROC: 0.6600 F1: 0.6092 | Project ROC: 0.5490 F1: 0.2586 
2026-02-15 13:15:27,733 - INFO - Round 44/100
2026-02-15 13:15:28,004 - INFO -   Silhouette: 0.2121 | School ROC: 0.6254 F1: 0.5635 | Project ROC: 0.5214 F1: 0.2115 
2026-02-15 13:15:28,004 - INFO - Round 45/100
2026-02-15 13:15:28,281 - INFO -   Silhouette: 0.1922 | School ROC: 0.6069 F1: 0.5967 | Project ROC: 0.5528 F1: 0.2157 
2026-02-15 13:15:28,282 - INFO - Round 46/100
2026-02-15 13:15:28,548 - INFO -   Silhouette: 0.2066 | School ROC: 0.5708 F1: 0.5926 | Project ROC: 0.5305 F1: 0.1935 
2026-02-15 13:15:28,548 - INFO - Round 47/100
2026-02-15 13:15:28,880 - INFO -   Silhouette: 0.2542 | School ROC: 0.6676 F1: 0.6111 | Project ROC: 0.5718 F1: 0.2162 
2026-02-15 13:15:28,880 - INFO - Round 48/100
2026-02-15 13:15:29,136 - INFO -   Silhouette: 0.2629 | School ROC: 0.5959 F1: 0.5909 | Project ROC: 0.6094 F1: 0.2574 ✓
2026-02-15 13:15:29,137 - INFO - Round 49/100
2026-02-15 13:15:29,419 - INFO -   Silhouette: 0.2204 | School ROC: 0.6349 F1: 0.5848 | Project ROC: 0.5559 F1: 0.2157 
2026-02-15 13:15:29,419 - INFO - Round 50/100
2026-02-15 13:15:29,706 - INFO -   Silhouette: 0.2538 | School ROC: 0.6217 F1: 0.5652 | Project ROC: 0.5477 F1: 0.2124 
2026-02-15 13:15:29,706 - INFO - Round 51/100
2026-02-15 13:15:29,920 - INFO -   Silhouette: 0.2696 | School ROC: 0.5444 F1: 0.5318 | Project ROC: 0.4648 F1: 0.1905 
2026-02-15 13:15:29,921 - INFO - Round 52/100
2026-02-15 13:15:30,300 - INFO -   Silhouette: 0.2287 | School ROC: 0.6610 F1: 0.6171 | Project ROC: 0.5719 F1: 0.2342 
2026-02-15 13:15:30,301 - INFO - Round 53/100
2026-02-15 13:15:30,568 - INFO -   Silhouette: 0.2522 | School ROC: 0.6356 F1: 0.6224 | Project ROC: 0.5338 F1: 0.2203 
2026-02-15 13:15:30,568 - INFO - Round 54/100
2026-02-15 13:15:30,845 - INFO -   Silhouette: 0.2736 | School ROC: 0.6415 F1: 0.5909 | Project ROC: 0.5953 F1: 0.2500 
2026-02-15 13:15:30,846 - INFO - Round 55/100
2026-02-15 13:15:31,196 - INFO -   Silhouette: 0.2551 | School ROC: 0.6197 F1: 0.5922 | Project ROC: 0.5388 F1: 0.2542 
2026-02-15 13:15:31,196 - INFO - Round 56/100
2026-02-15 13:15:31,500 - INFO -   Silhouette: 0.2324 | School ROC: 0.6215 F1: 0.6237 | Project ROC: 0.5333 F1: 0.1869 
2026-02-15 13:15:31,501 - INFO - Round 57/100
2026-02-15 13:15:31,760 - INFO -   Silhouette: 0.2228 | School ROC: 0.6110 F1: 0.5667 | Project ROC: 0.5064 F1: 0.1980 
2026-02-15 13:15:31,760 - INFO - Round 58/100
2026-02-15 13:15:32,034 - INFO -   Silhouette: 0.2461 | School ROC: 0.5768 F1: 0.5902 | Project ROC: 0.5274 F1: 0.2083 
2026-02-15 13:15:32,035 - INFO - Round 59/100
2026-02-15 13:15:32,290 - INFO -   Silhouette: 0.2672 | School ROC: 0.5531 F1: 0.5287 | Project ROC: 0.4994 F1: 0.1923 
2026-02-15 13:15:32,291 - INFO - Round 60/100
2026-02-15 13:15:32,525 - INFO -   Silhouette: 0.2160 | School ROC: 0.6064 F1: 0.5889 | Project ROC: 0.5053 F1: 0.2264 
2026-02-15 13:15:32,526 - INFO - Round 61/100
2026-02-15 13:15:32,803 - INFO -   Silhouette: 0.2211 | School ROC: 0.6192 F1: 0.5882 | Project ROC: 0.5324 F1: 0.2453 
2026-02-15 13:15:32,803 - INFO - Round 62/100
2026-02-15 13:15:33,075 - INFO -   Silhouette: 0.1612 | School ROC: 0.6860 F1: 0.6413 | Project ROC: 0.5258 F1: 0.2308 ✓
2026-02-15 13:15:33,076 - INFO - Round 63/100
2026-02-15 13:15:33,384 - INFO -   Silhouette: 0.3103 | School ROC: 0.5976 F1: 0.5746 | Project ROC: 0.5661 F1: 0.2745 ✓
2026-02-15 13:15:33,384 - INFO - Round 64/100
2026-02-15 13:15:33,628 - INFO -   Silhouette: 0.1746 | School ROC: 0.6234 F1: 0.5967 | Project ROC: 0.5810 F1: 0.2143 
2026-02-15 13:15:33,628 - INFO - Round 65/100
2026-02-15 13:15:33,919 - INFO -   Silhouette: 0.2434 | School ROC: 0.5830 F1: 0.5778 | Project ROC: 0.5677 F1: 0.2524 
2026-02-15 13:15:33,919 - INFO - Round 66/100
2026-02-15 13:15:34,291 - INFO -   Silhouette: 0.2270 | School ROC: 0.6467 F1: 0.6170 | Project ROC: 0.5353 F1: 0.2056 
2026-02-15 13:15:34,292 - INFO - Round 67/100
2026-02-15 13:15:34,624 - INFO -   Silhouette: 0.2865 | School ROC: 0.6378 F1: 0.6044 | Project ROC: 0.5344 F1: 0.2301 
2026-02-15 13:15:34,624 - INFO - Round 68/100
2026-02-15 13:15:34,875 - INFO -   Silhouette: 0.2368 | School ROC: 0.5975 F1: 0.5424 | Project ROC: 0.4825 F1: 0.1942 
2026-02-15 13:15:34,875 - INFO - Round 69/100
2026-02-15 13:15:35,184 - INFO -   Silhouette: 0.2630 | School ROC: 0.6335 F1: 0.6145 | Project ROC: 0.5544 F1: 0.1923 
2026-02-15 13:15:35,184 - INFO - Round 70/100
2026-02-15 13:15:35,510 - INFO -   Silhouette: 0.2222 | School ROC: 0.5964 F1: 0.5838 | Project ROC: 0.5045 F1: 0.1835 
2026-02-15 13:15:35,510 - INFO - Round 71/100
2026-02-15 13:15:35,819 - INFO -   Silhouette: 0.1885 | School ROC: 0.6171 F1: 0.5595 | Project ROC: 0.6033 F1: 0.2637 
2026-02-15 13:15:35,819 - INFO - Round 72/100
2026-02-15 13:15:36,078 - INFO -   Silhouette: 0.2275 | School ROC: 0.6578 F1: 0.6146 | Project ROC: 0.5712 F1: 0.2308 
2026-02-15 13:15:36,078 - INFO - Round 73/100
2026-02-15 13:15:36,304 - INFO -   Silhouette: 0.2801 | School ROC: 0.6569 F1: 0.5824 | Project ROC: 0.4946 F1: 0.2182 
2026-02-15 13:15:36,304 - INFO - Round 74/100
2026-02-15 13:15:36,518 - INFO -   Silhouette: 0.2338 | School ROC: 0.5847 F1: 0.5698 | Project ROC: 0.4851 F1: 0.1600 
2026-02-15 13:15:36,518 - INFO - Round 75/100
2026-02-15 13:15:36,902 - INFO -   Silhouette: 0.2345 | School ROC: 0.6040 F1: 0.5938 | Project ROC: 0.5392 F1: 0.2105 
2026-02-15 13:15:36,902 - INFO - Round 76/100
2026-02-15 13:15:37,193 - INFO -   Silhouette: 0.2049 | School ROC: 0.6619 F1: 0.6196 | Project ROC: 0.5716 F1: 0.2435 
2026-02-15 13:15:37,194 - INFO - Round 77/100
2026-02-15 13:15:37,459 - INFO -   Silhouette: 0.2897 | School ROC: 0.5870 F1: 0.5667 | Project ROC: 0.5105 F1: 0.1782 
2026-02-15 13:15:37,459 - INFO - Round 78/100
2026-02-15 13:15:37,723 - INFO -   Silhouette: 0.2484 | School ROC: 0.6297 F1: 0.6154 | Project ROC: 0.5552 F1: 0.2095 
2026-02-15 13:15:37,723 - INFO - Round 79/100
2026-02-15 13:15:37,959 - INFO -   Silhouette: 0.2283 | School ROC: 0.6023 F1: 0.5902 | Project ROC: 0.5200 F1: 0.2000 
2026-02-15 13:15:37,959 - INFO - Round 80/100
2026-02-15 13:15:38,211 - INFO -   Silhouette: 0.2618 | School ROC: 0.6307 F1: 0.6448 | Project ROC: 0.5684 F1: 0.2243 
2026-02-15 13:15:38,211 - INFO - Round 81/100
2026-02-15 13:15:38,576 - INFO -   Silhouette: 0.1991 | School ROC: 0.6356 F1: 0.6118 | Project ROC: 0.5641 F1: 0.2476 
2026-02-15 13:15:38,576 - INFO - Round 82/100
2026-02-15 13:15:38,870 - INFO -   Silhouette: 0.2192 | School ROC: 0.6566 F1: 0.6127 | Project ROC: 0.5559 F1: 0.2407 
2026-02-15 13:15:38,871 - INFO - Round 83/100
2026-02-15 13:15:39,205 - INFO -   Silhouette: 0.2316 | School ROC: 0.5936 F1: 0.6011 | Project ROC: 0.5277 F1: 0.1782 
2026-02-15 13:15:39,205 - INFO - Round 84/100
2026-02-15 13:15:39,498 - INFO -   Silhouette: 0.2274 | School ROC: 0.6952 F1: 0.6630 | Project ROC: 0.5546 F1: 0.2105 ✓
2026-02-15 13:15:39,499 - INFO - Round 85/100
2026-02-15 13:15:39,726 - INFO -   Silhouette: 0.3270 | School ROC: 0.6439 F1: 0.6413 | Project ROC: 0.5535 F1: 0.2095 ✓
2026-02-15 13:15:39,727 - INFO - Round 86/100
2026-02-15 13:15:40,085 - INFO -   Silhouette: 0.2576 | School ROC: 0.6335 F1: 0.5978 | Project ROC: 0.5133 F1: 0.2264 
2026-02-15 13:15:40,086 - INFO - Round 87/100
2026-02-15 13:15:40,361 - INFO -   Silhouette: 0.2293 | School ROC: 0.6158 F1: 0.6129 | Project ROC: 0.5165 F1: 0.2202 
2026-02-15 13:15:40,361 - INFO - Round 88/100
2026-02-15 13:15:40,611 - INFO -   Silhouette: 0.2263 | School ROC: 0.6197 F1: 0.5763 | Project ROC: 0.5276 F1: 0.1887 
2026-02-15 13:15:40,611 - INFO - Round 89/100
2026-02-15 13:15:40,925 - INFO -   Silhouette: 0.2172 | School ROC: 0.6485 F1: 0.6524 | Project ROC: 0.5731 F1: 0.2609 ✓
2026-02-15 13:15:40,925 - INFO - Round 90/100
2026-02-15 13:15:41,210 - INFO -   Silhouette: 0.2026 | School ROC: 0.6028 F1: 0.5402 | Project ROC: 0.5715 F1: 0.2264 
2026-02-15 13:15:41,210 - INFO - Round 91/100
2026-02-15 13:15:41,485 - INFO -   Silhouette: 0.2046 | School ROC: 0.6498 F1: 0.6022 | Project ROC: 0.5692 F1: 0.2342 
2026-02-15 13:15:41,486 - INFO - Round 92/100
2026-02-15 13:15:41,731 - INFO -   Silhouette: 0.1760 | School ROC: 0.5712 F1: 0.5792 | Project ROC: 0.4837 F1: 0.1731 
2026-02-15 13:15:41,732 - INFO - Round 93/100
2026-02-15 13:15:42,023 - INFO -   Silhouette: 0.2965 | School ROC: 0.6552 F1: 0.6032 | Project ROC: 0.5279 F1: 0.1930 
2026-02-15 13:15:42,023 - INFO - Round 94/100
2026-02-15 13:15:42,261 - INFO -   Silhouette: 0.2294 | School ROC: 0.6353 F1: 0.5714 | Project ROC: 0.5104 F1: 0.1835 
2026-02-15 13:15:42,262 - INFO - Round 95/100
2026-02-15 13:15:42,566 - INFO -   Silhouette: 0.1936 | School ROC: 0.6397 F1: 0.5876 | Project ROC: 0.5124 F1: 0.2200 
2026-02-15 13:15:42,566 - INFO - Round 96/100
2026-02-15 13:15:42,849 - INFO -   Silhouette: 0.2176 | School ROC: 0.6145 F1: 0.5814 | Project ROC: 0.5197 F1: 0.2136 
2026-02-15 13:15:42,849 - INFO - Round 97/100
2026-02-15 13:15:43,085 - INFO -   Silhouette: 0.1956 | School ROC: 0.6392 F1: 0.5829 | Project ROC: 0.5088 F1: 0.2200 
2026-02-15 13:15:43,086 - INFO - Round 98/100
2026-02-15 13:15:43,370 - INFO -   Silhouette: 0.2385 | School ROC: 0.6184 F1: 0.6044 | Project ROC: 0.5204 F1: 0.1964 
2026-02-15 13:15:43,370 - INFO - Round 99/100
2026-02-15 13:15:43,679 - INFO -   Silhouette: 0.2216 | School ROC: 0.6383 F1: 0.5943 | Project ROC: 0.5414 F1: 0.2385 
2026-02-15 13:15:43,680 - INFO - Round 100/100
2026-02-15 13:15:43,916 - INFO -   Silhouette: 0.2006 | School ROC: 0.6568 F1: 0.6054 | Project ROC: 0.5673 F1: 0.2500 
2026-02-15 13:15:46,510 - INFO - Convergence plots saved to /home/dev/work_main/random/assesment/k_means_selected/gemma3-12B_cv_convergence_plots.png
2026-02-15 13:15:49,191 - INFO - Focused correlation analysis saved to /home/dev/work_main/random/assesment/k_means_selected/gemma3-12B_cv_silhouette_correlation.png
2026-02-15 13:15:49,191 - INFO - Correlation values saved to /home/dev/work_main/random/assesment/k_means_selected/gemma3-12B_cv_silhouette_correlations.json
2026-02-15 13:15:49,191 - INFO - Silhouette Correlation Summary:
2026-02-15 13:15:49,191 - INFO -   • Silhouette vs School ROC AUC: R=-0.121 (WEAK negative)
2026-02-15 13:15:49,191 - INFO -   • Silhouette vs Project ROC AUC: R=-0.139 (WEAK negative)
2026-02-15 13:15:49,191 - INFO -   • Silhouette vs Avg. ROC AUC: R=-0.156 (WEAK negative)
2026-02-15 13:15:49,191 - INFO -   • Silhouette vs School F1 Score: R=-0.044 (WEAK negative)
2026-02-15 13:15:49,191 - INFO -   • Silhouette vs Project F1 Score: R=-0.125 (WEAK negative)
2026-02-15 13:15:49,192 - INFO -   • Silhouette vs Avg. F1 Score: R=-0.107 (WEAK negative)
2026-02-15 13:15:49,192 - INFO - Experiment completed!
2026-02-15 13:19:36,975 - INFO - 
======================================================================
2026-02-15 13:19:36,975 - INFO - CLASS DISTRIBUTION DIAGNOSTICS
2026-02-15 13:19:36,975 - INFO - ======================================================================
2026-02-15 13:19:36,976 - INFO - 
school_participation_flag:
2026-02-15 13:19:36,976 - INFO -   Class 0 (negative): 309 samples (54.12%)
2026-02-15 13:19:36,976 - INFO -   Class 1 (positive): 262 samples (45.88%)
2026-02-15 13:19:36,976 - INFO - 
project_participation_flag:
2026-02-15 13:19:36,977 - INFO -   Class 0 (negative): 494 samples (86.51%)
2026-02-15 13:19:36,977 - INFO -   Class 1 (positive): 77 samples (13.49%)
2026-02-15 13:19:36,977 - INFO - ======================================================================

2026-02-15 13:19:36,977 - INFO - Initialized experiment: K=10, feature_mode='mean'
2026-02-15 13:19:36,977 - INFO - Starting experiment: gemma3-12B_cv
2026-02-15 13:19:36,978 - INFO - Research focus: Correlation between unsupervised clustering (Silhouette) and supervised metrics
2026-02-15 13:19:36,978 - INFO - Round 1/100
2026-02-15 13:19:37,309 - INFO -   Silhouette: 0.2315 | School ROC: 0.6307 F1: 0.5665 | Project ROC: 0.5357 F1: 0.1913 ✓
2026-02-15 13:19:37,309 - INFO -     📊 Silhouette improvement → Avg ROC: 0.5832 | Avg F1: 0.3789 | F1/ROC ratio: 0.6496 (F1 < ROC (conservative predictions))
2026-02-15 13:19:37,309 - INFO - Round 2/100
2026-02-15 13:19:37,572 - INFO -   Silhouette: 0.2264 | School ROC: 0.6408 F1: 0.6374 | Project ROC: 0.5795 F1: 0.2680 ✓
2026-02-15 13:19:37,572 - INFO - Round 3/100
2026-02-15 13:19:37,915 - INFO -   Silhouette: 0.2023 | School ROC: 0.6441 F1: 0.6042 | Project ROC: 0.5642 F1: 0.2523 ✓
2026-02-15 13:19:37,915 - INFO - Round 4/100
2026-02-15 13:19:38,349 - INFO -   Silhouette: 0.2353 | School ROC: 0.6323 F1: 0.5783 | Project ROC: 0.5652 F1: 0.2626 ✓
2026-02-15 13:19:38,350 - INFO -     📊 Silhouette improvement → Avg ROC: 0.5988 | Avg F1: 0.4205 | F1/ROC ratio: 0.7022 (F1 < ROC (conservative predictions))
2026-02-15 13:19:38,350 - INFO - Round 5/100
2026-02-15 13:19:38,636 - INFO -   Silhouette: 0.1948 | School ROC: 0.6406 F1: 0.5952 | Project ROC: 0.5480 F1: 0.2087 
2026-02-15 13:19:38,636 - INFO - Round 6/100
2026-02-15 13:19:38,930 - INFO -   Silhouette: 0.1880 | School ROC: 0.6239 F1: 0.5680 | Project ROC: 0.5506 F1: 0.2041 
2026-02-15 13:19:38,930 - INFO - Round 7/100
2026-02-15 13:19:39,183 - INFO -   Silhouette: 0.2157 | School ROC: 0.6633 F1: 0.6448 | Project ROC: 0.5619 F1: 0.2286 ✓
2026-02-15 13:19:39,184 - INFO - Round 8/100
2026-02-15 13:19:39,512 - INFO -   Silhouette: 0.2091 | School ROC: 0.6213 F1: 0.5714 | Project ROC: 0.5031 F1: 0.1682 
2026-02-15 13:19:39,512 - INFO - Round 9/100
2026-02-15 13:19:39,791 - INFO -   Silhouette: 0.2319 | School ROC: 0.6122 F1: 0.5967 | Project ROC: 0.5191 F1: 0.2056 
2026-02-15 13:19:39,791 - INFO - Round 10/100
2026-02-15 13:19:40,158 - INFO -   Silhouette: 0.2783 | School ROC: 0.6367 F1: 0.6237 | Project ROC: 0.5152 F1: 0.2018 ✓
2026-02-15 13:19:40,158 - INFO -     📊 Silhouette improvement → Avg ROC: 0.5759 | Avg F1: 0.4127 | F1/ROC ratio: 0.7167 (F1 < ROC (conservative predictions))
2026-02-15 13:19:40,159 - INFO - Round 11/100
2026-02-15 13:19:40,437 - INFO -   Silhouette: 0.2512 | School ROC: 0.6330 F1: 0.5978 | Project ROC: 0.5409 F1: 0.2435 
2026-02-15 13:19:40,437 - INFO - Round 12/100
2026-02-15 13:19:40,882 - INFO -   Silhouette: 0.2460 | School ROC: 0.6021 F1: 0.5876 | Project ROC: 0.5306 F1: 0.1818 
2026-02-15 13:19:40,882 - INFO - Round 13/100
2026-02-15 13:19:41,275 - INFO -   Silhouette: 0.2358 | School ROC: 0.5688 F1: 0.5745 | Project ROC: 0.5419 F1: 0.2202 
2026-02-15 13:19:41,275 - INFO - Round 14/100
2026-02-15 13:19:41,556 - INFO -   Silhouette: 0.1881 | School ROC: 0.6286 F1: 0.6087 | Project ROC: 0.5607 F1: 0.2430 
2026-02-15 13:19:41,556 - INFO - Round 15/100
2026-02-15 13:19:41,958 - INFO -   Silhouette: 0.2089 | School ROC: 0.6776 F1: 0.6444 | Project ROC: 0.5810 F1: 0.2456 ✓
2026-02-15 13:19:41,958 - INFO - Round 16/100
2026-02-15 13:19:42,268 - INFO -   Silhouette: 0.2730 | School ROC: 0.6095 F1: 0.5824 | Project ROC: 0.5337 F1: 0.2321 
2026-02-15 13:19:42,268 - INFO - Round 17/100
2026-02-15 13:19:42,599 - INFO -   Silhouette: 0.2462 | School ROC: 0.6627 F1: 0.6180 | Project ROC: 0.5344 F1: 0.2393 
2026-02-15 13:19:42,599 - INFO - Round 18/100
2026-02-15 13:19:42,985 - INFO -   Silhouette: 0.2077 | School ROC: 0.6456 F1: 0.6092 | Project ROC: 0.5781 F1: 0.2202 
2026-02-15 13:19:42,986 - INFO - Round 19/100
2026-02-15 13:19:43,396 - INFO -   Silhouette: 0.2472 | School ROC: 0.6261 F1: 0.5955 | Project ROC: 0.5607 F1: 0.2393 
2026-02-15 13:19:43,397 - INFO - Round 20/100
2026-02-15 13:19:43,671 - INFO -   Silhouette: 0.2626 | School ROC: 0.6258 F1: 0.5778 | Project ROC: 0.5273 F1: 0.2075 
2026-02-15 13:19:43,672 - INFO - Round 21/100
2026-02-15 13:19:43,909 - INFO -   Silhouette: 0.2026 | School ROC: 0.6241 F1: 0.6196 | Project ROC: 0.4917 F1: 0.2000 
2026-02-15 13:19:43,910 - INFO - Round 22/100
2026-02-15 13:19:44,265 - INFO -   Silhouette: 0.2676 | School ROC: 0.6073 F1: 0.6032 | Project ROC: 0.4818 F1: 0.1852 
2026-02-15 13:19:44,265 - INFO - Round 23/100
2026-02-15 13:19:44,531 - INFO -   Silhouette: 0.2598 | School ROC: 0.6408 F1: 0.5682 | Project ROC: 0.5645 F1: 0.2182 
2026-02-15 13:19:44,531 - INFO - Round 24/100
2026-02-15 13:19:44,824 - INFO -   Silhouette: 0.2661 | School ROC: 0.6401 F1: 0.6105 | Project ROC: 0.5465 F1: 0.2202 
2026-02-15 13:19:44,824 - INFO - Round 25/100
2026-02-15 13:19:45,111 - INFO -   Silhouette: 0.2708 | School ROC: 0.6090 F1: 0.6092 | Project ROC: 0.5433 F1: 0.2222 
2026-02-15 13:19:45,111 - INFO - Round 26/100
2026-02-15 13:19:45,423 - INFO -   Silhouette: 0.2352 | School ROC: 0.5849 F1: 0.5424 | Project ROC: 0.5029 F1: 0.2083 
2026-02-15 13:19:45,423 - INFO - Round 27/100
2026-02-15 13:19:45,692 - INFO -   Silhouette: 0.2301 | School ROC: 0.6405 F1: 0.6180 | Project ROC: 0.4974 F1: 0.1961 
2026-02-15 13:19:45,692 - INFO - Round 28/100
2026-02-15 13:19:45,973 - INFO -   Silhouette: 0.2251 | School ROC: 0.5826 F1: 0.5946 | Project ROC: 0.5121 F1: 0.2095 
2026-02-15 13:19:45,974 - INFO - Round 29/100
2026-02-15 13:19:46,237 - INFO -   Silhouette: 0.2137 | School ROC: 0.6592 F1: 0.6593 | Project ROC: 0.5020 F1: 0.1869 ✓
2026-02-15 13:19:46,237 - INFO - Round 30/100
2026-02-15 13:19:46,510 - INFO -   Silhouette: 0.2789 | School ROC: 0.6015 F1: 0.5778 | Project ROC: 0.4628 F1: 0.1698 ✓
2026-02-15 13:19:46,511 - INFO -     📊 Silhouette improvement → Avg ROC: 0.5322 | Avg F1: 0.3738 | F1/ROC ratio: 0.7024 (F1 < ROC (conservative predictions))
2026-02-15 13:19:46,511 - INFO - Round 31/100
2026-02-15 13:19:46,772 - INFO -   Silhouette: 0.2074 | School ROC: 0.6179 F1: 0.5889 | Project ROC: 0.5347 F1: 0.2243 
2026-02-15 13:19:46,772 - INFO - Round 32/100
2026-02-15 13:19:47,089 - INFO -   Silhouette: 0.2038 | School ROC: 0.6136 F1: 0.5862 | Project ROC: 0.5537 F1: 0.2500 
2026-02-15 13:19:47,089 - INFO - Round 33/100
2026-02-15 13:19:47,406 - INFO -   Silhouette: 0.1889 | School ROC: 0.6040 F1: 0.6000 | Project ROC: 0.5481 F1: 0.2342 
2026-02-15 13:19:47,407 - INFO - Round 34/100
2026-02-15 13:19:47,670 - INFO -   Silhouette: 0.2273 | School ROC: 0.6213 F1: 0.5843 | Project ROC: 0.5925 F1: 0.2376 ✓
2026-02-15 13:19:47,670 - INFO - Round 35/100
2026-02-15 13:19:47,912 - INFO -   Silhouette: 0.1630 | School ROC: 0.5998 F1: 0.5595 | Project ROC: 0.5350 F1: 0.2268 
2026-02-15 13:19:47,912 - INFO - Round 36/100
2026-02-15 13:19:48,205 - INFO -   Silhouette: 0.2319 | School ROC: 0.5895 F1: 0.5902 | Project ROC: 0.5554 F1: 0.2200 
2026-02-15 13:19:48,206 - INFO - Round 37/100
2026-02-15 13:19:48,513 - INFO -   Silhouette: 0.1999 | School ROC: 0.6454 F1: 0.6304 | Project ROC: 0.5881 F1: 0.2456 
2026-02-15 13:19:48,513 - INFO - Round 38/100
2026-02-15 13:19:48,778 - INFO -   Silhouette: 0.2314 | School ROC: 0.6092 F1: 0.5889 | Project ROC: 0.5454 F1: 0.2321 
2026-02-15 13:19:48,779 - INFO - Round 39/100
2026-02-15 13:19:49,008 - INFO -   Silhouette: 0.2159 | School ROC: 0.6254 F1: 0.6145 | Project ROC: 0.5333 F1: 0.2200 
2026-02-15 13:19:49,008 - INFO - Round 40/100
2026-02-15 13:19:49,280 - INFO -   Silhouette: 0.2601 | School ROC: 0.5672 F1: 0.5730 | Project ROC: 0.5061 F1: 0.1569 
2026-02-15 13:19:49,281 - INFO - Round 41/100
2026-02-15 13:19:49,551 - INFO -   Silhouette: 0.2639 | School ROC: 0.6267 F1: 0.6243 | Project ROC: 0.5255 F1: 0.1982 
2026-02-15 13:19:49,552 - INFO - Round 42/100
2026-02-15 13:19:49,828 - INFO -   Silhouette: 0.2500 | School ROC: 0.6032 F1: 0.5730 | Project ROC: 0.5610 F1: 0.2243 
2026-02-15 13:19:49,828 - INFO - Round 43/100
2026-02-15 13:19:50,079 - INFO -   Silhouette: 0.2581 | School ROC: 0.6600 F1: 0.6092 | Project ROC: 0.5490 F1: 0.2586 
2026-02-15 13:19:50,079 - INFO - Round 44/100
2026-02-15 13:19:50,350 - INFO -   Silhouette: 0.2121 | School ROC: 0.6254 F1: 0.5635 | Project ROC: 0.5214 F1: 0.2115 
2026-02-15 13:19:50,350 - INFO - Round 45/100
2026-02-15 13:19:50,649 - INFO -   Silhouette: 0.1922 | School ROC: 0.6069 F1: 0.5967 | Project ROC: 0.5528 F1: 0.2157 
2026-02-15 13:19:50,650 - INFO - Round 46/100
2026-02-15 13:19:50,937 - INFO -   Silhouette: 0.2066 | School ROC: 0.5708 F1: 0.5926 | Project ROC: 0.5305 F1: 0.1935 
2026-02-15 13:19:50,938 - INFO - Round 47/100
2026-02-15 13:19:51,212 - INFO -   Silhouette: 0.2542 | School ROC: 0.6676 F1: 0.6111 | Project ROC: 0.5718 F1: 0.2162 
2026-02-15 13:19:51,212 - INFO - Round 48/100
2026-02-15 13:19:51,449 - INFO -   Silhouette: 0.2629 | School ROC: 0.5959 F1: 0.5909 | Project ROC: 0.6094 F1: 0.2574 ✓
2026-02-15 13:19:51,450 - INFO - Round 49/100
2026-02-15 13:19:51,725 - INFO -   Silhouette: 0.2204 | School ROC: 0.6349 F1: 0.5848 | Project ROC: 0.5559 F1: 0.2157 
2026-02-15 13:19:51,726 - INFO - Round 50/100
2026-02-15 13:19:52,123 - INFO -   Silhouette: 0.2538 | School ROC: 0.6217 F1: 0.5652 | Project ROC: 0.5477 F1: 0.2124 
2026-02-15 13:19:52,123 - INFO - Round 51/100
2026-02-15 13:19:52,354 - INFO -   Silhouette: 0.2696 | School ROC: 0.5444 F1: 0.5318 | Project ROC: 0.4648 F1: 0.1905 
2026-02-15 13:19:52,355 - INFO - Round 52/100
2026-02-15 13:19:52,602 - INFO -   Silhouette: 0.2287 | School ROC: 0.6610 F1: 0.6171 | Project ROC: 0.5719 F1: 0.2342 
2026-02-15 13:19:52,603 - INFO - Round 53/100
2026-02-15 13:19:52,915 - INFO -   Silhouette: 0.2522 | School ROC: 0.6356 F1: 0.6224 | Project ROC: 0.5338 F1: 0.2203 
2026-02-15 13:19:52,915 - INFO - Round 54/100
2026-02-15 13:19:53,111 - INFO -   Silhouette: 0.2736 | School ROC: 0.6415 F1: 0.5909 | Project ROC: 0.5953 F1: 0.2500 
2026-02-15 13:19:53,111 - INFO - Round 55/100
2026-02-15 13:19:53,383 - INFO -   Silhouette: 0.2551 | School ROC: 0.6197 F1: 0.5922 | Project ROC: 0.5388 F1: 0.2542 
2026-02-15 13:19:53,383 - INFO - Round 56/100
2026-02-15 13:19:53,642 - INFO -   Silhouette: 0.2324 | School ROC: 0.6215 F1: 0.6237 | Project ROC: 0.5333 F1: 0.1869 
2026-02-15 13:19:53,642 - INFO - Round 57/100
2026-02-15 13:19:53,914 - INFO -   Silhouette: 0.2228 | School ROC: 0.6110 F1: 0.5667 | Project ROC: 0.5064 F1: 0.1980 
2026-02-15 13:19:53,915 - INFO - Round 58/100
2026-02-15 13:19:54,184 - INFO -   Silhouette: 0.2461 | School ROC: 0.5768 F1: 0.5902 | Project ROC: 0.5274 F1: 0.2083 
2026-02-15 13:19:54,184 - INFO - Round 59/100
2026-02-15 13:19:54,432 - INFO -   Silhouette: 0.2672 | School ROC: 0.5531 F1: 0.5287 | Project ROC: 0.4994 F1: 0.1923 
2026-02-15 13:19:54,433 - INFO - Round 60/100
2026-02-15 13:19:54,698 - INFO -   Silhouette: 0.2160 | School ROC: 0.6064 F1: 0.5889 | Project ROC: 0.5053 F1: 0.2264 
2026-02-15 13:19:54,699 - INFO - Round 61/100
2026-02-15 13:19:54,954 - INFO -   Silhouette: 0.2211 | School ROC: 0.6192 F1: 0.5882 | Project ROC: 0.5324 F1: 0.2453 
2026-02-15 13:19:54,954 - INFO - Round 62/100
2026-02-15 13:19:55,311 - INFO -   Silhouette: 0.1612 | School ROC: 0.6860 F1: 0.6413 | Project ROC: 0.5258 F1: 0.2308 ✓
2026-02-15 13:19:55,311 - INFO - Round 63/100
2026-02-15 13:19:55,597 - INFO -   Silhouette: 0.3103 | School ROC: 0.5976 F1: 0.5746 | Project ROC: 0.5661 F1: 0.2745 ✓
2026-02-15 13:19:55,597 - INFO -     📊 Silhouette improvement → Avg ROC: 0.5818 | Avg F1: 0.4245 | F1/ROC ratio: 0.7297 (F1 < ROC (conservative predictions))
2026-02-15 13:19:55,598 - INFO - Round 64/100
2026-02-15 13:19:55,901 - INFO -   Silhouette: 0.1746 | School ROC: 0.6234 F1: 0.5967 | Project ROC: 0.5810 F1: 0.2143 
2026-02-15 13:19:55,901 - INFO - Round 65/100
2026-02-15 13:19:56,137 - INFO -   Silhouette: 0.2434 | School ROC: 0.5830 F1: 0.5778 | Project ROC: 0.5677 F1: 0.2524 
2026-02-15 13:19:56,138 - INFO - Round 66/100
2026-02-15 13:19:56,444 - INFO -   Silhouette: 0.2270 | School ROC: 0.6467 F1: 0.6170 | Project ROC: 0.5353 F1: 0.2056 
2026-02-15 13:19:56,444 - INFO - Round 67/100
2026-02-15 13:19:56,707 - INFO -   Silhouette: 0.2865 | School ROC: 0.6378 F1: 0.6044 | Project ROC: 0.5344 F1: 0.2301 
2026-02-15 13:19:56,707 - INFO - Round 68/100
2026-02-15 13:19:56,997 - INFO -   Silhouette: 0.2368 | School ROC: 0.5975 F1: 0.5424 | Project ROC: 0.4825 F1: 0.1942 
2026-02-15 13:19:56,997 - INFO - Round 69/100
2026-02-15 13:19:57,265 - INFO -   Silhouette: 0.2630 | School ROC: 0.6335 F1: 0.6145 | Project ROC: 0.5544 F1: 0.1923 
2026-02-15 13:19:57,265 - INFO - Round 70/100
2026-02-15 13:19:57,551 - INFO -   Silhouette: 0.2222 | School ROC: 0.5964 F1: 0.5838 | Project ROC: 0.5045 F1: 0.1835 
2026-02-15 13:19:57,551 - INFO - Round 71/100
2026-02-15 13:19:57,824 - INFO -   Silhouette: 0.1885 | School ROC: 0.6171 F1: 0.5595 | Project ROC: 0.6033 F1: 0.2637 
2026-02-15 13:19:57,824 - INFO - Round 72/100
2026-02-15 13:19:58,120 - INFO -   Silhouette: 0.2275 | School ROC: 0.6578 F1: 0.6146 | Project ROC: 0.5712 F1: 0.2308 
2026-02-15 13:19:58,120 - INFO - Round 73/100
2026-02-15 13:19:58,418 - INFO -   Silhouette: 0.2801 | School ROC: 0.6569 F1: 0.5824 | Project ROC: 0.4946 F1: 0.2182 
2026-02-15 13:19:58,418 - INFO - Round 74/100
2026-02-15 13:19:58,677 - INFO -   Silhouette: 0.2338 | School ROC: 0.5847 F1: 0.5698 | Project ROC: 0.4851 F1: 0.1600 
2026-02-15 13:19:58,677 - INFO - Round 75/100
2026-02-15 13:19:58,947 - INFO -   Silhouette: 0.2345 | School ROC: 0.6040 F1: 0.5938 | Project ROC: 0.5392 F1: 0.2105 
2026-02-15 13:19:58,947 - INFO - Round 76/100
2026-02-15 13:19:59,197 - INFO -   Silhouette: 0.2049 | School ROC: 0.6619 F1: 0.6196 | Project ROC: 0.5716 F1: 0.2435 
2026-02-15 13:19:59,197 - INFO - Round 77/100
2026-02-15 13:19:59,494 - INFO -   Silhouette: 0.2897 | School ROC: 0.5870 F1: 0.5667 | Project ROC: 0.5105 F1: 0.1782 
2026-02-15 13:19:59,495 - INFO - Round 78/100
2026-02-15 13:19:59,765 - INFO -   Silhouette: 0.2484 | School ROC: 0.6297 F1: 0.6154 | Project ROC: 0.5552 F1: 0.2095 
2026-02-15 13:19:59,766 - INFO - Round 79/100
2026-02-15 13:20:00,096 - INFO -   Silhouette: 0.2283 | School ROC: 0.6023 F1: 0.5902 | Project ROC: 0.5200 F1: 0.2000 
2026-02-15 13:20:00,096 - INFO - Round 80/100
2026-02-15 13:20:00,325 - INFO -   Silhouette: 0.2618 | School ROC: 0.6307 F1: 0.6448 | Project ROC: 0.5684 F1: 0.2243 
2026-02-15 13:20:00,325 - INFO - Round 81/100
2026-02-15 13:20:00,607 - INFO -   Silhouette: 0.1991 | School ROC: 0.6356 F1: 0.6118 | Project ROC: 0.5641 F1: 0.2476 
2026-02-15 13:20:00,607 - INFO - Round 82/100
2026-02-15 13:20:00,885 - INFO -   Silhouette: 0.2192 | School ROC: 0.6566 F1: 0.6127 | Project ROC: 0.5559 F1: 0.2407 
2026-02-15 13:20:00,886 - INFO - Round 83/100
2026-02-15 13:20:01,125 - INFO -   Silhouette: 0.2316 | School ROC: 0.5936 F1: 0.6011 | Project ROC: 0.5277 F1: 0.1782 
2026-02-15 13:20:01,126 - INFO - Round 84/100
2026-02-15 13:20:01,329 - INFO -   Silhouette: 0.2274 | School ROC: 0.6952 F1: 0.6630 | Project ROC: 0.5546 F1: 0.2105 ✓
2026-02-15 13:20:01,329 - INFO - Round 85/100
2026-02-15 13:20:01,692 - INFO -   Silhouette: 0.3270 | School ROC: 0.6439 F1: 0.6413 | Project ROC: 0.5535 F1: 0.2095 ✓
2026-02-15 13:20:01,692 - INFO -     📊 Silhouette improvement → Avg ROC: 0.5987 | Avg F1: 0.4254 | F1/ROC ratio: 0.7105 (F1 < ROC (conservative predictions))
2026-02-15 13:20:01,692 - INFO - Round 86/100
2026-02-15 13:20:01,963 - INFO -   Silhouette: 0.2576 | School ROC: 0.6335 F1: 0.5978 | Project ROC: 0.5133 F1: 0.2264 
2026-02-15 13:20:01,964 - INFO - Round 87/100
2026-02-15 13:20:02,248 - INFO -   Silhouette: 0.2293 | School ROC: 0.6158 F1: 0.6129 | Project ROC: 0.5165 F1: 0.2202 
2026-02-15 13:20:02,248 - INFO - Round 88/100
2026-02-15 13:20:02,584 - INFO -   Silhouette: 0.2263 | School ROC: 0.6197 F1: 0.5763 | Project ROC: 0.5276 F1: 0.1887 
2026-02-15 13:20:02,584 - INFO - Round 89/100
2026-02-15 13:20:02,875 - INFO -   Silhouette: 0.2172 | School ROC: 0.6485 F1: 0.6524 | Project ROC: 0.5731 F1: 0.2609 ✓
2026-02-15 13:20:02,875 - INFO - Round 90/100
2026-02-15 13:20:03,253 - INFO -   Silhouette: 0.2026 | School ROC: 0.6028 F1: 0.5402 | Project ROC: 0.5715 F1: 0.2264 
2026-02-15 13:20:03,254 - INFO - Round 91/100
2026-02-15 13:20:03,579 - INFO -   Silhouette: 0.2046 | School ROC: 0.6498 F1: 0.6022 | Project ROC: 0.5692 F1: 0.2342 
2026-02-15 13:20:03,579 - INFO - Round 92/100
2026-02-15 13:20:03,914 - INFO -   Silhouette: 0.1760 | School ROC: 0.5712 F1: 0.5792 | Project ROC: 0.4837 F1: 0.1731 
2026-02-15 13:20:03,914 - INFO - Round 93/100
2026-02-15 13:20:04,214 - INFO -   Silhouette: 0.2965 | School ROC: 0.6552 F1: 0.6032 | Project ROC: 0.5279 F1: 0.1930 
2026-02-15 13:20:04,214 - INFO - Round 94/100
2026-02-15 13:20:04,639 - INFO -   Silhouette: 0.2294 | School ROC: 0.6353 F1: 0.5714 | Project ROC: 0.5104 F1: 0.1835 
2026-02-15 13:20:04,639 - INFO - Round 95/100
2026-02-15 13:20:05,006 - INFO -   Silhouette: 0.1936 | School ROC: 0.6397 F1: 0.5876 | Project ROC: 0.5124 F1: 0.2200 
2026-02-15 13:20:05,006 - INFO - Round 96/100
2026-02-15 13:20:05,246 - INFO -   Silhouette: 0.2176 | School ROC: 0.6145 F1: 0.5814 | Project ROC: 0.5197 F1: 0.2136 
2026-02-15 13:20:05,247 - INFO - Round 97/100
2026-02-15 13:20:05,516 - INFO -   Silhouette: 0.1956 | School ROC: 0.6392 F1: 0.5829 | Project ROC: 0.5088 F1: 0.2200 
2026-02-15 13:20:05,516 - INFO - Round 98/100
2026-02-15 13:20:05,779 - INFO -   Silhouette: 0.2385 | School ROC: 0.6184 F1: 0.6044 | Project ROC: 0.5204 F1: 0.1964 
2026-02-15 13:20:05,784 - INFO - Round 99/100
2026-02-15 13:20:06,082 - INFO -   Silhouette: 0.2216 | School ROC: 0.6383 F1: 0.5943 | Project ROC: 0.5414 F1: 0.2385 
2026-02-15 13:20:06,083 - INFO - Round 100/100
2026-02-15 13:20:06,381 - INFO -   Silhouette: 0.2006 | School ROC: 0.6568 F1: 0.6054 | Project ROC: 0.5673 F1: 0.2500 
2026-02-15 13:20:08,845 - INFO - Convergence plots saved to /home/dev/work_main/random/assesment/k_means_selected/gemma3-12B_cv_convergence_plots.png
2026-02-15 13:20:11,532 - INFO - Focused correlation analysis saved to /home/dev/work_main/random/assesment/k_means_selected/gemma3-12B_cv_silhouette_correlation.png
2026-02-15 13:20:11,532 - INFO - Correlation values saved to /home/dev/work_main/random/assesment/k_means_selected/gemma3-12B_cv_silhouette_correlations.json
2026-02-15 13:20:11,532 - INFO - Silhouette Correlation Summary:
2026-02-15 13:20:11,532 - INFO -   • Silhouette vs School ROC AUC: R=-0.121 (WEAK negative)
2026-02-15 13:20:11,532 - INFO -   • Silhouette vs Project ROC AUC: R=-0.139 (WEAK negative)
2026-02-15 13:20:11,532 - INFO -   • Silhouette vs Avg. ROC AUC: R=-0.156 (WEAK negative)
2026-02-15 13:20:11,532 - INFO -   • Silhouette vs School F1 Score: R=-0.044 (WEAK negative)
2026-02-15 13:20:11,532 - INFO -   • Silhouette vs Project F1 Score: R=-0.125 (WEAK negative)
2026-02-15 13:20:11,532 - INFO -   • Silhouette vs Avg. F1 Score: R=-0.107 (WEAK negative)
2026-02-15 13:20:11,533 - INFO - Experiment completed!
2026-02-15 13:29:22,314 - INFO - 
======================================================================
2026-02-15 13:29:22,314 - INFO - CLASS DISTRIBUTION DIAGNOSTICS
2026-02-15 13:29:22,314 - INFO - ======================================================================
2026-02-15 13:29:22,315 - INFO - 
school_participation_flag:
2026-02-15 13:29:22,315 - INFO -   Class 0 (negative): 309 samples (54.12%)
2026-02-15 13:29:22,315 - INFO -   Class 1 (positive): 262 samples (45.88%)
2026-02-15 13:29:22,316 - INFO - 
project_participation_flag:
2026-02-15 13:29:22,316 - INFO -   Class 0 (negative): 494 samples (86.51%)
2026-02-15 13:29:22,316 - INFO -   Class 1 (positive): 77 samples (13.49%)
2026-02-15 13:29:22,316 - INFO - ======================================================================

2026-02-15 13:29:22,317 - INFO - Initialized experiment: K=10, feature_mode='mean'
2026-02-15 13:29:22,317 - INFO - Starting experiment: gemma3-12B_cv
2026-02-15 13:29:22,317 - INFO - Research focus: Correlation between unsupervised clustering (Silhouette) and supervised metrics
2026-02-15 13:29:22,317 - INFO - Round 1/100
2026-02-15 13:29:22,601 - INFO -   Silhouette: 0.2315 | School ROC: 0.6307 F1: 0.5665 | Project ROC: 0.5357 F1: 0.1913 ✓
2026-02-15 13:29:22,601 - INFO -     📊 Silhouette improvement → Avg ROC: 0.5832 | Avg F1: 0.3789 | F1/ROC ratio: 0.6496 (F1 < ROC (conservative predictions))
2026-02-15 13:29:22,601 - INFO - Round 2/100
2026-02-15 13:29:22,957 - INFO -   Silhouette: 0.2264 | School ROC: 0.6408 F1: 0.6374 | Project ROC: 0.5795 F1: 0.2680 ✓
2026-02-15 13:29:22,958 - INFO - Round 3/100
2026-02-15 13:29:23,291 - INFO -   Silhouette: 0.2023 | School ROC: 0.6441 F1: 0.6042 | Project ROC: 0.5642 F1: 0.2523 ✓
2026-02-15 13:29:23,291 - INFO - Round 4/100
2026-02-15 13:29:23,608 - INFO -   Silhouette: 0.2353 | School ROC: 0.6323 F1: 0.5783 | Project ROC: 0.5652 F1: 0.2626 ✓
2026-02-15 13:29:23,609 - INFO -     📊 Silhouette improvement → Avg ROC: 0.5988 | Avg F1: 0.4205 | F1/ROC ratio: 0.7022 (F1 < ROC (conservative predictions))
2026-02-15 13:29:23,609 - INFO - Round 5/100
2026-02-15 13:29:23,912 - INFO -   Silhouette: 0.1948 | School ROC: 0.6406 F1: 0.5952 | Project ROC: 0.5480 F1: 0.2087 
2026-02-15 13:29:23,912 - INFO - Round 6/100
2026-02-15 13:29:24,172 - INFO -   Silhouette: 0.1880 | School ROC: 0.6239 F1: 0.5680 | Project ROC: 0.5506 F1: 0.2041 
2026-02-15 13:29:24,172 - INFO - Round 7/100
2026-02-15 13:29:24,518 - INFO -   Silhouette: 0.2157 | School ROC: 0.6633 F1: 0.6448 | Project ROC: 0.5619 F1: 0.2286 ✓
2026-02-15 13:29:24,519 - INFO - Round 8/100
2026-02-15 13:29:24,796 - INFO -   Silhouette: 0.2091 | School ROC: 0.6213 F1: 0.5714 | Project ROC: 0.5031 F1: 0.1682 
2026-02-15 13:29:24,797 - INFO - Round 9/100
2026-02-15 13:29:25,178 - INFO -   Silhouette: 0.2319 | School ROC: 0.6122 F1: 0.5967 | Project ROC: 0.5191 F1: 0.2056 
2026-02-15 13:29:25,178 - INFO - Round 10/100
2026-02-15 13:29:25,587 - INFO -   Silhouette: 0.2783 | School ROC: 0.6367 F1: 0.6237 | Project ROC: 0.5152 F1: 0.2018 ✓
2026-02-15 13:29:25,588 - INFO -     📊 Silhouette improvement → Avg ROC: 0.5759 | Avg F1: 0.4127 | F1/ROC ratio: 0.7167 (F1 < ROC (conservative predictions))
2026-02-15 13:29:25,588 - INFO - Round 11/100
2026-02-15 13:29:25,915 - INFO -   Silhouette: 0.2512 | School ROC: 0.6330 F1: 0.5978 | Project ROC: 0.5409 F1: 0.2435 
2026-02-15 13:29:25,915 - INFO - Round 12/100
2026-02-15 13:29:26,312 - INFO -   Silhouette: 0.2460 | School ROC: 0.6021 F1: 0.5876 | Project ROC: 0.5306 F1: 0.1818 
2026-02-15 13:29:26,312 - INFO - Round 13/100
2026-02-15 13:29:26,623 - INFO -   Silhouette: 0.2358 | School ROC: 0.5688 F1: 0.5745 | Project ROC: 0.5419 F1: 0.2202 
2026-02-15 13:29:26,623 - INFO - Round 14/100
2026-02-15 13:29:26,915 - INFO -   Silhouette: 0.1881 | School ROC: 0.6286 F1: 0.6087 | Project ROC: 0.5607 F1: 0.2430 
2026-02-15 13:29:26,915 - INFO - Round 15/100
2026-02-15 13:29:27,243 - INFO -   Silhouette: 0.2089 | School ROC: 0.6776 F1: 0.6444 | Project ROC: 0.5810 F1: 0.2456 ✓
2026-02-15 13:29:27,243 - INFO - Round 16/100
2026-02-15 13:29:27,711 - INFO -   Silhouette: 0.2730 | School ROC: 0.6095 F1: 0.5824 | Project ROC: 0.5337 F1: 0.2321 
2026-02-15 13:29:27,711 - INFO - Round 17/100
2026-02-15 13:29:28,116 - INFO -   Silhouette: 0.2462 | School ROC: 0.6627 F1: 0.6180 | Project ROC: 0.5344 F1: 0.2393 
2026-02-15 13:29:28,116 - INFO - Round 18/100
2026-02-15 13:29:28,597 - INFO -   Silhouette: 0.2077 | School ROC: 0.6456 F1: 0.6092 | Project ROC: 0.5781 F1: 0.2202 
2026-02-15 13:29:28,597 - INFO - Round 19/100
2026-02-15 13:29:29,114 - INFO -   Silhouette: 0.2472 | School ROC: 0.6261 F1: 0.5955 | Project ROC: 0.5607 F1: 0.2393 
2026-02-15 13:29:29,115 - INFO - Round 20/100
2026-02-15 13:29:29,540 - INFO -   Silhouette: 0.2626 | School ROC: 0.6258 F1: 0.5778 | Project ROC: 0.5273 F1: 0.2075 
2026-02-15 13:29:29,540 - INFO - Round 21/100
2026-02-15 13:29:30,088 - INFO -   Silhouette: 0.2026 | School ROC: 0.6241 F1: 0.6196 | Project ROC: 0.4917 F1: 0.2000 
2026-02-15 13:29:30,089 - INFO - Round 22/100
2026-02-15 13:29:30,680 - INFO -   Silhouette: 0.2676 | School ROC: 0.6073 F1: 0.6032 | Project ROC: 0.4818 F1: 0.1852 
2026-02-15 13:29:30,681 - INFO - Round 23/100
2026-02-15 13:29:31,187 - INFO -   Silhouette: 0.2598 | School ROC: 0.6408 F1: 0.5682 | Project ROC: 0.5645 F1: 0.2182 
2026-02-15 13:29:31,187 - INFO - Round 24/100
2026-02-15 13:29:31,777 - INFO -   Silhouette: 0.2661 | School ROC: 0.6401 F1: 0.6105 | Project ROC: 0.5465 F1: 0.2202 
2026-02-15 13:29:31,777 - INFO - Round 25/100
2026-02-15 13:29:32,235 - INFO -   Silhouette: 0.2708 | School ROC: 0.6090 F1: 0.6092 | Project ROC: 0.5433 F1: 0.2222 
2026-02-15 13:29:32,236 - INFO - Round 26/100
2026-02-15 13:29:32,550 - INFO -   Silhouette: 0.2352 | School ROC: 0.5849 F1: 0.5424 | Project ROC: 0.5029 F1: 0.2083 
2026-02-15 13:29:32,550 - INFO - Round 27/100
2026-02-15 13:29:33,099 - INFO -   Silhouette: 0.2301 | School ROC: 0.6405 F1: 0.6180 | Project ROC: 0.4974 F1: 0.1961 
2026-02-15 13:29:33,104 - INFO - Round 28/100
2026-02-15 13:29:33,541 - INFO -   Silhouette: 0.2251 | School ROC: 0.5826 F1: 0.5946 | Project ROC: 0.5121 F1: 0.2095 
2026-02-15 13:29:33,541 - INFO - Round 29/100
2026-02-15 13:29:33,989 - INFO -   Silhouette: 0.2137 | School ROC: 0.6592 F1: 0.6593 | Project ROC: 0.5020 F1: 0.1869 ✓
2026-02-15 13:29:33,989 - INFO - Round 30/100
2026-02-15 13:29:34,423 - INFO -   Silhouette: 0.2789 | School ROC: 0.6015 F1: 0.5778 | Project ROC: 0.4628 F1: 0.1698 ✓
2026-02-15 13:29:34,423 - INFO -     📊 Silhouette improvement → Avg ROC: 0.5322 | Avg F1: 0.3738 | F1/ROC ratio: 0.7024 (F1 < ROC (conservative predictions))
2026-02-15 13:29:34,423 - INFO - Round 31/100
2026-02-15 13:29:34,787 - INFO -   Silhouette: 0.2074 | School ROC: 0.6179 F1: 0.5889 | Project ROC: 0.5347 F1: 0.2243 
2026-02-15 13:29:34,788 - INFO - Round 32/100
2026-02-15 13:29:35,288 - INFO -   Silhouette: 0.2038 | School ROC: 0.6136 F1: 0.5862 | Project ROC: 0.5537 F1: 0.2500 
2026-02-15 13:29:35,288 - INFO - Round 33/100
2026-02-15 13:29:35,698 - INFO -   Silhouette: 0.1889 | School ROC: 0.6040 F1: 0.6000 | Project ROC: 0.5481 F1: 0.2342 
2026-02-15 13:29:35,698 - INFO - Round 34/100
2026-02-15 13:29:36,088 - INFO -   Silhouette: 0.2273 | School ROC: 0.6213 F1: 0.5843 | Project ROC: 0.5925 F1: 0.2376 ✓
2026-02-15 13:29:36,088 - INFO - Round 35/100
2026-02-15 13:29:36,454 - INFO -   Silhouette: 0.1630 | School ROC: 0.5998 F1: 0.5595 | Project ROC: 0.5350 F1: 0.2268 
2026-02-15 13:29:36,454 - INFO - Round 36/100
2026-02-15 13:29:37,005 - INFO -   Silhouette: 0.2319 | School ROC: 0.5895 F1: 0.5902 | Project ROC: 0.5554 F1: 0.2200 
2026-02-15 13:29:37,005 - INFO - Round 37/100
2026-02-15 13:29:37,400 - INFO -   Silhouette: 0.1999 | School ROC: 0.6454 F1: 0.6304 | Project ROC: 0.5881 F1: 0.2456 
2026-02-15 13:29:37,400 - INFO - Round 38/100
2026-02-15 13:29:37,962 - INFO -   Silhouette: 0.2314 | School ROC: 0.6092 F1: 0.5889 | Project ROC: 0.5454 F1: 0.2321 
2026-02-15 13:29:37,963 - INFO - Round 39/100
2026-02-15 13:29:38,467 - INFO -   Silhouette: 0.2159 | School ROC: 0.6254 F1: 0.6145 | Project ROC: 0.5333 F1: 0.2200 
2026-02-15 13:29:38,467 - INFO - Round 40/100
2026-02-15 13:29:38,973 - INFO -   Silhouette: 0.2601 | School ROC: 0.5672 F1: 0.5730 | Project ROC: 0.5061 F1: 0.1569 
2026-02-15 13:29:38,973 - INFO - Round 41/100
2026-02-15 13:29:39,515 - INFO -   Silhouette: 0.2639 | School ROC: 0.6267 F1: 0.6243 | Project ROC: 0.5255 F1: 0.1982 
2026-02-15 13:29:39,516 - INFO - Round 42/100
2026-02-15 13:29:39,918 - INFO -   Silhouette: 0.2500 | School ROC: 0.6032 F1: 0.5730 | Project ROC: 0.5610 F1: 0.2243 
2026-02-15 13:29:39,922 - INFO - Round 43/100
2026-02-15 13:29:40,317 - INFO -   Silhouette: 0.2581 | School ROC: 0.6600 F1: 0.6092 | Project ROC: 0.5490 F1: 0.2586 
2026-02-15 13:29:40,317 - INFO - Round 44/100
2026-02-15 13:29:40,946 - INFO -   Silhouette: 0.2121 | School ROC: 0.6254 F1: 0.5635 | Project ROC: 0.5214 F1: 0.2115 
2026-02-15 13:29:40,946 - INFO - Round 45/100
2026-02-15 13:29:41,297 - INFO -   Silhouette: 0.1922 | School ROC: 0.6069 F1: 0.5967 | Project ROC: 0.5528 F1: 0.2157 
2026-02-15 13:29:41,298 - INFO - Round 46/100
2026-02-15 13:29:41,849 - INFO -   Silhouette: 0.2066 | School ROC: 0.5708 F1: 0.5926 | Project ROC: 0.5305 F1: 0.1935 
2026-02-15 13:29:41,849 - INFO - Round 47/100
2026-02-15 13:29:42,181 - INFO -   Silhouette: 0.2542 | School ROC: 0.6676 F1: 0.6111 | Project ROC: 0.5718 F1: 0.2162 
2026-02-15 13:29:42,181 - INFO - Round 48/100
2026-02-15 13:29:42,509 - INFO -   Silhouette: 0.2629 | School ROC: 0.5959 F1: 0.5909 | Project ROC: 0.6094 F1: 0.2574 ✓
2026-02-15 13:29:42,509 - INFO - Round 49/100
2026-02-15 13:29:42,914 - INFO -   Silhouette: 0.2204 | School ROC: 0.6349 F1: 0.5848 | Project ROC: 0.5559 F1: 0.2157 
2026-02-15 13:29:42,914 - INFO - Round 50/100
2026-02-15 13:29:43,366 - INFO -   Silhouette: 0.2538 | School ROC: 0.6217 F1: 0.5652 | Project ROC: 0.5477 F1: 0.2124 
2026-02-15 13:29:43,367 - INFO - Round 51/100
2026-02-15 13:29:43,812 - INFO -   Silhouette: 0.2696 | School ROC: 0.5444 F1: 0.5318 | Project ROC: 0.4648 F1: 0.1905 
2026-02-15 13:29:43,812 - INFO - Round 52/100
2026-02-15 13:29:44,221 - INFO -   Silhouette: 0.2287 | School ROC: 0.6610 F1: 0.6171 | Project ROC: 0.5719 F1: 0.2342 
2026-02-15 13:29:44,222 - INFO - Round 53/100
2026-02-15 13:29:44,679 - INFO -   Silhouette: 0.2522 | School ROC: 0.6356 F1: 0.6224 | Project ROC: 0.5338 F1: 0.2203 
2026-02-15 13:29:44,679 - INFO - Round 54/100
2026-02-15 13:29:45,073 - INFO -   Silhouette: 0.2736 | School ROC: 0.6415 F1: 0.5909 | Project ROC: 0.5953 F1: 0.2500 
2026-02-15 13:29:45,074 - INFO - Round 55/100
2026-02-15 13:29:45,364 - INFO -   Silhouette: 0.2551 | School ROC: 0.6197 F1: 0.5922 | Project ROC: 0.5388 F1: 0.2542 
2026-02-15 13:29:45,364 - INFO - Round 56/100
2026-02-15 13:29:45,747 - INFO -   Silhouette: 0.2324 | School ROC: 0.6215 F1: 0.6237 | Project ROC: 0.5333 F1: 0.1869 
2026-02-15 13:29:45,747 - INFO - Round 57/100
2026-02-15 13:29:46,160 - INFO -   Silhouette: 0.2228 | School ROC: 0.6110 F1: 0.5667 | Project ROC: 0.5064 F1: 0.1980 
2026-02-15 13:29:46,160 - INFO - Round 58/100
2026-02-15 13:29:46,553 - INFO -   Silhouette: 0.2461 | School ROC: 0.5768 F1: 0.5902 | Project ROC: 0.5274 F1: 0.2083 
2026-02-15 13:29:46,554 - INFO - Round 59/100
2026-02-15 13:29:46,963 - INFO -   Silhouette: 0.2672 | School ROC: 0.5531 F1: 0.5287 | Project ROC: 0.4994 F1: 0.1923 
2026-02-15 13:29:46,963 - INFO - Round 60/100
2026-02-15 13:29:47,352 - INFO -   Silhouette: 0.2160 | School ROC: 0.6064 F1: 0.5889 | Project ROC: 0.5053 F1: 0.2264 
2026-02-15 13:29:47,352 - INFO - Round 61/100
2026-02-15 13:29:47,768 - INFO -   Silhouette: 0.2211 | School ROC: 0.6192 F1: 0.5882 | Project ROC: 0.5324 F1: 0.2453 
2026-02-15 13:29:47,768 - INFO - Round 62/100
2026-02-15 13:29:48,227 - INFO -   Silhouette: 0.1612 | School ROC: 0.6860 F1: 0.6413 | Project ROC: 0.5258 F1: 0.2308 ✓
2026-02-15 13:29:48,228 - INFO - Round 63/100
2026-02-15 13:29:48,606 - INFO -   Silhouette: 0.3103 | School ROC: 0.5976 F1: 0.5746 | Project ROC: 0.5661 F1: 0.2745 ✓
2026-02-15 13:29:48,607 - INFO -     📊 Silhouette improvement → Avg ROC: 0.5818 | Avg F1: 0.4245 | F1/ROC ratio: 0.7297 (F1 < ROC (conservative predictions))
2026-02-15 13:29:48,607 - INFO - Round 64/100
2026-02-15 13:29:49,034 - INFO -   Silhouette: 0.1746 | School ROC: 0.6234 F1: 0.5967 | Project ROC: 0.5810 F1: 0.2143 
2026-02-15 13:29:49,034 - INFO - Round 65/100
2026-02-15 13:29:49,409 - INFO -   Silhouette: 0.2434 | School ROC: 0.5830 F1: 0.5778 | Project ROC: 0.5677 F1: 0.2524 
2026-02-15 13:29:49,409 - INFO - Round 66/100
2026-02-15 13:29:50,074 - INFO -   Silhouette: 0.2270 | School ROC: 0.6467 F1: 0.6170 | Project ROC: 0.5353 F1: 0.2056 
2026-02-15 13:29:50,074 - INFO - Round 67/100
2026-02-15 13:29:50,595 - INFO -   Silhouette: 0.2865 | School ROC: 0.6378 F1: 0.6044 | Project ROC: 0.5344 F1: 0.2301 
2026-02-15 13:29:50,595 - INFO - Round 68/100
2026-02-15 13:29:51,081 - INFO -   Silhouette: 0.2368 | School ROC: 0.5975 F1: 0.5424 | Project ROC: 0.4825 F1: 0.1942 
2026-02-15 13:29:51,081 - INFO - Round 69/100
2026-02-15 13:29:51,375 - INFO -   Silhouette: 0.2630 | School ROC: 0.6335 F1: 0.6145 | Project ROC: 0.5544 F1: 0.1923 
2026-02-15 13:29:51,375 - INFO - Round 70/100
2026-02-15 13:29:51,810 - INFO -   Silhouette: 0.2222 | School ROC: 0.5964 F1: 0.5838 | Project ROC: 0.5045 F1: 0.1835 
2026-02-15 13:29:51,810 - INFO - Round 71/100
2026-02-15 13:29:52,199 - INFO -   Silhouette: 0.1885 | School ROC: 0.6171 F1: 0.5595 | Project ROC: 0.6033 F1: 0.2637 
2026-02-15 13:29:52,199 - INFO - Round 72/100
2026-02-15 13:29:52,640 - INFO -   Silhouette: 0.2275 | School ROC: 0.6578 F1: 0.6146 | Project ROC: 0.5712 F1: 0.2308 
2026-02-15 13:29:52,640 - INFO - Round 73/100
2026-02-15 13:29:52,982 - INFO -   Silhouette: 0.2801 | School ROC: 0.6569 F1: 0.5824 | Project ROC: 0.4946 F1: 0.2182 
2026-02-15 13:29:52,982 - INFO - Round 74/100
2026-02-15 13:29:53,507 - INFO -   Silhouette: 0.2338 | School ROC: 0.5847 F1: 0.5698 | Project ROC: 0.4851 F1: 0.1600 
2026-02-15 13:29:53,508 - INFO - Round 75/100
2026-02-15 13:29:54,063 - INFO -   Silhouette: 0.2345 | School ROC: 0.6040 F1: 0.5938 | Project ROC: 0.5392 F1: 0.2105 
2026-02-15 13:29:54,064 - INFO - Round 76/100
2026-02-15 13:29:54,680 - INFO -   Silhouette: 0.2049 | School ROC: 0.6619 F1: 0.6196 | Project ROC: 0.5716 F1: 0.2435 
2026-02-15 13:29:54,680 - INFO - Round 77/100
2026-02-15 13:29:55,191 - INFO -   Silhouette: 0.2897 | School ROC: 0.5870 F1: 0.5667 | Project ROC: 0.5105 F1: 0.1782 
2026-02-15 13:29:55,191 - INFO - Round 78/100
2026-02-15 13:29:55,473 - INFO -   Silhouette: 0.2484 | School ROC: 0.6297 F1: 0.6154 | Project ROC: 0.5552 F1: 0.2095 
2026-02-15 13:29:55,474 - INFO - Round 79/100
2026-02-15 13:29:55,805 - INFO -   Silhouette: 0.2283 | School ROC: 0.6023 F1: 0.5902 | Project ROC: 0.5200 F1: 0.2000 
2026-02-15 13:29:55,806 - INFO - Round 80/100
2026-02-15 13:29:56,236 - INFO -   Silhouette: 0.2618 | School ROC: 0.6307 F1: 0.6448 | Project ROC: 0.5684 F1: 0.2243 
2026-02-15 13:29:56,237 - INFO - Round 81/100
2026-02-15 13:29:56,683 - INFO -   Silhouette: 0.1991 | School ROC: 0.6356 F1: 0.6118 | Project ROC: 0.5641 F1: 0.2476 
2026-02-15 13:29:56,684 - INFO - Round 82/100
2026-02-15 13:29:57,152 - INFO -   Silhouette: 0.2192 | School ROC: 0.6566 F1: 0.6127 | Project ROC: 0.5559 F1: 0.2407 
2026-02-15 13:29:57,152 - INFO - Round 83/100
2026-02-15 13:29:57,664 - INFO -   Silhouette: 0.2316 | School ROC: 0.5936 F1: 0.6011 | Project ROC: 0.5277 F1: 0.1782 
2026-02-15 13:29:57,665 - INFO - Round 84/100
2026-02-15 13:29:58,060 - INFO -   Silhouette: 0.2274 | School ROC: 0.6952 F1: 0.6630 | Project ROC: 0.5546 F1: 0.2105 ✓
2026-02-15 13:29:58,061 - INFO - Round 85/100
2026-02-15 13:29:58,434 - INFO -   Silhouette: 0.3270 | School ROC: 0.6439 F1: 0.6413 | Project ROC: 0.5535 F1: 0.2095 ✓
2026-02-15 13:29:58,435 - INFO -     📊 Silhouette improvement → Avg ROC: 0.5987 | Avg F1: 0.4254 | F1/ROC ratio: 0.7105 (F1 < ROC (conservative predictions))
2026-02-15 13:29:58,435 - INFO - Round 86/100
2026-02-15 13:29:58,885 - INFO -   Silhouette: 0.2576 | School ROC: 0.6335 F1: 0.5978 | Project ROC: 0.5133 F1: 0.2264 
2026-02-15 13:29:58,885 - INFO - Round 87/100
2026-02-15 13:29:59,199 - INFO -   Silhouette: 0.2293 | School ROC: 0.6158 F1: 0.6129 | Project ROC: 0.5165 F1: 0.2202 
2026-02-15 13:29:59,200 - INFO - Round 88/100
2026-02-15 13:29:59,405 - INFO -   Silhouette: 0.2263 | School ROC: 0.6197 F1: 0.5763 | Project ROC: 0.5276 F1: 0.1887 
2026-02-15 13:29:59,406 - INFO - Round 89/100
2026-02-15 13:29:59,795 - INFO -   Silhouette: 0.2172 | School ROC: 0.6485 F1: 0.6524 | Project ROC: 0.5731 F1: 0.2609 ✓
2026-02-15 13:29:59,795 - INFO - Round 90/100
2026-02-15 13:30:00,106 - INFO -   Silhouette: 0.2026 | School ROC: 0.6028 F1: 0.5402 | Project ROC: 0.5715 F1: 0.2264 
2026-02-15 13:30:00,107 - INFO - Round 91/100
2026-02-15 13:30:00,396 - INFO -   Silhouette: 0.2046 | School ROC: 0.6498 F1: 0.6022 | Project ROC: 0.5692 F1: 0.2342 
2026-02-15 13:30:00,397 - INFO - Round 92/100
2026-02-15 13:30:00,656 - INFO -   Silhouette: 0.1760 | School ROC: 0.5712 F1: 0.5792 | Project ROC: 0.4837 F1: 0.1731 
2026-02-15 13:30:00,656 - INFO - Round 93/100
2026-02-15 13:30:00,923 - INFO -   Silhouette: 0.2965 | School ROC: 0.6552 F1: 0.6032 | Project ROC: 0.5279 F1: 0.1930 
2026-02-15 13:30:00,923 - INFO - Round 94/100
2026-02-15 13:30:01,195 - INFO -   Silhouette: 0.2294 | School ROC: 0.6353 F1: 0.5714 | Project ROC: 0.5104 F1: 0.1835 
2026-02-15 13:30:01,196 - INFO - Round 95/100
2026-02-15 13:30:01,582 - INFO -   Silhouette: 0.1936 | School ROC: 0.6397 F1: 0.5876 | Project ROC: 0.5124 F1: 0.2200 
2026-02-15 13:30:01,583 - INFO - Round 96/100
2026-02-15 13:30:01,872 - INFO -   Silhouette: 0.2176 | School ROC: 0.6145 F1: 0.5814 | Project ROC: 0.5197 F1: 0.2136 
2026-02-15 13:30:01,872 - INFO - Round 97/100
2026-02-15 13:30:02,497 - INFO -   Silhouette: 0.1956 | School ROC: 0.6392 F1: 0.5829 | Project ROC: 0.5088 F1: 0.2200 
2026-02-15 13:30:02,498 - INFO - Round 98/100
2026-02-15 13:30:03,051 - INFO -   Silhouette: 0.2385 | School ROC: 0.6184 F1: 0.6044 | Project ROC: 0.5204 F1: 0.1964 
2026-02-15 13:30:03,052 - INFO - Round 99/100
2026-02-15 13:30:03,490 - INFO -   Silhouette: 0.2216 | School ROC: 0.6383 F1: 0.5943 | Project ROC: 0.5414 F1: 0.2385 
2026-02-15 13:30:03,491 - INFO - Round 100/100
2026-02-15 13:30:03,792 - INFO -   Silhouette: 0.2006 | School ROC: 0.6568 F1: 0.6054 | Project ROC: 0.5673 F1: 0.2500 
2026-02-15 13:30:06,589 - INFO - Convergence plots saved to /home/dev/work_main/random/assesment/k_means_selected/gemma3-12B_cv_convergence_plots.png
2026-02-15 13:30:09,350 - INFO - Focused correlation analysis saved to /home/dev/work_main/random/assesment/k_means_selected/gemma3-12B_cv_silhouette_correlation.png
2026-02-15 13:30:09,350 - INFO - Correlation values saved to /home/dev/work_main/random/assesment/k_means_selected/gemma3-12B_cv_silhouette_correlations.json
2026-02-15 13:30:09,350 - INFO - Silhouette Correlation Summary:
2026-02-15 13:30:09,350 - INFO -   • Silhouette vs School ROC AUC: R=-0.121 (WEAK negative)
2026-02-15 13:30:09,350 - INFO -   • Silhouette vs Project ROC AUC: R=-0.139 (WEAK negative)
2026-02-15 13:30:09,351 - INFO -   • Silhouette vs Avg. ROC AUC: R=-0.156 (WEAK negative)
2026-02-15 13:30:09,351 - INFO -   • Silhouette vs School F1 Score: R=-0.044 (WEAK negative)
2026-02-15 13:30:09,351 - INFO -   • Silhouette vs Project F1 Score: R=-0.125 (WEAK negative)
2026-02-15 13:30:09,351 - INFO -   • Silhouette vs Avg. F1 Score: R=-0.107 (WEAK negative)
2026-02-15 13:30:09,351 - INFO - Experiment completed!
2026-02-15 13:37:15,576 - INFO - 
======================================================================
2026-02-15 13:37:15,576 - INFO - CLASS DISTRIBUTION DIAGNOSTICS
2026-02-15 13:37:15,576 - INFO - ======================================================================
2026-02-15 13:37:15,577 - INFO - 
school_participation_flag:
2026-02-15 13:37:15,577 - INFO -   Class 0 (negative): 309 samples (54.12%)
2026-02-15 13:37:15,577 - INFO -   Class 1 (positive): 262 samples (45.88%)
2026-02-15 13:37:15,577 - INFO - 
project_participation_flag:
2026-02-15 13:37:15,577 - INFO -   Class 0 (negative): 494 samples (86.51%)
2026-02-15 13:37:15,577 - INFO -   Class 1 (positive): 77 samples (13.49%)
2026-02-15 13:37:15,577 - INFO - ======================================================================

2026-02-15 13:37:15,578 - INFO - Initialized experiment: K=10, feature_mode='mean'
2026-02-15 13:37:15,578 - INFO - Starting experiment: gemma3-12B_cv
2026-02-15 13:37:15,578 - INFO - Research focus: Correlation between unsupervised clustering (Silhouette) and supervised metrics
2026-02-15 13:37:15,578 - INFO - Round 1/100
2026-02-15 13:37:15,843 - INFO -   Silhouette: 0.2315 | School ROC: 0.6307 F1: 0.5665 | Project ROC: 0.5357 F1: 0.1913 ✓
2026-02-15 13:37:15,843 - INFO -     📊 Silhouette improvement → Avg ROC: 0.5832 | Avg F1: 0.3789 | F1/ROC ratio: 0.6496 (F1 < ROC (conservative predictions))
2026-02-15 13:37:15,845 - INFO - Results saved to /home/dev/work_main/random/assesment/k_means_selected/gemma3-12B_cv_results.json
2026-02-15 13:37:15,845 - INFO - Round 2/100
2026-02-15 13:37:16,198 - INFO -   Silhouette: 0.2264 | School ROC: 0.6408 F1: 0.6374 | Project ROC: 0.5795 F1: 0.2680 ✓
2026-02-15 13:37:16,199 - INFO - Results saved to /home/dev/work_main/random/assesment/k_means_selected/gemma3-12B_cv_results.json
2026-02-15 13:37:16,199 - INFO - Round 3/100
2026-02-15 13:37:16,618 - INFO -   Silhouette: 0.2023 | School ROC: 0.6441 F1: 0.6042 | Project ROC: 0.5642 F1: 0.2523 ✓
2026-02-15 13:37:16,620 - INFO - Results saved to /home/dev/work_main/random/assesment/k_means_selected/gemma3-12B_cv_results.json
2026-02-15 13:37:16,621 - INFO - Round 4/100
2026-02-15 13:37:16,962 - INFO -   Silhouette: 0.2353 | School ROC: 0.6323 F1: 0.5783 | Project ROC: 0.5652 F1: 0.2626 ✓
2026-02-15 13:37:16,962 - INFO -     📊 Silhouette improvement → Avg ROC: 0.5988 | Avg F1: 0.4205 | F1/ROC ratio: 0.7022 (F1 < ROC (conservative predictions))
2026-02-15 13:37:16,964 - INFO - Results saved to /home/dev/work_main/random/assesment/k_means_selected/gemma3-12B_cv_results.json
2026-02-15 13:37:16,964 - INFO - Round 5/100
2026-02-15 13:37:17,391 - INFO -   Silhouette: 0.1948 | School ROC: 0.6406 F1: 0.5952 | Project ROC: 0.5480 F1: 0.2087 
2026-02-15 13:37:17,391 - INFO - Round 6/100
2026-02-15 13:37:17,697 - INFO -   Silhouette: 0.1880 | School ROC: 0.6239 F1: 0.5680 | Project ROC: 0.5506 F1: 0.2041 
2026-02-15 13:37:17,697 - INFO - Round 7/100
2026-02-15 13:37:18,088 - INFO -   Silhouette: 0.2157 | School ROC: 0.6633 F1: 0.6448 | Project ROC: 0.5619 F1: 0.2286 ✓
2026-02-15 13:37:18,091 - INFO - Results saved to /home/dev/work_main/random/assesment/k_means_selected/gemma3-12B_cv_results.json
2026-02-15 13:37:18,091 - INFO - Round 8/100
2026-02-15 13:37:18,452 - INFO -   Silhouette: 0.2091 | School ROC: 0.6213 F1: 0.5714 | Project ROC: 0.5031 F1: 0.1682 
2026-02-15 13:37:18,452 - INFO - Round 9/100
2026-02-15 13:37:18,847 - INFO -   Silhouette: 0.2319 | School ROC: 0.6122 F1: 0.5967 | Project ROC: 0.5191 F1: 0.2056 
2026-02-15 13:37:18,847 - INFO - Round 10/100
2026-02-15 13:37:19,300 - INFO -   Silhouette: 0.2783 | School ROC: 0.6367 F1: 0.6237 | Project ROC: 0.5152 F1: 0.2018 ✓
2026-02-15 13:37:19,300 - INFO -     📊 Silhouette improvement → Avg ROC: 0.5759 | Avg F1: 0.4127 | F1/ROC ratio: 0.7167 (F1 < ROC (conservative predictions))
2026-02-15 13:37:19,314 - INFO - Results saved to /home/dev/work_main/random/assesment/k_means_selected/gemma3-12B_cv_results.json
2026-02-15 13:37:19,314 - INFO - Round 11/100
2026-02-15 13:37:19,571 - INFO -   Silhouette: 0.2512 | School ROC: 0.6330 F1: 0.5978 | Project ROC: 0.5409 F1: 0.2435 
2026-02-15 13:37:19,571 - INFO - Round 12/100
2026-02-15 13:37:19,943 - INFO -   Silhouette: 0.2460 | School ROC: 0.6021 F1: 0.5876 | Project ROC: 0.5306 F1: 0.1818 
2026-02-15 13:37:19,944 - INFO - Round 13/100
2026-02-15 13:37:20,207 - INFO -   Silhouette: 0.2358 | School ROC: 0.5688 F1: 0.5745 | Project ROC: 0.5419 F1: 0.2202 
2026-02-15 13:37:20,207 - INFO - Round 14/100
2026-02-15 13:37:20,522 - INFO -   Silhouette: 0.1881 | School ROC: 0.6286 F1: 0.6087 | Project ROC: 0.5607 F1: 0.2430 
2026-02-15 13:37:20,522 - INFO - Round 15/100
2026-02-15 13:37:20,887 - INFO -   Silhouette: 0.2089 | School ROC: 0.6776 F1: 0.6444 | Project ROC: 0.5810 F1: 0.2456 ✓
2026-02-15 13:37:20,892 - INFO - Results saved to /home/dev/work_main/random/assesment/k_means_selected/gemma3-12B_cv_results.json
2026-02-15 13:37:20,892 - INFO - Round 16/100
2026-02-15 13:37:21,138 - INFO -   Silhouette: 0.2730 | School ROC: 0.6095 F1: 0.5824 | Project ROC: 0.5337 F1: 0.2321 
2026-02-15 13:37:21,138 - INFO - Round 17/100
2026-02-15 13:37:21,434 - INFO -   Silhouette: 0.2462 | School ROC: 0.6627 F1: 0.6180 | Project ROC: 0.5344 F1: 0.2393 
2026-02-15 13:37:21,434 - INFO - Round 18/100
2026-02-15 13:37:21,740 - INFO -   Silhouette: 0.2077 | School ROC: 0.6456 F1: 0.6092 | Project ROC: 0.5781 F1: 0.2202 
2026-02-15 13:37:21,741 - INFO - Round 19/100
2026-02-15 13:37:21,999 - INFO -   Silhouette: 0.2472 | School ROC: 0.6261 F1: 0.5955 | Project ROC: 0.5607 F1: 0.2393 
2026-02-15 13:37:22,000 - INFO - Round 20/100
2026-02-15 13:37:22,312 - INFO -   Silhouette: 0.2626 | School ROC: 0.6258 F1: 0.5778 | Project ROC: 0.5273 F1: 0.2075 
2026-02-15 13:37:22,312 - INFO - Round 21/100
2026-02-15 13:37:22,558 - INFO -   Silhouette: 0.2026 | School ROC: 0.6241 F1: 0.6196 | Project ROC: 0.4917 F1: 0.2000 
2026-02-15 13:37:22,558 - INFO - Round 22/100
2026-02-15 13:37:22,880 - INFO -   Silhouette: 0.2676 | School ROC: 0.6073 F1: 0.6032 | Project ROC: 0.4818 F1: 0.1852 
2026-02-15 13:37:22,880 - INFO - Round 23/100
2026-02-15 13:37:23,105 - INFO -   Silhouette: 0.2598 | School ROC: 0.6408 F1: 0.5682 | Project ROC: 0.5645 F1: 0.2182 
2026-02-15 13:37:23,105 - INFO - Round 24/100
2026-02-15 13:37:23,351 - INFO -   Silhouette: 0.2661 | School ROC: 0.6401 F1: 0.6105 | Project ROC: 0.5465 F1: 0.2202 
2026-02-15 13:37:23,351 - INFO - Round 25/100
2026-02-15 13:37:23,596 - INFO -   Silhouette: 0.2708 | School ROC: 0.6090 F1: 0.6092 | Project ROC: 0.5433 F1: 0.2222 
2026-02-15 13:37:23,597 - INFO - Round 26/100
2026-02-15 13:37:23,876 - INFO -   Silhouette: 0.2352 | School ROC: 0.5849 F1: 0.5424 | Project ROC: 0.5029 F1: 0.2083 
2026-02-15 13:37:23,876 - INFO - Round 27/100
2026-02-15 13:37:24,079 - INFO -   Silhouette: 0.2301 | School ROC: 0.6405 F1: 0.6180 | Project ROC: 0.4974 F1: 0.1961 
2026-02-15 13:37:24,079 - INFO - Round 28/100
2026-02-15 13:37:24,323 - INFO -   Silhouette: 0.2251 | School ROC: 0.5826 F1: 0.5946 | Project ROC: 0.5121 F1: 0.2095 
2026-02-15 13:37:24,323 - INFO - Round 29/100
2026-02-15 13:37:24,610 - INFO -   Silhouette: 0.2137 | School ROC: 0.6592 F1: 0.6593 | Project ROC: 0.5020 F1: 0.1869 ✓
2026-02-15 13:37:24,621 - INFO - Results saved to /home/dev/work_main/random/assesment/k_means_selected/gemma3-12B_cv_results.json
2026-02-15 13:37:24,621 - INFO - Round 30/100
2026-02-15 13:37:24,973 - INFO -   Silhouette: 0.2789 | School ROC: 0.6015 F1: 0.5778 | Project ROC: 0.4628 F1: 0.1698 ✓
2026-02-15 13:37:24,974 - INFO -     📊 Silhouette improvement → Avg ROC: 0.5322 | Avg F1: 0.3738 | F1/ROC ratio: 0.7024 (F1 < ROC (conservative predictions))
2026-02-15 13:37:24,985 - INFO - Results saved to /home/dev/work_main/random/assesment/k_means_selected/gemma3-12B_cv_results.json
2026-02-15 13:37:24,985 - INFO - Round 31/100
2026-02-15 13:37:25,202 - INFO -   Silhouette: 0.2074 | School ROC: 0.6179 F1: 0.5889 | Project ROC: 0.5347 F1: 0.2243 
2026-02-15 13:37:25,202 - INFO - Round 32/100
2026-02-15 13:37:25,447 - INFO -   Silhouette: 0.2038 | School ROC: 0.6136 F1: 0.5862 | Project ROC: 0.5537 F1: 0.2500 
2026-02-15 13:37:25,447 - INFO - Round 33/100
2026-02-15 13:37:25,706 - INFO -   Silhouette: 0.1889 | School ROC: 0.6040 F1: 0.6000 | Project ROC: 0.5481 F1: 0.2342 
2026-02-15 13:37:25,706 - INFO - Round 34/100
2026-02-15 13:37:26,134 - INFO -   Silhouette: 0.2273 | School ROC: 0.6213 F1: 0.5843 | Project ROC: 0.5925 F1: 0.2376 ✓
2026-02-15 13:37:26,146 - INFO - Results saved to /home/dev/work_main/random/assesment/k_means_selected/gemma3-12B_cv_results.json
2026-02-15 13:37:26,146 - INFO - Round 35/100
2026-02-15 13:37:26,367 - INFO -   Silhouette: 0.1630 | School ROC: 0.5998 F1: 0.5595 | Project ROC: 0.5350 F1: 0.2268 
2026-02-15 13:37:26,367 - INFO - Round 36/100
2026-02-15 13:37:26,613 - INFO -   Silhouette: 0.2319 | School ROC: 0.5895 F1: 0.5902 | Project ROC: 0.5554 F1: 0.2200 
2026-02-15 13:37:26,613 - INFO - Round 37/100
2026-02-15 13:37:26,935 - INFO -   Silhouette: 0.1999 | School ROC: 0.6454 F1: 0.6304 | Project ROC: 0.5881 F1: 0.2456 
2026-02-15 13:37:26,935 - INFO - Round 38/100
2026-02-15 13:37:27,295 - INFO -   Silhouette: 0.2314 | School ROC: 0.6092 F1: 0.5889 | Project ROC: 0.5454 F1: 0.2321 
2026-02-15 13:37:27,295 - INFO - Round 39/100
2026-02-15 13:37:27,530 - INFO -   Silhouette: 0.2159 | School ROC: 0.6254 F1: 0.6145 | Project ROC: 0.5333 F1: 0.2200 
2026-02-15 13:37:27,531 - INFO - Round 40/100
2026-02-15 13:37:27,798 - INFO -   Silhouette: 0.2601 | School ROC: 0.5672 F1: 0.5730 | Project ROC: 0.5061 F1: 0.1569 
2026-02-15 13:37:27,798 - INFO - Round 41/100
2026-02-15 13:37:28,062 - INFO -   Silhouette: 0.2639 | School ROC: 0.6267 F1: 0.6243 | Project ROC: 0.5255 F1: 0.1982 
2026-02-15 13:37:28,062 - INFO - Round 42/100
2026-02-15 13:37:28,334 - INFO -   Silhouette: 0.2500 | School ROC: 0.6032 F1: 0.5730 | Project ROC: 0.5610 F1: 0.2243 
2026-02-15 13:37:28,335 - INFO - Round 43/100
2026-02-15 13:37:28,624 - INFO -   Silhouette: 0.2581 | School ROC: 0.6600 F1: 0.6092 | Project ROC: 0.5490 F1: 0.2586 
2026-02-15 13:37:28,624 - INFO - Round 44/100
2026-02-15 13:37:28,954 - INFO -   Silhouette: 0.2121 | School ROC: 0.6254 F1: 0.5635 | Project ROC: 0.5214 F1: 0.2115 
2026-02-15 13:37:28,954 - INFO - Round 45/100
2026-02-15 13:37:29,254 - INFO -   Silhouette: 0.1922 | School ROC: 0.6069 F1: 0.5967 | Project ROC: 0.5528 F1: 0.2157 
2026-02-15 13:37:29,255 - INFO - Round 46/100
2026-02-15 13:37:29,507 - INFO -   Silhouette: 0.2066 | School ROC: 0.5708 F1: 0.5926 | Project ROC: 0.5305 F1: 0.1935 
2026-02-15 13:37:29,507 - INFO - Round 47/100
2026-02-15 13:37:29,779 - INFO -   Silhouette: 0.2542 | School ROC: 0.6676 F1: 0.6111 | Project ROC: 0.5718 F1: 0.2162 
2026-02-15 13:37:29,779 - INFO - Round 48/100
2026-02-15 13:37:30,038 - INFO -   Silhouette: 0.2629 | School ROC: 0.5959 F1: 0.5909 | Project ROC: 0.6094 F1: 0.2574 ✓
2026-02-15 13:37:30,054 - INFO - Results saved to /home/dev/work_main/random/assesment/k_means_selected/gemma3-12B_cv_results.json
2026-02-15 13:37:30,054 - INFO - Round 49/100
2026-02-15 13:37:30,294 - INFO -   Silhouette: 0.2204 | School ROC: 0.6349 F1: 0.5848 | Project ROC: 0.5559 F1: 0.2157 
2026-02-15 13:37:30,295 - INFO - Round 50/100
2026-02-15 13:37:30,545 - INFO -   Silhouette: 0.2538 | School ROC: 0.6217 F1: 0.5652 | Project ROC: 0.5477 F1: 0.2124 
2026-02-15 13:37:30,546 - INFO - Round 51/100
2026-02-15 13:37:30,795 - INFO -   Silhouette: 0.2696 | School ROC: 0.5444 F1: 0.5318 | Project ROC: 0.4648 F1: 0.1905 
2026-02-15 13:37:30,796 - INFO - Round 52/100
2026-02-15 13:37:31,239 - INFO -   Silhouette: 0.2287 | School ROC: 0.6610 F1: 0.6171 | Project ROC: 0.5719 F1: 0.2342 
2026-02-15 13:37:31,239 - INFO - Round 53/100
2026-02-15 13:37:31,494 - INFO -   Silhouette: 0.2522 | School ROC: 0.6356 F1: 0.6224 | Project ROC: 0.5338 F1: 0.2203 
2026-02-15 13:37:31,494 - INFO - Round 54/100
2026-02-15 13:37:31,717 - INFO -   Silhouette: 0.2736 | School ROC: 0.6415 F1: 0.5909 | Project ROC: 0.5953 F1: 0.2500 
2026-02-15 13:37:31,717 - INFO - Round 55/100
2026-02-15 13:37:31,959 - INFO -   Silhouette: 0.2551 | School ROC: 0.6197 F1: 0.5922 | Project ROC: 0.5388 F1: 0.2542 
2026-02-15 13:37:31,960 - INFO - Round 56/100
2026-02-15 13:37:32,190 - INFO -   Silhouette: 0.2324 | School ROC: 0.6215 F1: 0.6237 | Project ROC: 0.5333 F1: 0.1869 
2026-02-15 13:37:32,191 - INFO - Round 57/100
2026-02-15 13:37:32,553 - INFO -   Silhouette: 0.2228 | School ROC: 0.6110 F1: 0.5667 | Project ROC: 0.5064 F1: 0.1980 
2026-02-15 13:37:32,554 - INFO - Round 58/100
2026-02-15 13:37:32,870 - INFO -   Silhouette: 0.2461 | School ROC: 0.5768 F1: 0.5902 | Project ROC: 0.5274 F1: 0.2083 
2026-02-15 13:37:32,871 - INFO - Round 59/100
2026-02-15 13:37:33,094 - INFO -   Silhouette: 0.2672 | School ROC: 0.5531 F1: 0.5287 | Project ROC: 0.4994 F1: 0.1923 
2026-02-15 13:37:33,094 - INFO - Round 60/100
2026-02-15 13:37:33,360 - INFO -   Silhouette: 0.2160 | School ROC: 0.6064 F1: 0.5889 | Project ROC: 0.5053 F1: 0.2264 
2026-02-15 13:37:33,360 - INFO - Round 61/100
2026-02-15 13:37:33,612 - INFO -   Silhouette: 0.2211 | School ROC: 0.6192 F1: 0.5882 | Project ROC: 0.5324 F1: 0.2453 
2026-02-15 13:37:33,612 - INFO - Round 62/100
2026-02-15 13:37:33,846 - INFO -   Silhouette: 0.1612 | School ROC: 0.6860 F1: 0.6413 | Project ROC: 0.5258 F1: 0.2308 ✓
2026-02-15 13:37:33,861 - INFO - Results saved to /home/dev/work_main/random/assesment/k_means_selected/gemma3-12B_cv_results.json
2026-02-15 13:37:33,861 - INFO - Round 63/100
2026-02-15 13:37:34,146 - INFO -   Silhouette: 0.3103 | School ROC: 0.5976 F1: 0.5746 | Project ROC: 0.5661 F1: 0.2745 ✓
2026-02-15 13:37:34,146 - INFO -     📊 Silhouette improvement → Avg ROC: 0.5818 | Avg F1: 0.4245 | F1/ROC ratio: 0.7297 (F1 < ROC (conservative predictions))
2026-02-15 13:37:34,167 - INFO - Results saved to /home/dev/work_main/random/assesment/k_means_selected/gemma3-12B_cv_results.json
2026-02-15 13:37:34,167 - INFO - Round 64/100
2026-02-15 13:37:34,387 - INFO -   Silhouette: 0.1746 | School ROC: 0.6234 F1: 0.5967 | Project ROC: 0.5810 F1: 0.2143 
2026-02-15 13:37:34,387 - INFO - Round 65/100
2026-02-15 13:37:34,716 - INFO -   Silhouette: 0.2434 | School ROC: 0.5830 F1: 0.5778 | Project ROC: 0.5677 F1: 0.2524 
2026-02-15 13:37:34,716 - INFO - Round 66/100
2026-02-15 13:37:34,971 - INFO -   Silhouette: 0.2270 | School ROC: 0.6467 F1: 0.6170 | Project ROC: 0.5353 F1: 0.2056 
2026-02-15 13:37:34,971 - INFO - Round 67/100
2026-02-15 13:37:35,202 - INFO -   Silhouette: 0.2865 | School ROC: 0.6378 F1: 0.6044 | Project ROC: 0.5344 F1: 0.2301 
2026-02-15 13:37:35,202 - INFO - Round 68/100
2026-02-15 13:37:35,458 - INFO -   Silhouette: 0.2368 | School ROC: 0.5975 F1: 0.5424 | Project ROC: 0.4825 F1: 0.1942 
2026-02-15 13:37:35,458 - INFO - Round 69/100
2026-02-15 13:37:35,777 - INFO -   Silhouette: 0.2630 | School ROC: 0.6335 F1: 0.6145 | Project ROC: 0.5544 F1: 0.1923 
2026-02-15 13:37:35,777 - INFO - Round 70/100
2026-02-15 13:37:36,015 - INFO -   Silhouette: 0.2222 | School ROC: 0.5964 F1: 0.5838 | Project ROC: 0.5045 F1: 0.1835 
2026-02-15 13:37:36,016 - INFO - Round 71/100
2026-02-15 13:37:36,325 - INFO -   Silhouette: 0.1885 | School ROC: 0.6171 F1: 0.5595 | Project ROC: 0.6033 F1: 0.2637 
2026-02-15 13:37:36,325 - INFO - Round 72/100
2026-02-15 13:37:36,592 - INFO -   Silhouette: 0.2275 | School ROC: 0.6578 F1: 0.6146 | Project ROC: 0.5712 F1: 0.2308 
2026-02-15 13:37:36,593 - INFO - Round 73/100
2026-02-15 13:37:36,919 - INFO -   Silhouette: 0.2801 | School ROC: 0.6569 F1: 0.5824 | Project ROC: 0.4946 F1: 0.2182 
2026-02-15 13:37:36,919 - INFO - Round 74/100
2026-02-15 13:37:37,130 - INFO -   Silhouette: 0.2338 | School ROC: 0.5847 F1: 0.5698 | Project ROC: 0.4851 F1: 0.1600 
2026-02-15 13:37:37,131 - INFO - Round 75/100
2026-02-15 13:37:37,366 - INFO -   Silhouette: 0.2345 | School ROC: 0.6040 F1: 0.5938 | Project ROC: 0.5392 F1: 0.2105 
2026-02-15 13:37:37,366 - INFO - Round 76/100
2026-02-15 13:37:37,739 - INFO -   Silhouette: 0.2049 | School ROC: 0.6619 F1: 0.6196 | Project ROC: 0.5716 F1: 0.2435 
2026-02-15 13:37:37,740 - INFO - Round 77/100
2026-02-15 13:37:38,001 - INFO -   Silhouette: 0.2897 | School ROC: 0.5870 F1: 0.5667 | Project ROC: 0.5105 F1: 0.1782 
2026-02-15 13:37:38,001 - INFO - Round 78/100
2026-02-15 13:37:38,252 - INFO -   Silhouette: 0.2484 | School ROC: 0.6297 F1: 0.6154 | Project ROC: 0.5552 F1: 0.2095 
2026-02-15 13:37:38,252 - INFO - Round 79/100
2026-02-15 13:37:38,540 - INFO -   Silhouette: 0.2283 | School ROC: 0.6023 F1: 0.5902 | Project ROC: 0.5200 F1: 0.2000 
2026-02-15 13:37:38,540 - INFO - Round 80/100
2026-02-15 13:37:38,854 - INFO -   Silhouette: 0.2618 | School ROC: 0.6307 F1: 0.6448 | Project ROC: 0.5684 F1: 0.2243 
2026-02-15 13:37:38,854 - INFO - Round 81/100
2026-02-15 13:37:39,081 - INFO -   Silhouette: 0.1991 | School ROC: 0.6356 F1: 0.6118 | Project ROC: 0.5641 F1: 0.2476 
2026-02-15 13:37:39,081 - INFO - Round 82/100
2026-02-15 13:37:39,406 - INFO -   Silhouette: 0.2192 | School ROC: 0.6566 F1: 0.6127 | Project ROC: 0.5559 F1: 0.2407 
2026-02-15 13:37:39,406 - INFO - Round 83/100
2026-02-15 13:37:39,693 - INFO -   Silhouette: 0.2316 | School ROC: 0.5936 F1: 0.6011 | Project ROC: 0.5277 F1: 0.1782 
2026-02-15 13:37:39,694 - INFO - Round 84/100
2026-02-15 13:37:39,986 - INFO -   Silhouette: 0.2274 | School ROC: 0.6952 F1: 0.6630 | Project ROC: 0.5546 F1: 0.2105 ✓
2026-02-15 13:37:40,005 - INFO - Results saved to /home/dev/work_main/random/assesment/k_means_selected/gemma3-12B_cv_results.json
2026-02-15 13:37:40,005 - INFO - Round 85/100
2026-02-15 13:37:40,242 - INFO -   Silhouette: 0.3270 | School ROC: 0.6439 F1: 0.6413 | Project ROC: 0.5535 F1: 0.2095 ✓
2026-02-15 13:37:40,243 - INFO -     📊 Silhouette improvement → Avg ROC: 0.5987 | Avg F1: 0.4254 | F1/ROC ratio: 0.7105 (F1 < ROC (conservative predictions))
2026-02-15 13:37:40,259 - INFO - Results saved to /home/dev/work_main/random/assesment/k_means_selected/gemma3-12B_cv_results.json
2026-02-15 13:37:40,260 - INFO - Round 86/100
2026-02-15 13:37:40,506 - INFO -   Silhouette: 0.2576 | School ROC: 0.6335 F1: 0.5978 | Project ROC: 0.5133 F1: 0.2264 
2026-02-15 13:37:40,506 - INFO - Round 87/100
2026-02-15 13:37:40,870 - INFO -   Silhouette: 0.2293 | School ROC: 0.6158 F1: 0.6129 | Project ROC: 0.5165 F1: 0.2202 
2026-02-15 13:37:40,870 - INFO - Round 88/100
2026-02-15 13:37:41,176 - INFO -   Silhouette: 0.2263 | School ROC: 0.6197 F1: 0.5763 | Project ROC: 0.5276 F1: 0.1887 
2026-02-15 13:37:41,176 - INFO - Round 89/100
2026-02-15 13:37:41,457 - INFO -   Silhouette: 0.2172 | School ROC: 0.6485 F1: 0.6524 | Project ROC: 0.5731 F1: 0.2609 ✓
2026-02-15 13:37:41,487 - INFO - Results saved to /home/dev/work_main/random/assesment/k_means_selected/gemma3-12B_cv_results.json
2026-02-15 13:37:41,487 - INFO - Round 90/100
2026-02-15 13:37:41,831 - INFO -   Silhouette: 0.2026 | School ROC: 0.6028 F1: 0.5402 | Project ROC: 0.5715 F1: 0.2264 
2026-02-15 13:37:41,831 - INFO - Round 91/100
2026-02-15 13:37:42,098 - INFO -   Silhouette: 0.2046 | School ROC: 0.6498 F1: 0.6022 | Project ROC: 0.5692 F1: 0.2342 
2026-02-15 13:37:42,098 - INFO - Round 92/100
2026-02-15 13:37:42,456 - INFO -   Silhouette: 0.1760 | School ROC: 0.5712 F1: 0.5792 | Project ROC: 0.4837 F1: 0.1731 
2026-02-15 13:37:42,457 - INFO - Round 93/100
2026-02-15 13:37:42,671 - INFO -   Silhouette: 0.2965 | School ROC: 0.6552 F1: 0.6032 | Project ROC: 0.5279 F1: 0.1930 
2026-02-15 13:37:42,671 - INFO - Round 94/100
2026-02-15 13:37:42,938 - INFO -   Silhouette: 0.2294 | School ROC: 0.6353 F1: 0.5714 | Project ROC: 0.5104 F1: 0.1835 
2026-02-15 13:37:42,939 - INFO - Round 95/100
2026-02-15 13:37:43,222 - INFO -   Silhouette: 0.1936 | School ROC: 0.6397 F1: 0.5876 | Project ROC: 0.5124 F1: 0.2200 
2026-02-15 13:37:43,222 - INFO - Round 96/100
2026-02-15 13:37:43,579 - INFO -   Silhouette: 0.2176 | School ROC: 0.6145 F1: 0.5814 | Project ROC: 0.5197 F1: 0.2136 
2026-02-15 13:37:43,579 - INFO - Round 97/100
2026-02-15 13:37:43,878 - INFO -   Silhouette: 0.1956 | School ROC: 0.6392 F1: 0.5829 | Project ROC: 0.5088 F1: 0.2200 
2026-02-15 13:37:43,879 - INFO - Round 98/100
2026-02-15 13:37:44,125 - INFO -   Silhouette: 0.2385 | School ROC: 0.6184 F1: 0.6044 | Project ROC: 0.5204 F1: 0.1964 
2026-02-15 13:37:44,126 - INFO - Round 99/100
2026-02-15 13:37:44,391 - INFO -   Silhouette: 0.2216 | School ROC: 0.6383 F1: 0.5943 | Project ROC: 0.5414 F1: 0.2385 
2026-02-15 13:37:44,391 - INFO - Round 100/100
2026-02-15 13:37:44,701 - INFO -   Silhouette: 0.2006 | School ROC: 0.6568 F1: 0.6054 | Project ROC: 0.5673 F1: 0.2500 
2026-02-15 13:37:44,740 - INFO - Results saved to /home/dev/work_main/random/assesment/k_means_selected/gemma3-12B_cv_results.json
2026-02-15 13:37:47,198 - INFO - Convergence plots saved to /home/dev/work_main/random/assesment/k_means_selected/gemma3-12B_cv_convergence_plots.png
2026-02-15 13:37:49,850 - INFO - Focused correlation analysis saved to /home/dev/work_main/random/assesment/k_means_selected/gemma3-12B_cv_silhouette_correlation.png
2026-02-15 13:37:49,850 - INFO - Correlation values saved to /home/dev/work_main/random/assesment/k_means_selected/gemma3-12B_cv_silhouette_correlations.json
2026-02-15 13:37:49,850 - INFO - Silhouette Correlation Summary:
2026-02-15 13:37:49,850 - INFO -   • Silhouette vs School ROC AUC: R=-0.121 (WEAK negative)
2026-02-15 13:37:49,851 - INFO -   • Silhouette vs Project ROC AUC: R=-0.139 (WEAK negative)
2026-02-15 13:37:49,851 - INFO -   • Silhouette vs Avg. ROC AUC: R=-0.156 (WEAK negative)
2026-02-15 13:37:49,851 - INFO -   • Silhouette vs School F1 Score: R=-0.044 (WEAK negative)
2026-02-15 13:37:49,851 - INFO -   • Silhouette vs Project F1 Score: R=-0.125 (WEAK negative)
2026-02-15 13:37:49,851 - INFO -   • Silhouette vs Avg. F1 Score: R=-0.107 (WEAK negative)
2026-02-15 13:37:49,851 - INFO - Experiment completed!
2026-02-15 13:45:25,548 - INFO - 
======================================================================
2026-02-15 13:45:25,548 - INFO - CLASS DISTRIBUTION DIAGNOSTICS
2026-02-15 13:45:25,548 - INFO - ======================================================================
2026-02-15 13:45:25,548 - INFO - 
school_participation_flag:
2026-02-15 13:45:25,549 - INFO -   Class 0 (negative): 309 samples (54.12%)
2026-02-15 13:45:25,549 - INFO -   Class 1 (positive): 262 samples (45.88%)
2026-02-15 13:45:25,549 - INFO - 
project_participation_flag:
2026-02-15 13:45:25,549 - INFO -   Class 0 (negative): 494 samples (86.51%)
2026-02-15 13:45:25,549 - INFO -   Class 1 (positive): 77 samples (13.49%)
2026-02-15 13:45:25,549 - INFO - ======================================================================

2026-02-15 13:45:25,550 - INFO - Initialized experiment: K=10, feature_mode='mean'
2026-02-15 13:45:25,550 - INFO - Starting experiment: gemma3-12B_cv
2026-02-15 13:45:25,550 - INFO - Research focus: Correlation between unsupervised clustering (Silhouette) and supervised metrics
2026-02-15 13:45:25,550 - INFO - Round 1/100
2026-02-15 13:45:25,799 - INFO -   Silhouette: 0.2315 | School ROC: 0.6307 F1: 0.5665 | Project ROC: 0.5357 F1: 0.1913 ✓
2026-02-15 13:45:25,800 - INFO -     📊 Silhouette improvement → Avg ROC: 0.5832 | Avg F1: 0.3789 | F1/ROC ratio: 0.6496 (F1 < ROC (conservative predictions))
2026-02-15 13:45:25,802 - INFO - Results saved to /home/dev/work_main/random/assesment/k_means_selected/gemma3-12B_cv_results.json
2026-02-15 13:45:25,802 - INFO - Round 2/100
2026-02-15 13:45:26,253 - INFO -   Silhouette: 0.2264 | School ROC: 0.6408 F1: 0.6374 | Project ROC: 0.5795 F1: 0.2680 ✓
2026-02-15 13:45:26,254 - INFO - Results saved to /home/dev/work_main/random/assesment/k_means_selected/gemma3-12B_cv_results.json
2026-02-15 13:45:26,255 - INFO - Round 3/100
2026-02-15 13:45:26,566 - INFO -   Silhouette: 0.2023 | School ROC: 0.6441 F1: 0.6042 | Project ROC: 0.5642 F1: 0.2523 ✓
2026-02-15 13:45:26,567 - INFO - Results saved to /home/dev/work_main/random/assesment/k_means_selected/gemma3-12B_cv_results.json
2026-02-15 13:45:26,568 - INFO - Round 4/100
2026-02-15 13:45:26,831 - INFO -   Silhouette: 0.2353 | School ROC: 0.6323 F1: 0.5783 | Project ROC: 0.5652 F1: 0.2626 ✓
2026-02-15 13:45:26,832 - INFO -     📊 Silhouette improvement → Avg ROC: 0.5988 | Avg F1: 0.4205 | F1/ROC ratio: 0.7022 (F1 < ROC (conservative predictions))
2026-02-15 13:45:26,835 - INFO - Results saved to /home/dev/work_main/random/assesment/k_means_selected/gemma3-12B_cv_results.json
2026-02-15 13:45:26,835 - INFO - Round 5/100
2026-02-15 13:45:27,213 - INFO -   Silhouette: 0.1948 | School ROC: 0.6406 F1: 0.5952 | Project ROC: 0.5480 F1: 0.2087 
2026-02-15 13:45:27,214 - INFO - Round 6/100
2026-02-15 13:45:27,682 - INFO -   Silhouette: 0.1880 | School ROC: 0.6239 F1: 0.5680 | Project ROC: 0.5506 F1: 0.2041 
2026-02-15 13:45:27,682 - INFO - Round 7/100
2026-02-15 13:45:27,994 - INFO -   Silhouette: 0.2157 | School ROC: 0.6633 F1: 0.6448 | Project ROC: 0.5619 F1: 0.2286 ✓
2026-02-15 13:45:27,997 - INFO - Results saved to /home/dev/work_main/random/assesment/k_means_selected/gemma3-12B_cv_results.json
2026-02-15 13:45:27,997 - INFO - Round 8/100
2026-02-15 13:45:28,322 - INFO -   Silhouette: 0.2091 | School ROC: 0.6213 F1: 0.5714 | Project ROC: 0.5031 F1: 0.1682 
2026-02-15 13:45:28,322 - INFO - Round 9/100
2026-02-15 13:45:28,678 - INFO -   Silhouette: 0.2319 | School ROC: 0.6122 F1: 0.5967 | Project ROC: 0.5191 F1: 0.2056 
2026-02-15 13:45:28,678 - INFO - Round 10/100
2026-02-15 13:45:29,169 - INFO -   Silhouette: 0.2783 | School ROC: 0.6367 F1: 0.6237 | Project ROC: 0.5152 F1: 0.2018 ✓
2026-02-15 13:45:29,170 - INFO -     📊 Silhouette improvement → Avg ROC: 0.5759 | Avg F1: 0.4127 | F1/ROC ratio: 0.7167 (F1 < ROC (conservative predictions))
2026-02-15 13:45:29,174 - INFO - Results saved to /home/dev/work_main/random/assesment/k_means_selected/gemma3-12B_cv_results.json
2026-02-15 13:45:29,175 - INFO - Round 11/100
2026-02-15 13:45:29,503 - INFO -   Silhouette: 0.2512 | School ROC: 0.6330 F1: 0.5978 | Project ROC: 0.5409 F1: 0.2435 
2026-02-15 13:45:29,504 - INFO - Round 12/100
2026-02-15 13:45:29,814 - INFO -   Silhouette: 0.2460 | School ROC: 0.6021 F1: 0.5876 | Project ROC: 0.5306 F1: 0.1818 
2026-02-15 13:45:29,814 - INFO - Round 13/100
2026-02-15 13:45:30,123 - INFO -   Silhouette: 0.2358 | School ROC: 0.5688 F1: 0.5745 | Project ROC: 0.5419 F1: 0.2202 
2026-02-15 13:45:30,124 - INFO - Round 14/100
2026-02-15 13:45:30,435 - INFO -   Silhouette: 0.1881 | School ROC: 0.6286 F1: 0.6087 | Project ROC: 0.5607 F1: 0.2430 
2026-02-15 13:45:30,436 - INFO - Round 15/100
2026-02-15 13:45:30,816 - INFO -   Silhouette: 0.2089 | School ROC: 0.6776 F1: 0.6444 | Project ROC: 0.5810 F1: 0.2456 ✓
2026-02-15 13:45:30,820 - INFO - Results saved to /home/dev/work_main/random/assesment/k_means_selected/gemma3-12B_cv_results.json
2026-02-15 13:45:30,821 - INFO - Round 16/100
2026-02-15 13:45:31,218 - INFO -   Silhouette: 0.2730 | School ROC: 0.6095 F1: 0.5824 | Project ROC: 0.5337 F1: 0.2321 
2026-02-15 13:45:31,218 - INFO - Round 17/100
2026-02-15 13:45:31,625 - INFO -   Silhouette: 0.2462 | School ROC: 0.6627 F1: 0.6180 | Project ROC: 0.5344 F1: 0.2393 
2026-02-15 13:45:31,625 - INFO - Round 18/100
2026-02-15 13:45:31,959 - INFO -   Silhouette: 0.2077 | School ROC: 0.6456 F1: 0.6092 | Project ROC: 0.5781 F1: 0.2202 
2026-02-15 13:45:31,959 - INFO - Round 19/100
2026-02-15 13:45:32,258 - INFO -   Silhouette: 0.2472 | School ROC: 0.6261 F1: 0.5955 | Project ROC: 0.5607 F1: 0.2393 
2026-02-15 13:45:32,258 - INFO - Round 20/100
2026-02-15 13:45:32,523 - INFO -   Silhouette: 0.2626 | School ROC: 0.6258 F1: 0.5778 | Project ROC: 0.5273 F1: 0.2075 
2026-02-15 13:45:32,524 - INFO - Round 21/100
2026-02-15 13:45:32,791 - INFO -   Silhouette: 0.2026 | School ROC: 0.6241 F1: 0.6196 | Project ROC: 0.4917 F1: 0.2000 
2026-02-15 13:45:32,791 - INFO - Round 22/100
2026-02-15 13:45:33,163 - INFO -   Silhouette: 0.2676 | School ROC: 0.6073 F1: 0.6032 | Project ROC: 0.4818 F1: 0.1852 
2026-02-15 13:45:33,164 - INFO - Round 23/100
2026-02-15 13:45:33,393 - INFO -   Silhouette: 0.2598 | School ROC: 0.6408 F1: 0.5682 | Project ROC: 0.5645 F1: 0.2182 
2026-02-15 13:45:33,394 - INFO - Round 24/100
2026-02-15 13:45:33,668 - INFO -   Silhouette: 0.2661 | School ROC: 0.6401 F1: 0.6105 | Project ROC: 0.5465 F1: 0.2202 
2026-02-15 13:45:33,669 - INFO - Round 25/100
2026-02-15 13:45:33,945 - INFO -   Silhouette: 0.2708 | School ROC: 0.6090 F1: 0.6092 | Project ROC: 0.5433 F1: 0.2222 
2026-02-15 13:45:33,946 - INFO - Round 26/100
2026-02-15 13:45:34,262 - INFO -   Silhouette: 0.2352 | School ROC: 0.5849 F1: 0.5424 | Project ROC: 0.5029 F1: 0.2083 
2026-02-15 13:45:34,262 - INFO - Round 27/100
2026-02-15 13:45:34,557 - INFO -   Silhouette: 0.2301 | School ROC: 0.6405 F1: 0.6180 | Project ROC: 0.4974 F1: 0.1961 
2026-02-15 13:45:34,558 - INFO - Round 28/100
2026-02-15 13:45:34,805 - INFO -   Silhouette: 0.2251 | School ROC: 0.5826 F1: 0.5946 | Project ROC: 0.5121 F1: 0.2095 
2026-02-15 13:45:34,806 - INFO - Round 29/100
2026-02-15 13:45:35,109 - INFO -   Silhouette: 0.2137 | School ROC: 0.6592 F1: 0.6593 | Project ROC: 0.5020 F1: 0.1869 ✓
2026-02-15 13:45:35,120 - INFO - Results saved to /home/dev/work_main/random/assesment/k_means_selected/gemma3-12B_cv_results.json
2026-02-15 13:45:35,120 - INFO - Round 30/100
2026-02-15 13:45:35,361 - INFO -   Silhouette: 0.2789 | School ROC: 0.6015 F1: 0.5778 | Project ROC: 0.4628 F1: 0.1698 ✓
2026-02-15 13:45:35,361 - INFO -     📊 Silhouette improvement → Avg ROC: 0.5322 | Avg F1: 0.3738 | F1/ROC ratio: 0.7024 (F1 < ROC (conservative predictions))
2026-02-15 13:45:35,367 - INFO - Results saved to /home/dev/work_main/random/assesment/k_means_selected/gemma3-12B_cv_results.json
2026-02-15 13:45:35,367 - INFO - Round 31/100
2026-02-15 13:45:35,667 - INFO -   Silhouette: 0.2074 | School ROC: 0.6179 F1: 0.5889 | Project ROC: 0.5347 F1: 0.2243 
2026-02-15 13:45:35,667 - INFO - Round 32/100
2026-02-15 13:45:35,906 - INFO -   Silhouette: 0.2038 | School ROC: 0.6136 F1: 0.5862 | Project ROC: 0.5537 F1: 0.2500 
2026-02-15 13:45:35,906 - INFO - Round 33/100
2026-02-15 13:45:36,158 - INFO -   Silhouette: 0.1889 | School ROC: 0.6040 F1: 0.6000 | Project ROC: 0.5481 F1: 0.2342 
2026-02-15 13:45:36,158 - INFO - Round 34/100
2026-02-15 13:45:36,412 - INFO -   Silhouette: 0.2273 | School ROC: 0.6213 F1: 0.5843 | Project ROC: 0.5925 F1: 0.2376 ✓
2026-02-15 13:45:36,423 - INFO - Results saved to /home/dev/work_main/random/assesment/k_means_selected/gemma3-12B_cv_results.json
2026-02-15 13:45:36,423 - INFO - Round 35/100
2026-02-15 13:45:36,639 - INFO -   Silhouette: 0.1630 | School ROC: 0.5998 F1: 0.5595 | Project ROC: 0.5350 F1: 0.2268 
2026-02-15 13:45:36,640 - INFO - Round 36/100
2026-02-15 13:45:36,951 - INFO -   Silhouette: 0.2319 | School ROC: 0.5895 F1: 0.5902 | Project ROC: 0.5554 F1: 0.2200 
2026-02-15 13:45:36,951 - INFO - Round 37/100
2026-02-15 13:45:37,189 - INFO -   Silhouette: 0.1999 | School ROC: 0.6454 F1: 0.6304 | Project ROC: 0.5881 F1: 0.2456 
2026-02-15 13:45:37,189 - INFO - Round 38/100
2026-02-15 13:45:37,506 - INFO -   Silhouette: 0.2314 | School ROC: 0.6092 F1: 0.5889 | Project ROC: 0.5454 F1: 0.2321 
2026-02-15 13:45:37,506 - INFO - Round 39/100
2026-02-15 13:45:37,804 - INFO -   Silhouette: 0.2159 | School ROC: 0.6254 F1: 0.6145 | Project ROC: 0.5333 F1: 0.2200 
2026-02-15 13:45:37,804 - INFO - Round 40/100
2026-02-15 13:45:38,047 - INFO -   Silhouette: 0.2601 | School ROC: 0.5672 F1: 0.5730 | Project ROC: 0.5061 F1: 0.1569 
2026-02-15 13:45:38,047 - INFO - Round 41/100
2026-02-15 13:45:38,313 - INFO -   Silhouette: 0.2639 | School ROC: 0.6267 F1: 0.6243 | Project ROC: 0.5255 F1: 0.1982 
2026-02-15 13:45:38,313 - INFO - Round 42/100
2026-02-15 13:45:38,568 - INFO -   Silhouette: 0.2500 | School ROC: 0.6032 F1: 0.5730 | Project ROC: 0.5610 F1: 0.2243 
2026-02-15 13:45:38,568 - INFO - Round 43/100
2026-02-15 13:45:38,855 - INFO -   Silhouette: 0.2581 | School ROC: 0.6600 F1: 0.6092 | Project ROC: 0.5490 F1: 0.2586 
2026-02-15 13:45:38,855 - INFO - Round 44/100
2026-02-15 13:45:39,155 - INFO -   Silhouette: 0.2121 | School ROC: 0.6254 F1: 0.5635 | Project ROC: 0.5214 F1: 0.2115 
2026-02-15 13:45:39,156 - INFO - Round 45/100
2026-02-15 13:45:39,434 - INFO -   Silhouette: 0.1922 | School ROC: 0.6069 F1: 0.5967 | Project ROC: 0.5528 F1: 0.2157 
2026-02-15 13:45:39,434 - INFO - Round 46/100
2026-02-15 13:45:39,712 - INFO -   Silhouette: 0.2066 | School ROC: 0.5708 F1: 0.5926 | Project ROC: 0.5305 F1: 0.1935 
2026-02-15 13:45:39,712 - INFO - Round 47/100
2026-02-15 13:45:39,997 - INFO -   Silhouette: 0.2542 | School ROC: 0.6676 F1: 0.6111 | Project ROC: 0.5718 F1: 0.2162 
2026-02-15 13:45:39,997 - INFO - Round 48/100
2026-02-15 13:45:40,263 - INFO -   Silhouette: 0.2629 | School ROC: 0.5959 F1: 0.5909 | Project ROC: 0.6094 F1: 0.2574 ✓
2026-02-15 13:45:40,273 - INFO - Results saved to /home/dev/work_main/random/assesment/k_means_selected/gemma3-12B_cv_results.json
2026-02-15 13:45:40,273 - INFO - Round 49/100
2026-02-15 13:45:40,513 - INFO -   Silhouette: 0.2204 | School ROC: 0.6349 F1: 0.5848 | Project ROC: 0.5559 F1: 0.2157 
2026-02-15 13:45:40,513 - INFO - Round 50/100
2026-02-15 13:45:40,800 - INFO -   Silhouette: 0.2538 | School ROC: 0.6217 F1: 0.5652 | Project ROC: 0.5477 F1: 0.2124 
2026-02-15 13:45:40,800 - INFO - Round 51/100
2026-02-15 13:45:41,057 - INFO -   Silhouette: 0.2696 | School ROC: 0.5444 F1: 0.5318 | Project ROC: 0.4648 F1: 0.1905 
2026-02-15 13:45:41,058 - INFO - Round 52/100
2026-02-15 13:45:41,284 - INFO -   Silhouette: 0.2287 | School ROC: 0.6610 F1: 0.6171 | Project ROC: 0.5719 F1: 0.2342 
2026-02-15 13:45:41,285 - INFO - Round 53/100
2026-02-15 13:45:41,598 - INFO -   Silhouette: 0.2522 | School ROC: 0.6356 F1: 0.6224 | Project ROC: 0.5338 F1: 0.2203 
2026-02-15 13:45:41,598 - INFO - Round 54/100
2026-02-15 13:45:41,817 - INFO -   Silhouette: 0.2736 | School ROC: 0.6415 F1: 0.5909 | Project ROC: 0.5953 F1: 0.2500 
2026-02-15 13:45:41,818 - INFO - Round 55/100
2026-02-15 13:45:42,106 - INFO -   Silhouette: 0.2551 | School ROC: 0.6197 F1: 0.5922 | Project ROC: 0.5388 F1: 0.2542 
2026-02-15 13:45:42,106 - INFO - Round 56/100
2026-02-15 13:45:42,374 - INFO -   Silhouette: 0.2324 | School ROC: 0.6215 F1: 0.6237 | Project ROC: 0.5333 F1: 0.1869 
2026-02-15 13:45:42,374 - INFO - Round 57/100
2026-02-15 13:45:42,625 - INFO -   Silhouette: 0.2228 | School ROC: 0.6110 F1: 0.5667 | Project ROC: 0.5064 F1: 0.1980 
2026-02-15 13:45:42,626 - INFO - Round 58/100
2026-02-15 13:45:42,936 - INFO -   Silhouette: 0.2461 | School ROC: 0.5768 F1: 0.5902 | Project ROC: 0.5274 F1: 0.2083 
2026-02-15 13:45:42,936 - INFO - Round 59/100
2026-02-15 13:45:43,172 - INFO -   Silhouette: 0.2672 | School ROC: 0.5531 F1: 0.5287 | Project ROC: 0.4994 F1: 0.1923 
2026-02-15 13:45:43,173 - INFO - Round 60/100
2026-02-15 13:45:43,404 - INFO -   Silhouette: 0.2160 | School ROC: 0.6064 F1: 0.5889 | Project ROC: 0.5053 F1: 0.2264 
2026-02-15 13:45:43,404 - INFO - Round 61/100
2026-02-15 13:45:43,685 - INFO -   Silhouette: 0.2211 | School ROC: 0.6192 F1: 0.5882 | Project ROC: 0.5324 F1: 0.2453 
2026-02-15 13:45:43,685 - INFO - Round 62/100
2026-02-15 13:45:43,984 - INFO -   Silhouette: 0.1612 | School ROC: 0.6860 F1: 0.6413 | Project ROC: 0.5258 F1: 0.2308 ✓
2026-02-15 13:45:43,997 - INFO - Results saved to /home/dev/work_main/random/assesment/k_means_selected/gemma3-12B_cv_results.json
2026-02-15 13:45:43,997 - INFO - Round 63/100
2026-02-15 13:45:44,295 - INFO -   Silhouette: 0.3103 | School ROC: 0.5976 F1: 0.5746 | Project ROC: 0.5661 F1: 0.2745 ✓
2026-02-15 13:45:44,295 - INFO -     📊 Silhouette improvement → Avg ROC: 0.5818 | Avg F1: 0.4245 | F1/ROC ratio: 0.7297 (F1 < ROC (conservative predictions))
2026-02-15 13:45:44,316 - INFO - Results saved to /home/dev/work_main/random/assesment/k_means_selected/gemma3-12B_cv_results.json
2026-02-15 13:45:44,316 - INFO - Round 64/100
2026-02-15 13:45:44,545 - INFO -   Silhouette: 0.1746 | School ROC: 0.6234 F1: 0.5967 | Project ROC: 0.5810 F1: 0.2143 
2026-02-15 13:45:44,545 - INFO - Round 65/100
2026-02-15 13:45:44,787 - INFO -   Silhouette: 0.2434 | School ROC: 0.5830 F1: 0.5778 | Project ROC: 0.5677 F1: 0.2524 
2026-02-15 13:45:44,787 - INFO - Round 66/100
2026-02-15 13:45:45,060 - INFO -   Silhouette: 0.2270 | School ROC: 0.6467 F1: 0.6170 | Project ROC: 0.5353 F1: 0.2056 
2026-02-15 13:45:45,060 - INFO - Round 67/100
2026-02-15 13:45:45,453 - INFO -   Silhouette: 0.2865 | School ROC: 0.6378 F1: 0.6044 | Project ROC: 0.5344 F1: 0.2301 
2026-02-15 13:45:45,453 - INFO - Round 68/100
2026-02-15 13:45:45,663 - INFO -   Silhouette: 0.2368 | School ROC: 0.5975 F1: 0.5424 | Project ROC: 0.4825 F1: 0.1942 
2026-02-15 13:45:45,663 - INFO - Round 69/100
2026-02-15 13:45:45,936 - INFO -   Silhouette: 0.2630 | School ROC: 0.6335 F1: 0.6145 | Project ROC: 0.5544 F1: 0.1923 
2026-02-15 13:45:45,937 - INFO - Round 70/100
2026-02-15 13:45:46,220 - INFO -   Silhouette: 0.2222 | School ROC: 0.5964 F1: 0.5838 | Project ROC: 0.5045 F1: 0.1835 
2026-02-15 13:45:46,220 - INFO - Round 71/100
2026-02-15 13:45:46,488 - INFO -   Silhouette: 0.1885 | School ROC: 0.6171 F1: 0.5595 | Project ROC: 0.6033 F1: 0.2637 
2026-02-15 13:45:46,489 - INFO - Round 72/100
2026-02-15 13:45:46,773 - INFO -   Silhouette: 0.2275 | School ROC: 0.6578 F1: 0.6146 | Project ROC: 0.5712 F1: 0.2308 
2026-02-15 13:45:46,773 - INFO - Round 73/100
2026-02-15 13:45:47,001 - INFO -   Silhouette: 0.2801 | School ROC: 0.6569 F1: 0.5824 | Project ROC: 0.4946 F1: 0.2182 
2026-02-15 13:45:47,001 - INFO - Round 74/100
2026-02-15 13:45:47,343 - INFO -   Silhouette: 0.2338 | School ROC: 0.5847 F1: 0.5698 | Project ROC: 0.4851 F1: 0.1600 
2026-02-15 13:45:47,345 - INFO - Round 75/100
2026-02-15 13:45:47,682 - INFO -   Silhouette: 0.2345 | School ROC: 0.6040 F1: 0.5938 | Project ROC: 0.5392 F1: 0.2105 
2026-02-15 13:45:47,682 - INFO - Round 76/100
2026-02-15 13:45:47,982 - INFO -   Silhouette: 0.2049 | School ROC: 0.6619 F1: 0.6196 | Project ROC: 0.5716 F1: 0.2435 
2026-02-15 13:45:47,983 - INFO - Round 77/100
2026-02-15 13:45:48,208 - INFO -   Silhouette: 0.2897 | School ROC: 0.5870 F1: 0.5667 | Project ROC: 0.5105 F1: 0.1782 
2026-02-15 13:45:48,209 - INFO - Round 78/100
2026-02-15 13:45:48,508 - INFO -   Silhouette: 0.2484 | School ROC: 0.6297 F1: 0.6154 | Project ROC: 0.5552 F1: 0.2095 
2026-02-15 13:45:48,508 - INFO - Round 79/100
2026-02-15 13:45:48,807 - INFO -   Silhouette: 0.2283 | School ROC: 0.6023 F1: 0.5902 | Project ROC: 0.5200 F1: 0.2000 
2026-02-15 13:45:48,808 - INFO - Round 80/100
2026-02-15 13:45:49,072 - INFO -   Silhouette: 0.2618 | School ROC: 0.6307 F1: 0.6448 | Project ROC: 0.5684 F1: 0.2243 
2026-02-15 13:45:49,072 - INFO - Round 81/100
2026-02-15 13:45:49,371 - INFO -   Silhouette: 0.1991 | School ROC: 0.6356 F1: 0.6118 | Project ROC: 0.5641 F1: 0.2476 
2026-02-15 13:45:49,371 - INFO - Round 82/100
2026-02-15 13:45:49,666 - INFO -   Silhouette: 0.2192 | School ROC: 0.6566 F1: 0.6127 | Project ROC: 0.5559 F1: 0.2407 
2026-02-15 13:45:49,667 - INFO - Round 83/100
2026-02-15 13:45:49,917 - INFO -   Silhouette: 0.2316 | School ROC: 0.5936 F1: 0.6011 | Project ROC: 0.5277 F1: 0.1782 
2026-02-15 13:45:49,918 - INFO - Round 84/100
2026-02-15 13:45:50,166 - INFO -   Silhouette: 0.2274 | School ROC: 0.6952 F1: 0.6630 | Project ROC: 0.5546 F1: 0.2105 ✓
2026-02-15 13:45:50,185 - INFO - Results saved to /home/dev/work_main/random/assesment/k_means_selected/gemma3-12B_cv_results.json
2026-02-15 13:45:50,185 - INFO - Round 85/100
2026-02-15 13:45:50,371 - INFO -   Silhouette: 0.3270 | School ROC: 0.6439 F1: 0.6413 | Project ROC: 0.5535 F1: 0.2095 ✓
2026-02-15 13:45:50,371 - INFO -     📊 Silhouette improvement → Avg ROC: 0.5987 | Avg F1: 0.4254 | F1/ROC ratio: 0.7105 (F1 < ROC (conservative predictions))
2026-02-15 13:45:50,389 - INFO - Results saved to /home/dev/work_main/random/assesment/k_means_selected/gemma3-12B_cv_results.json
2026-02-15 13:45:50,390 - INFO - Round 86/100
2026-02-15 13:45:50,679 - INFO -   Silhouette: 0.2576 | School ROC: 0.6335 F1: 0.5978 | Project ROC: 0.5133 F1: 0.2264 
2026-02-15 13:45:50,680 - INFO - Round 87/100
2026-02-15 13:45:50,930 - INFO -   Silhouette: 0.2293 | School ROC: 0.6158 F1: 0.6129 | Project ROC: 0.5165 F1: 0.2202 
2026-02-15 13:45:50,931 - INFO - Round 88/100
2026-02-15 13:45:51,185 - INFO -   Silhouette: 0.2263 | School ROC: 0.6197 F1: 0.5763 | Project ROC: 0.5276 F1: 0.1887 
2026-02-15 13:45:51,185 - INFO - Round 89/100
2026-02-15 13:45:51,437 - INFO -   Silhouette: 0.2172 | School ROC: 0.6485 F1: 0.6524 | Project ROC: 0.5731 F1: 0.2609 ✓
2026-02-15 13:45:51,466 - INFO - Results saved to /home/dev/work_main/random/assesment/k_means_selected/gemma3-12B_cv_results.json
2026-02-15 13:45:51,467 - INFO - Round 90/100
2026-02-15 13:45:51,685 - INFO -   Silhouette: 0.2026 | School ROC: 0.6028 F1: 0.5402 | Project ROC: 0.5715 F1: 0.2264 
2026-02-15 13:45:51,685 - INFO - Round 91/100
2026-02-15 13:45:51,926 - INFO -   Silhouette: 0.2046 | School ROC: 0.6498 F1: 0.6022 | Project ROC: 0.5692 F1: 0.2342 
2026-02-15 13:45:51,927 - INFO - Round 92/100
2026-02-15 13:45:52,283 - INFO -   Silhouette: 0.1760 | School ROC: 0.5712 F1: 0.5792 | Project ROC: 0.4837 F1: 0.1731 
2026-02-15 13:45:52,283 - INFO - Round 93/100
2026-02-15 13:45:52,561 - INFO -   Silhouette: 0.2965 | School ROC: 0.6552 F1: 0.6032 | Project ROC: 0.5279 F1: 0.1930 
2026-02-15 13:45:52,562 - INFO - Round 94/100
2026-02-15 13:45:52,830 - INFO -   Silhouette: 0.2294 | School ROC: 0.6353 F1: 0.5714 | Project ROC: 0.5104 F1: 0.1835 
2026-02-15 13:45:52,834 - INFO - Round 95/100
2026-02-15 13:45:53,087 - INFO -   Silhouette: 0.1936 | School ROC: 0.6397 F1: 0.5876 | Project ROC: 0.5124 F1: 0.2200 
2026-02-15 13:45:53,087 - INFO - Round 96/100
2026-02-15 13:45:53,361 - INFO -   Silhouette: 0.2176 | School ROC: 0.6145 F1: 0.5814 | Project ROC: 0.5197 F1: 0.2136 
2026-02-15 13:45:53,361 - INFO - Round 97/100
2026-02-15 13:45:53,714 - INFO -   Silhouette: 0.1956 | School ROC: 0.6392 F1: 0.5829 | Project ROC: 0.5088 F1: 0.2200 
2026-02-15 13:45:53,714 - INFO - Round 98/100
2026-02-15 13:45:54,047 - INFO -   Silhouette: 0.2385 | School ROC: 0.6184 F1: 0.6044 | Project ROC: 0.5204 F1: 0.1964 
2026-02-15 13:45:54,047 - INFO - Round 99/100
2026-02-15 13:45:54,295 - INFO -   Silhouette: 0.2216 | School ROC: 0.6383 F1: 0.5943 | Project ROC: 0.5414 F1: 0.2385 
2026-02-15 13:45:54,295 - INFO - Round 100/100
2026-02-15 13:45:54,651 - INFO -   Silhouette: 0.2006 | School ROC: 0.6568 F1: 0.6054 | Project ROC: 0.5673 F1: 0.2500 
2026-02-15 13:45:54,681 - INFO - Results saved to /home/dev/work_main/random/assesment/k_means_selected/gemma3-12B_cv_results.json
2026-02-15 13:45:57,199 - INFO - Convergence plots saved to /home/dev/work_main/random/assesment/k_means_selected/gemma3-12B_cv_convergence_plots.png
2026-02-15 13:45:59,933 - INFO - Focused correlation analysis saved to /home/dev/work_main/random/assesment/k_means_selected/gemma3-12B_cv_silhouette_correlation.png
2026-02-15 13:45:59,933 - INFO - Correlation values saved to /home/dev/work_main/random/assesment/k_means_selected/gemma3-12B_cv_silhouette_correlations.json
2026-02-15 13:45:59,933 - INFO - Silhouette Correlation Summary:
2026-02-15 13:45:59,933 - INFO -   • Silhouette vs School ROC AUC: R=-0.121 (WEAK negative)
2026-02-15 13:45:59,933 - INFO -   • Silhouette vs Project ROC AUC: R=-0.139 (WEAK negative)
2026-02-15 13:45:59,933 - INFO -   • Silhouette vs Avg. ROC AUC: R=-0.156 (WEAK negative)
2026-02-15 13:45:59,933 - INFO -   • Silhouette vs School F1 Score: R=-0.044 (WEAK negative)
2026-02-15 13:45:59,933 - INFO -   • Silhouette vs Project F1 Score: R=-0.125 (WEAK negative)
2026-02-15 13:45:59,933 - INFO -   • Silhouette vs Avg. F1 Score: R=-0.107 (WEAK negative)
2026-02-15 13:45:59,934 - INFO - Experiment completed!
2026-02-15 13:50:02,508 - INFO - 
======================================================================
2026-02-15 13:50:02,508 - INFO - CLASS DISTRIBUTION DIAGNOSTICS
2026-02-15 13:50:02,509 - INFO - ======================================================================
2026-02-15 13:50:02,509 - INFO - 
school_participation_flag:
2026-02-15 13:50:02,509 - INFO -   Class 0 (negative): 309 samples (54.12%)
2026-02-15 13:50:02,509 - INFO -   Class 1 (positive): 262 samples (45.88%)
2026-02-15 13:50:02,510 - INFO - 
project_participation_flag:
2026-02-15 13:50:02,510 - INFO -   Class 0 (negative): 494 samples (86.51%)
2026-02-15 13:50:02,510 - INFO -   Class 1 (positive): 77 samples (13.49%)
2026-02-15 13:50:02,510 - INFO - ======================================================================

2026-02-15 13:50:02,511 - INFO - Initialized experiment: K=10, feature_mode='mean'
2026-02-15 13:50:02,511 - INFO - Starting experiment: gemma3-12B_cv
2026-02-15 13:50:02,511 - INFO - Research focus: Correlation between unsupervised clustering (Silhouette) and supervised metrics
2026-02-15 13:50:02,511 - INFO - Round 1/100
2026-02-15 13:50:02,788 - INFO -   Silhouette: 0.2315 | School ROC: 0.6307 F1: 0.5665 | Project ROC: 0.5357 F1: 0.1913 ✓
2026-02-15 13:50:02,788 - INFO -     📊 Silhouette improvement → Avg ROC: 0.5832 | Avg F1: 0.3789 | F1/ROC ratio: 0.6496 (F1 < ROC (conservative predictions))
2026-02-15 13:50:02,790 - INFO - Results saved to /home/dev/work_main/random/assesment/k_means_selected/gemma3-12B_cv_results.json
2026-02-15 13:50:02,790 - INFO - Round 2/100
2026-02-15 13:50:03,067 - INFO -   Silhouette: 0.2264 | School ROC: 0.6408 F1: 0.6374 | Project ROC: 0.5795 F1: 0.2680 ✓
2026-02-15 13:50:03,068 - INFO - Results saved to /home/dev/work_main/random/assesment/k_means_selected/gemma3-12B_cv_results.json
2026-02-15 13:50:03,069 - INFO - Round 3/100
2026-02-15 13:50:03,509 - INFO -   Silhouette: 0.2023 | School ROC: 0.6441 F1: 0.6042 | Project ROC: 0.5642 F1: 0.2523 ✓
2026-02-15 13:50:03,511 - INFO - Results saved to /home/dev/work_main/random/assesment/k_means_selected/gemma3-12B_cv_results.json
2026-02-15 13:50:03,511 - INFO - Round 4/100
2026-02-15 13:50:03,803 - INFO -   Silhouette: 0.2353 | School ROC: 0.6323 F1: 0.5783 | Project ROC: 0.5652 F1: 0.2626 ✓
2026-02-15 13:50:03,803 - INFO -     📊 Silhouette improvement → Avg ROC: 0.5988 | Avg F1: 0.4205 | F1/ROC ratio: 0.7022 (F1 < ROC (conservative predictions))
2026-02-15 13:50:03,806 - INFO - Results saved to /home/dev/work_main/random/assesment/k_means_selected/gemma3-12B_cv_results.json
2026-02-15 13:50:03,806 - INFO - Round 5/100
2026-02-15 13:50:04,273 - INFO -   Silhouette: 0.1948 | School ROC: 0.6406 F1: 0.5952 | Project ROC: 0.5480 F1: 0.2087 
2026-02-15 13:50:04,274 - INFO - Round 6/100
2026-02-15 13:50:04,595 - INFO -   Silhouette: 0.1880 | School ROC: 0.6239 F1: 0.5680 | Project ROC: 0.5506 F1: 0.2041 
2026-02-15 13:50:04,595 - INFO - Round 7/100
2026-02-15 13:50:05,073 - INFO -   Silhouette: 0.2157 | School ROC: 0.6633 F1: 0.6448 | Project ROC: 0.5619 F1: 0.2286 ✓
2026-02-15 13:50:05,076 - INFO - Results saved to /home/dev/work_main/random/assesment/k_means_selected/gemma3-12B_cv_results.json
2026-02-15 13:50:05,076 - INFO - Round 8/100
2026-02-15 13:50:05,458 - INFO -   Silhouette: 0.2091 | School ROC: 0.6213 F1: 0.5714 | Project ROC: 0.5031 F1: 0.1682 
2026-02-15 13:50:05,458 - INFO - Round 9/100
2026-02-15 13:50:05,710 - INFO -   Silhouette: 0.2319 | School ROC: 0.6122 F1: 0.5967 | Project ROC: 0.5191 F1: 0.2056 
2026-02-15 13:50:05,710 - INFO - Round 10/100
2026-02-15 13:50:05,998 - INFO -   Silhouette: 0.2783 | School ROC: 0.6367 F1: 0.6237 | Project ROC: 0.5152 F1: 0.2018 ✓
2026-02-15 13:50:05,998 - INFO -     📊 Silhouette improvement → Avg ROC: 0.5759 | Avg F1: 0.4127 | F1/ROC ratio: 0.7167 (F1 < ROC (conservative predictions))
2026-02-15 13:50:06,001 - INFO - Results saved to /home/dev/work_main/random/assesment/k_means_selected/gemma3-12B_cv_results.json
2026-02-15 13:50:06,001 - INFO - Round 11/100
2026-02-15 13:50:06,379 - INFO -   Silhouette: 0.2512 | School ROC: 0.6330 F1: 0.5978 | Project ROC: 0.5409 F1: 0.2435 
2026-02-15 13:50:06,379 - INFO - Round 12/100
2026-02-15 13:50:06,725 - INFO -   Silhouette: 0.2460 | School ROC: 0.6021 F1: 0.5876 | Project ROC: 0.5306 F1: 0.1818 
2026-02-15 13:50:06,726 - INFO - Round 13/100
2026-02-15 13:50:06,986 - INFO -   Silhouette: 0.2358 | School ROC: 0.5688 F1: 0.5745 | Project ROC: 0.5419 F1: 0.2202 
2026-02-15 13:50:06,986 - INFO - Round 14/100
2026-02-15 13:50:07,455 - INFO -   Silhouette: 0.1881 | School ROC: 0.6286 F1: 0.6087 | Project ROC: 0.5607 F1: 0.2430 
2026-02-15 13:50:07,455 - INFO - Round 15/100
2026-02-15 13:50:07,768 - INFO -   Silhouette: 0.2089 | School ROC: 0.6776 F1: 0.6444 | Project ROC: 0.5810 F1: 0.2456 ✓
2026-02-15 13:50:07,772 - INFO - Results saved to /home/dev/work_main/random/assesment/k_means_selected/gemma3-12B_cv_results.json
2026-02-15 13:50:07,772 - INFO - Round 16/100
2026-02-15 13:50:08,024 - INFO -   Silhouette: 0.2730 | School ROC: 0.6095 F1: 0.5824 | Project ROC: 0.5337 F1: 0.2321 
2026-02-15 13:50:08,025 - INFO - Round 17/100
2026-02-15 13:50:08,333 - INFO -   Silhouette: 0.2462 | School ROC: 0.6627 F1: 0.6180 | Project ROC: 0.5344 F1: 0.2393 
2026-02-15 13:50:08,334 - INFO - Round 18/100
2026-02-15 13:50:08,614 - INFO -   Silhouette: 0.2077 | School ROC: 0.6456 F1: 0.6092 | Project ROC: 0.5781 F1: 0.2202 
2026-02-15 13:50:08,614 - INFO - Round 19/100
2026-02-15 13:50:08,944 - INFO -   Silhouette: 0.2472 | School ROC: 0.6261 F1: 0.5955 | Project ROC: 0.5607 F1: 0.2393 
2026-02-15 13:50:08,944 - INFO - Round 20/100
2026-02-15 13:50:09,213 - INFO -   Silhouette: 0.2626 | School ROC: 0.6258 F1: 0.5778 | Project ROC: 0.5273 F1: 0.2075 
2026-02-15 13:50:09,213 - INFO - Round 21/100
2026-02-15 13:50:09,496 - INFO -   Silhouette: 0.2026 | School ROC: 0.6241 F1: 0.6196 | Project ROC: 0.4917 F1: 0.2000 
2026-02-15 13:50:09,496 - INFO - Round 22/100
2026-02-15 13:50:09,796 - INFO -   Silhouette: 0.2676 | School ROC: 0.6073 F1: 0.6032 | Project ROC: 0.4818 F1: 0.1852 
2026-02-15 13:50:09,796 - INFO - Round 23/100
2026-02-15 13:50:10,051 - INFO -   Silhouette: 0.2598 | School ROC: 0.6408 F1: 0.5682 | Project ROC: 0.5645 F1: 0.2182 
2026-02-15 13:50:10,052 - INFO - Round 24/100
2026-02-15 13:50:10,303 - INFO -   Silhouette: 0.2661 | School ROC: 0.6401 F1: 0.6105 | Project ROC: 0.5465 F1: 0.2202 
2026-02-15 13:50:10,303 - INFO - Round 25/100
2026-02-15 13:50:10,562 - INFO -   Silhouette: 0.2708 | School ROC: 0.6090 F1: 0.6092 | Project ROC: 0.5433 F1: 0.2222 
2026-02-15 13:50:10,562 - INFO - Round 26/100
2026-02-15 13:50:10,825 - INFO -   Silhouette: 0.2352 | School ROC: 0.5849 F1: 0.5424 | Project ROC: 0.5029 F1: 0.2083 
2026-02-15 13:50:10,826 - INFO - Round 27/100
2026-02-15 13:50:11,070 - INFO -   Silhouette: 0.2301 | School ROC: 0.6405 F1: 0.6180 | Project ROC: 0.4974 F1: 0.1961 
2026-02-15 13:50:11,070 - INFO - Round 28/100
2026-02-15 13:50:11,337 - INFO -   Silhouette: 0.2251 | School ROC: 0.5826 F1: 0.5946 | Project ROC: 0.5121 F1: 0.2095 
2026-02-15 13:50:11,338 - INFO - Round 29/100
2026-02-15 13:50:11,631 - INFO -   Silhouette: 0.2137 | School ROC: 0.6592 F1: 0.6593 | Project ROC: 0.5020 F1: 0.1869 ✓
2026-02-15 13:50:11,643 - INFO - Results saved to /home/dev/work_main/random/assesment/k_means_selected/gemma3-12B_cv_results.json
2026-02-15 13:50:11,643 - INFO - Round 30/100
2026-02-15 13:50:11,906 - INFO -   Silhouette: 0.2789 | School ROC: 0.6015 F1: 0.5778 | Project ROC: 0.4628 F1: 0.1698 ✓
2026-02-15 13:50:11,907 - INFO -     📊 Silhouette improvement → Avg ROC: 0.5322 | Avg F1: 0.3738 | F1/ROC ratio: 0.7024 (F1 < ROC (conservative predictions))
2026-02-15 13:50:11,916 - INFO - Results saved to /home/dev/work_main/random/assesment/k_means_selected/gemma3-12B_cv_results.json
2026-02-15 13:50:11,916 - INFO - Round 31/100
2026-02-15 13:50:12,267 - INFO -   Silhouette: 0.2074 | School ROC: 0.6179 F1: 0.5889 | Project ROC: 0.5347 F1: 0.2243 
2026-02-15 13:50:12,267 - INFO - Round 32/100
2026-02-15 13:50:12,544 - INFO -   Silhouette: 0.2038 | School ROC: 0.6136 F1: 0.5862 | Project ROC: 0.5537 F1: 0.2500 
2026-02-15 13:50:12,544 - INFO - Round 33/100
2026-02-15 13:50:12,811 - INFO -   Silhouette: 0.1889 | School ROC: 0.6040 F1: 0.6000 | Project ROC: 0.5481 F1: 0.2342 
2026-02-15 13:50:12,812 - INFO - Round 34/100
2026-02-15 13:50:13,076 - INFO -   Silhouette: 0.2273 | School ROC: 0.6213 F1: 0.5843 | Project ROC: 0.5925 F1: 0.2376 ✓
2026-02-15 13:50:13,087 - INFO - Results saved to /home/dev/work_main/random/assesment/k_means_selected/gemma3-12B_cv_results.json
2026-02-15 13:50:13,088 - INFO - Round 35/100
2026-02-15 13:50:13,357 - INFO -   Silhouette: 0.1630 | School ROC: 0.5998 F1: 0.5595 | Project ROC: 0.5350 F1: 0.2268 
2026-02-15 13:50:13,357 - INFO - Round 36/100
2026-02-15 13:50:13,639 - INFO -   Silhouette: 0.2319 | School ROC: 0.5895 F1: 0.5902 | Project ROC: 0.5554 F1: 0.2200 
2026-02-15 13:50:13,639 - INFO - Round 37/100
2026-02-15 13:50:13,892 - INFO -   Silhouette: 0.1999 | School ROC: 0.6454 F1: 0.6304 | Project ROC: 0.5881 F1: 0.2456 
2026-02-15 13:50:13,892 - INFO - Round 38/100
2026-02-15 13:50:14,137 - INFO -   Silhouette: 0.2314 | School ROC: 0.6092 F1: 0.5889 | Project ROC: 0.5454 F1: 0.2321 
2026-02-15 13:50:14,137 - INFO - Round 39/100
2026-02-15 13:50:14,370 - INFO -   Silhouette: 0.2159 | School ROC: 0.6254 F1: 0.6145 | Project ROC: 0.5333 F1: 0.2200 
2026-02-15 13:50:14,371 - INFO - Round 40/100
2026-02-15 13:50:14,676 - INFO -   Silhouette: 0.2601 | School ROC: 0.5672 F1: 0.5730 | Project ROC: 0.5061 F1: 0.1569 
2026-02-15 13:50:14,677 - INFO - Round 41/100
2026-02-15 13:50:15,108 - INFO -   Silhouette: 0.2639 | School ROC: 0.6267 F1: 0.6243 | Project ROC: 0.5255 F1: 0.1982 
2026-02-15 13:50:15,108 - INFO - Round 42/100
2026-02-15 13:50:15,339 - INFO -   Silhouette: 0.2500 | School ROC: 0.6032 F1: 0.5730 | Project ROC: 0.5610 F1: 0.2243 
2026-02-15 13:50:15,340 - INFO - Round 43/100
2026-02-15 13:50:15,614 - INFO -   Silhouette: 0.2581 | School ROC: 0.6600 F1: 0.6092 | Project ROC: 0.5490 F1: 0.2586 
2026-02-15 13:50:15,615 - INFO - Round 44/100
2026-02-15 13:50:15,860 - INFO -   Silhouette: 0.2121 | School ROC: 0.6254 F1: 0.5635 | Project ROC: 0.5214 F1: 0.2115 
2026-02-15 13:50:15,860 - INFO - Round 45/100
2026-02-15 13:50:16,109 - INFO -   Silhouette: 0.1922 | School ROC: 0.6069 F1: 0.5967 | Project ROC: 0.5528 F1: 0.2157 
2026-02-15 13:50:16,109 - INFO - Round 46/100
2026-02-15 13:50:16,363 - INFO -   Silhouette: 0.2066 | School ROC: 0.5708 F1: 0.5926 | Project ROC: 0.5305 F1: 0.1935 
2026-02-15 13:50:16,364 - INFO - Round 47/100
2026-02-15 13:50:16,644 - INFO -   Silhouette: 0.2542 | School ROC: 0.6676 F1: 0.6111 | Project ROC: 0.5718 F1: 0.2162 
2026-02-15 13:50:16,644 - INFO - Round 48/100
2026-02-15 13:50:16,890 - INFO -   Silhouette: 0.2629 | School ROC: 0.5959 F1: 0.5909 | Project ROC: 0.6094 F1: 0.2574 ✓
2026-02-15 13:50:16,900 - INFO - Results saved to /home/dev/work_main/random/assesment/k_means_selected/gemma3-12B_cv_results.json
2026-02-15 13:50:16,900 - INFO - Round 49/100
2026-02-15 13:50:17,229 - INFO -   Silhouette: 0.2204 | School ROC: 0.6349 F1: 0.5848 | Project ROC: 0.5559 F1: 0.2157 
2026-02-15 13:50:17,230 - INFO - Round 50/100
2026-02-15 13:50:17,507 - INFO -   Silhouette: 0.2538 | School ROC: 0.6217 F1: 0.5652 | Project ROC: 0.5477 F1: 0.2124 
2026-02-15 13:50:17,507 - INFO - Round 51/100
2026-02-15 13:50:17,777 - INFO -   Silhouette: 0.2696 | School ROC: 0.5444 F1: 0.5318 | Project ROC: 0.4648 F1: 0.1905 
2026-02-15 13:50:17,778 - INFO - Round 52/100
2026-02-15 13:50:18,035 - INFO -   Silhouette: 0.2287 | School ROC: 0.6610 F1: 0.6171 | Project ROC: 0.5719 F1: 0.2342 
2026-02-15 13:50:18,036 - INFO - Round 53/100
2026-02-15 13:50:18,300 - INFO -   Silhouette: 0.2522 | School ROC: 0.6356 F1: 0.6224 | Project ROC: 0.5338 F1: 0.2203 
2026-02-15 13:50:18,300 - INFO - Round 54/100
2026-02-15 13:50:18,675 - INFO -   Silhouette: 0.2736 | School ROC: 0.6415 F1: 0.5909 | Project ROC: 0.5953 F1: 0.2500 
2026-02-15 13:50:18,676 - INFO - Round 55/100
2026-02-15 13:50:19,044 - INFO -   Silhouette: 0.2551 | School ROC: 0.6197 F1: 0.5922 | Project ROC: 0.5388 F1: 0.2542 
2026-02-15 13:50:19,044 - INFO - Round 56/100
2026-02-15 13:50:19,273 - INFO -   Silhouette: 0.2324 | School ROC: 0.6215 F1: 0.6237 | Project ROC: 0.5333 F1: 0.1869 
2026-02-15 13:50:19,274 - INFO - Round 57/100
2026-02-15 13:50:19,575 - INFO -   Silhouette: 0.2228 | School ROC: 0.6110 F1: 0.5667 | Project ROC: 0.5064 F1: 0.1980 
2026-02-15 13:50:19,576 - INFO - Round 58/100
2026-02-15 13:50:19,834 - INFO -   Silhouette: 0.2461 | School ROC: 0.5768 F1: 0.5902 | Project ROC: 0.5274 F1: 0.2083 
2026-02-15 13:50:19,834 - INFO - Round 59/100
2026-02-15 13:50:20,155 - INFO -   Silhouette: 0.2672 | School ROC: 0.5531 F1: 0.5287 | Project ROC: 0.4994 F1: 0.1923 
2026-02-15 13:50:20,156 - INFO - Round 60/100
2026-02-15 13:50:20,403 - INFO -   Silhouette: 0.2160 | School ROC: 0.6064 F1: 0.5889 | Project ROC: 0.5053 F1: 0.2264 
2026-02-15 13:50:20,403 - INFO - Round 61/100
2026-02-15 13:50:20,723 - INFO -   Silhouette: 0.2211 | School ROC: 0.6192 F1: 0.5882 | Project ROC: 0.5324 F1: 0.2453 
2026-02-15 13:50:20,723 - INFO - Round 62/100
2026-02-15 13:50:21,014 - INFO -   Silhouette: 0.1612 | School ROC: 0.6860 F1: 0.6413 | Project ROC: 0.5258 F1: 0.2308 ✓
2026-02-15 13:50:21,039 - INFO - Results saved to /home/dev/work_main/random/assesment/k_means_selected/gemma3-12B_cv_results.json
2026-02-15 13:50:21,039 - INFO - Round 63/100
2026-02-15 13:50:21,254 - INFO -   Silhouette: 0.3103 | School ROC: 0.5976 F1: 0.5746 | Project ROC: 0.5661 F1: 0.2745 ✓
2026-02-15 13:50:21,254 - INFO -     📊 Silhouette improvement → Avg ROC: 0.5818 | Avg F1: 0.4245 | F1/ROC ratio: 0.7297 (F1 < ROC (conservative predictions))
2026-02-15 13:50:21,269 - INFO - Results saved to /home/dev/work_main/random/assesment/k_means_selected/gemma3-12B_cv_results.json
2026-02-15 13:50:21,269 - INFO - Round 64/100
2026-02-15 13:50:21,624 - INFO -   Silhouette: 0.1746 | School ROC: 0.6234 F1: 0.5967 | Project ROC: 0.5810 F1: 0.2143 
2026-02-15 13:50:21,624 - INFO - Round 65/100
2026-02-15 13:50:21,935 - INFO -   Silhouette: 0.2434 | School ROC: 0.5830 F1: 0.5778 | Project ROC: 0.5677 F1: 0.2524 
2026-02-15 13:50:21,935 - INFO - Round 66/100
2026-02-15 13:50:22,298 - INFO -   Silhouette: 0.2270 | School ROC: 0.6467 F1: 0.6170 | Project ROC: 0.5353 F1: 0.2056 
2026-02-15 13:50:22,298 - INFO - Round 67/100
2026-02-15 13:50:22,708 - INFO -   Silhouette: 0.2865 | School ROC: 0.6378 F1: 0.6044 | Project ROC: 0.5344 F1: 0.2301 
2026-02-15 13:50:22,708 - INFO - Round 68/100
2026-02-15 13:50:22,906 - INFO -   Silhouette: 0.2368 | School ROC: 0.5975 F1: 0.5424 | Project ROC: 0.4825 F1: 0.1942 
2026-02-15 13:50:22,907 - INFO - Round 69/100
2026-02-15 13:50:23,204 - INFO -   Silhouette: 0.2630 | School ROC: 0.6335 F1: 0.6145 | Project ROC: 0.5544 F1: 0.1923 
2026-02-15 13:50:23,205 - INFO - Round 70/100
2026-02-15 13:50:23,494 - INFO -   Silhouette: 0.2222 | School ROC: 0.5964 F1: 0.5838 | Project ROC: 0.5045 F1: 0.1835 
2026-02-15 13:50:23,494 - INFO - Round 71/100
2026-02-15 13:50:23,855 - INFO -   Silhouette: 0.1885 | School ROC: 0.6171 F1: 0.5595 | Project ROC: 0.6033 F1: 0.2637 
2026-02-15 13:50:23,855 - INFO - Round 72/100
2026-02-15 13:50:24,119 - INFO -   Silhouette: 0.2275 | School ROC: 0.6578 F1: 0.6146 | Project ROC: 0.5712 F1: 0.2308 
2026-02-15 13:50:24,120 - INFO - Round 73/100
2026-02-15 13:50:24,498 - INFO -   Silhouette: 0.2801 | School ROC: 0.6569 F1: 0.5824 | Project ROC: 0.4946 F1: 0.2182 
2026-02-15 13:50:24,499 - INFO - Round 74/100
2026-02-15 13:50:24,750 - INFO -   Silhouette: 0.2338 | School ROC: 0.5847 F1: 0.5698 | Project ROC: 0.4851 F1: 0.1600 
2026-02-15 13:50:24,750 - INFO - Round 75/100
2026-02-15 13:50:24,972 - INFO -   Silhouette: 0.2345 | School ROC: 0.6040 F1: 0.5938 | Project ROC: 0.5392 F1: 0.2105 
2026-02-15 13:50:24,972 - INFO - Round 76/100
2026-02-15 13:50:25,205 - INFO -   Silhouette: 0.2049 | School ROC: 0.6619 F1: 0.6196 | Project ROC: 0.5716 F1: 0.2435 
2026-02-15 13:50:25,206 - INFO - Round 77/100
2026-02-15 13:50:25,481 - INFO -   Silhouette: 0.2897 | School ROC: 0.5870 F1: 0.5667 | Project ROC: 0.5105 F1: 0.1782 
2026-02-15 13:50:25,481 - INFO - Round 78/100
2026-02-15 13:50:25,791 - INFO -   Silhouette: 0.2484 | School ROC: 0.6297 F1: 0.6154 | Project ROC: 0.5552 F1: 0.2095 
2026-02-15 13:50:25,791 - INFO - Round 79/100
2026-02-15 13:50:26,100 - INFO -   Silhouette: 0.2283 | School ROC: 0.6023 F1: 0.5902 | Project ROC: 0.5200 F1: 0.2000 
2026-02-15 13:50:26,100 - INFO - Round 80/100
2026-02-15 13:50:26,402 - INFO -   Silhouette: 0.2618 | School ROC: 0.6307 F1: 0.6448 | Project ROC: 0.5684 F1: 0.2243 
2026-02-15 13:50:26,402 - INFO - Round 81/100
2026-02-15 13:50:26,689 - INFO -   Silhouette: 0.1991 | School ROC: 0.6356 F1: 0.6118 | Project ROC: 0.5641 F1: 0.2476 
2026-02-15 13:50:26,689 - INFO - Round 82/100
2026-02-15 13:50:26,937 - INFO -   Silhouette: 0.2192 | School ROC: 0.6566 F1: 0.6127 | Project ROC: 0.5559 F1: 0.2407 
2026-02-15 13:50:26,937 - INFO - Round 83/100
2026-02-15 13:50:27,228 - INFO -   Silhouette: 0.2316 | School ROC: 0.5936 F1: 0.6011 | Project ROC: 0.5277 F1: 0.1782 
2026-02-15 13:50:27,228 - INFO - Round 84/100
2026-02-15 13:50:27,489 - INFO -   Silhouette: 0.2274 | School ROC: 0.6952 F1: 0.6630 | Project ROC: 0.5546 F1: 0.2105 ✓
2026-02-15 13:50:27,517 - INFO - Results saved to /home/dev/work_main/random/assesment/k_means_selected/gemma3-12B_cv_results.json
2026-02-15 13:50:27,517 - INFO - Round 85/100
2026-02-15 13:50:27,766 - INFO -   Silhouette: 0.3270 | School ROC: 0.6439 F1: 0.6413 | Project ROC: 0.5535 F1: 0.2095 ✓
2026-02-15 13:50:27,766 - INFO -     📊 Silhouette improvement → Avg ROC: 0.5987 | Avg F1: 0.4254 | F1/ROC ratio: 0.7105 (F1 < ROC (conservative predictions))
2026-02-15 13:50:27,785 - INFO - Results saved to /home/dev/work_main/random/assesment/k_means_selected/gemma3-12B_cv_results.json
2026-02-15 13:50:27,786 - INFO - Round 86/100
2026-02-15 13:50:28,000 - INFO -   Silhouette: 0.2576 | School ROC: 0.6335 F1: 0.5978 | Project ROC: 0.5133 F1: 0.2264 
2026-02-15 13:50:28,000 - INFO - Round 87/100
2026-02-15 13:50:28,283 - INFO -   Silhouette: 0.2293 | School ROC: 0.6158 F1: 0.6129 | Project ROC: 0.5165 F1: 0.2202 
2026-02-15 13:50:28,284 - INFO - Round 88/100
2026-02-15 13:50:28,577 - INFO -   Silhouette: 0.2263 | School ROC: 0.6197 F1: 0.5763 | Project ROC: 0.5276 F1: 0.1887 
2026-02-15 13:50:28,578 - INFO - Round 89/100
2026-02-15 13:50:28,863 - INFO -   Silhouette: 0.2172 | School ROC: 0.6485 F1: 0.6524 | Project ROC: 0.5731 F1: 0.2609 ✓
2026-02-15 13:50:28,882 - INFO - Results saved to /home/dev/work_main/random/assesment/k_means_selected/gemma3-12B_cv_results.json
2026-02-15 13:50:28,882 - INFO - Round 90/100
2026-02-15 13:50:29,165 - INFO -   Silhouette: 0.2026 | School ROC: 0.6028 F1: 0.5402 | Project ROC: 0.5715 F1: 0.2264 
2026-02-15 13:50:29,165 - INFO - Round 91/100
2026-02-15 13:50:29,459 - INFO -   Silhouette: 0.2046 | School ROC: 0.6498 F1: 0.6022 | Project ROC: 0.5692 F1: 0.2342 
2026-02-15 13:50:29,459 - INFO - Round 92/100
2026-02-15 13:50:29,738 - INFO -   Silhouette: 0.1760 | School ROC: 0.5712 F1: 0.5792 | Project ROC: 0.4837 F1: 0.1731 
2026-02-15 13:50:29,738 - INFO - Round 93/100
2026-02-15 13:50:30,040 - INFO -   Silhouette: 0.2965 | School ROC: 0.6552 F1: 0.6032 | Project ROC: 0.5279 F1: 0.1930 
2026-02-15 13:50:30,040 - INFO - Round 94/100
2026-02-15 13:50:30,280 - INFO -   Silhouette: 0.2294 | School ROC: 0.6353 F1: 0.5714 | Project ROC: 0.5104 F1: 0.1835 
2026-02-15 13:50:30,280 - INFO - Round 95/100
2026-02-15 13:50:30,608 - INFO -   Silhouette: 0.1936 | School ROC: 0.6397 F1: 0.5876 | Project ROC: 0.5124 F1: 0.2200 
2026-02-15 13:50:30,608 - INFO - Round 96/100
2026-02-15 13:50:30,904 - INFO -   Silhouette: 0.2176 | School ROC: 0.6145 F1: 0.5814 | Project ROC: 0.5197 F1: 0.2136 
2026-02-15 13:50:30,904 - INFO - Round 97/100
2026-02-15 13:50:31,203 - INFO -   Silhouette: 0.1956 | School ROC: 0.6392 F1: 0.5829 | Project ROC: 0.5088 F1: 0.2200 
2026-02-15 13:50:31,203 - INFO - Round 98/100
2026-02-15 13:50:31,469 - INFO -   Silhouette: 0.2385 | School ROC: 0.6184 F1: 0.6044 | Project ROC: 0.5204 F1: 0.1964 
2026-02-15 13:50:31,469 - INFO - Round 99/100
2026-02-15 13:50:31,746 - INFO -   Silhouette: 0.2216 | School ROC: 0.6383 F1: 0.5943 | Project ROC: 0.5414 F1: 0.2385 
2026-02-15 13:50:31,746 - INFO - Round 100/100
2026-02-15 13:50:31,985 - INFO -   Silhouette: 0.2006 | School ROC: 0.6568 F1: 0.6054 | Project ROC: 0.5673 F1: 0.2500 
2026-02-15 13:50:32,018 - INFO - Results saved to /home/dev/work_main/random/assesment/k_means_selected/gemma3-12B_cv_results.json
2026-02-15 13:50:34,569 - INFO - Convergence plots saved to /home/dev/work_main/random/assesment/k_means_selected/gemma3-12B_cv_convergence_plots.png
2026-02-15 13:50:37,309 - INFO - Focused correlation analysis saved to /home/dev/work_main/random/assesment/k_means_selected/gemma3-12B_cv_silhouette_correlation.png
2026-02-15 13:50:37,309 - INFO - Correlation values saved to /home/dev/work_main/random/assesment/k_means_selected/gemma3-12B_cv_silhouette_correlations.json
2026-02-15 13:50:37,310 - INFO - Silhouette Correlation Summary:
2026-02-15 13:50:37,310 - INFO -   • Silhouette vs School ROC AUC: R=-0.121 (WEAK negative)
2026-02-15 13:50:37,310 - INFO -   • Silhouette vs Project ROC AUC: R=-0.139 (WEAK negative)
2026-02-15 13:50:37,310 - INFO -   • Silhouette vs Avg. ROC AUC: R=-0.156 (WEAK negative)
2026-02-15 13:50:37,310 - INFO -   • Silhouette vs School F1 Score: R=-0.044 (WEAK negative)
2026-02-15 13:50:37,310 - INFO -   • Silhouette vs Project F1 Score: R=-0.125 (WEAK negative)
2026-02-15 13:50:37,310 - INFO -   • Silhouette vs Avg. F1 Score: R=-0.107 (WEAK negative)
2026-02-15 13:50:37,310 - INFO - Experiment completed!
2026-02-15 13:54:00,017 - INFO - 
======================================================================
2026-02-15 13:54:00,017 - INFO - CLASS DISTRIBUTION DIAGNOSTICS
2026-02-15 13:54:00,017 - INFO - ======================================================================
2026-02-15 13:54:00,018 - INFO - 
school_participation_flag:
2026-02-15 13:54:00,018 - INFO -   Class 0 (negative): 309 samples (54.12%)
2026-02-15 13:54:00,018 - INFO -   Class 1 (positive): 262 samples (45.88%)
2026-02-15 13:54:00,018 - INFO - 
project_participation_flag:
2026-02-15 13:54:00,018 - INFO -   Class 0 (negative): 494 samples (86.51%)
2026-02-15 13:54:00,018 - INFO -   Class 1 (positive): 77 samples (13.49%)
2026-02-15 13:54:00,018 - INFO - ======================================================================

2026-02-15 13:54:00,019 - INFO - Initialized experiment: K=10, feature_mode='mean'
2026-02-15 13:54:00,019 - INFO - Starting experiment: gemma3-12B_cv
2026-02-15 13:54:00,019 - INFO - Research focus: Correlation between unsupervised clustering (Silhouette) and supervised metrics
2026-02-15 13:54:00,019 - INFO - Round 1/100
2026-02-15 13:54:00,359 - INFO -   Silhouette: 0.2315 | School ROC: 0.6307 F1: 0.5665 | Project ROC: 0.5357 F1: 0.1913 ✓
2026-02-15 13:54:00,359 - INFO -     📊 Silhouette improvement → Avg ROC: 0.5832 | Avg F1: 0.3789 | F1/ROC ratio: 0.6496 (F1 < ROC (conservative predictions))
2026-02-15 13:54:00,360 - INFO - Results saved to /home/dev/work_main/random/assesment/k_means_selected/gemma3-12B_cv_results.json
2026-02-15 13:54:00,360 - INFO - Round 2/100
2026-02-15 13:54:00,742 - INFO -   Silhouette: 0.2264 | School ROC: 0.6408 F1: 0.6374 | Project ROC: 0.5795 F1: 0.2680 ✓
2026-02-15 13:54:00,753 - INFO - Results saved to /home/dev/work_main/random/assesment/k_means_selected/gemma3-12B_cv_results.json
2026-02-15 13:54:00,753 - INFO - Round 3/100
2026-02-15 13:54:01,187 - INFO -   Silhouette: 0.2023 | School ROC: 0.6441 F1: 0.6042 | Project ROC: 0.5642 F1: 0.2523 ✓
2026-02-15 13:54:01,189 - INFO - Results saved to /home/dev/work_main/random/assesment/k_means_selected/gemma3-12B_cv_results.json
2026-02-15 13:54:01,189 - INFO - Round 4/100
2026-02-15 13:54:01,562 - INFO -   Silhouette: 0.2353 | School ROC: 0.6323 F1: 0.5783 | Project ROC: 0.5652 F1: 0.2626 ✓
2026-02-15 13:54:01,563 - INFO -     📊 Silhouette improvement → Avg ROC: 0.5988 | Avg F1: 0.4205 | F1/ROC ratio: 0.7022 (F1 < ROC (conservative predictions))
2026-02-15 13:54:01,565 - INFO - Results saved to /home/dev/work_main/random/assesment/k_means_selected/gemma3-12B_cv_results.json
2026-02-15 13:54:01,565 - INFO - Round 5/100
2026-02-15 13:54:01,898 - INFO -   Silhouette: 0.1948 | School ROC: 0.6406 F1: 0.5952 | Project ROC: 0.5480 F1: 0.2087 
2026-02-15 13:54:01,898 - INFO - Round 6/100
2026-02-15 13:54:02,290 - INFO -   Silhouette: 0.1880 | School ROC: 0.6239 F1: 0.5680 | Project ROC: 0.5506 F1: 0.2041 
2026-02-15 13:54:02,291 - INFO - Round 7/100
2026-02-15 13:54:02,609 - INFO -   Silhouette: 0.2157 | School ROC: 0.6633 F1: 0.6448 | Project ROC: 0.5619 F1: 0.2286 ✓
2026-02-15 13:54:02,613 - INFO - Results saved to /home/dev/work_main/random/assesment/k_means_selected/gemma3-12B_cv_results.json
2026-02-15 13:54:02,614 - INFO - Round 8/100
2026-02-15 13:54:02,872 - INFO -   Silhouette: 0.2091 | School ROC: 0.6213 F1: 0.5714 | Project ROC: 0.5031 F1: 0.1682 
2026-02-15 13:54:02,873 - INFO - Round 9/100
2026-02-15 13:54:03,289 - INFO -   Silhouette: 0.2319 | School ROC: 0.6122 F1: 0.5967 | Project ROC: 0.5191 F1: 0.2056 
2026-02-15 13:54:03,289 - INFO - Round 10/100
2026-02-15 13:54:03,561 - INFO -   Silhouette: 0.2783 | School ROC: 0.6367 F1: 0.6237 | Project ROC: 0.5152 F1: 0.2018 ✓
2026-02-15 13:54:03,561 - INFO -     📊 Silhouette improvement → Avg ROC: 0.5759 | Avg F1: 0.4127 | F1/ROC ratio: 0.7167 (F1 < ROC (conservative predictions))
2026-02-15 13:54:03,566 - INFO - Results saved to /home/dev/work_main/random/assesment/k_means_selected/gemma3-12B_cv_results.json
2026-02-15 13:54:03,566 - INFO - Round 11/100
2026-02-15 13:54:03,814 - INFO -   Silhouette: 0.2512 | School ROC: 0.6330 F1: 0.5978 | Project ROC: 0.5409 F1: 0.2435 
2026-02-15 13:54:03,814 - INFO - Round 12/100
2026-02-15 13:54:04,069 - INFO -   Silhouette: 0.2460 | School ROC: 0.6021 F1: 0.5876 | Project ROC: 0.5306 F1: 0.1818 
2026-02-15 13:54:04,069 - INFO - Round 13/100
2026-02-15 13:54:04,365 - INFO -   Silhouette: 0.2358 | School ROC: 0.5688 F1: 0.5745 | Project ROC: 0.5419 F1: 0.2202 
2026-02-15 13:54:04,366 - INFO - Round 14/100
2026-02-15 13:54:04,679 - INFO -   Silhouette: 0.1881 | School ROC: 0.6286 F1: 0.6087 | Project ROC: 0.5607 F1: 0.2430 
2026-02-15 13:54:04,680 - INFO - Round 15/100
2026-02-15 13:54:04,927 - INFO -   Silhouette: 0.2089 | School ROC: 0.6776 F1: 0.6444 | Project ROC: 0.5810 F1: 0.2456 ✓
2026-02-15 13:54:04,933 - INFO - Results saved to /home/dev/work_main/random/assesment/k_means_selected/gemma3-12B_cv_results.json
2026-02-15 13:54:04,934 - INFO - Round 16/100
2026-02-15 13:54:05,199 - INFO -   Silhouette: 0.2730 | School ROC: 0.6095 F1: 0.5824 | Project ROC: 0.5337 F1: 0.2321 
2026-02-15 13:54:05,199 - INFO - Round 17/100
2026-02-15 13:54:05,635 - INFO -   Silhouette: 0.2462 | School ROC: 0.6627 F1: 0.6180 | Project ROC: 0.5344 F1: 0.2393 
2026-02-15 13:54:05,635 - INFO - Round 18/100
2026-02-15 13:54:05,848 - INFO -   Silhouette: 0.2077 | School ROC: 0.6456 F1: 0.6092 | Project ROC: 0.5781 F1: 0.2202 
2026-02-15 13:54:05,848 - INFO - Round 19/100
2026-02-15 13:54:06,143 - INFO -   Silhouette: 0.2472 | School ROC: 0.6261 F1: 0.5955 | Project ROC: 0.5607 F1: 0.2393 
2026-02-15 13:54:06,143 - INFO - Round 20/100
2026-02-15 13:54:06,400 - INFO -   Silhouette: 0.2626 | School ROC: 0.6258 F1: 0.5778 | Project ROC: 0.5273 F1: 0.2075 
2026-02-15 13:54:06,401 - INFO - Round 21/100
2026-02-15 13:54:06,654 - INFO -   Silhouette: 0.2026 | School ROC: 0.6241 F1: 0.6196 | Project ROC: 0.4917 F1: 0.2000 
2026-02-15 13:54:06,655 - INFO - Round 22/100
2026-02-15 13:54:06,920 - INFO -   Silhouette: 0.2676 | School ROC: 0.6073 F1: 0.6032 | Project ROC: 0.4818 F1: 0.1852 
2026-02-15 13:54:06,920 - INFO - Round 23/100
2026-02-15 13:54:07,168 - INFO -   Silhouette: 0.2598 | School ROC: 0.6408 F1: 0.5682 | Project ROC: 0.5645 F1: 0.2182 
2026-02-15 13:54:07,168 - INFO - Round 24/100
2026-02-15 13:54:07,434 - INFO -   Silhouette: 0.2661 | School ROC: 0.6401 F1: 0.6105 | Project ROC: 0.5465 F1: 0.2202 
2026-02-15 13:54:07,434 - INFO - Round 25/100
2026-02-15 13:54:07,691 - INFO -   Silhouette: 0.2708 | School ROC: 0.6090 F1: 0.6092 | Project ROC: 0.5433 F1: 0.2222 
2026-02-15 13:54:07,692 - INFO - Round 26/100
2026-02-15 13:54:07,926 - INFO -   Silhouette: 0.2352 | School ROC: 0.5849 F1: 0.5424 | Project ROC: 0.5029 F1: 0.2083 
2026-02-15 13:54:07,927 - INFO - Round 27/100
2026-02-15 13:54:08,211 - INFO -   Silhouette: 0.2301 | School ROC: 0.6405 F1: 0.6180 | Project ROC: 0.4974 F1: 0.1961 
2026-02-15 13:54:08,211 - INFO - Round 28/100
2026-02-15 13:54:08,480 - INFO -   Silhouette: 0.2251 | School ROC: 0.5826 F1: 0.5946 | Project ROC: 0.5121 F1: 0.2095 
2026-02-15 13:54:08,480 - INFO - Round 29/100
2026-02-15 13:54:08,838 - INFO -   Silhouette: 0.2137 | School ROC: 0.6592 F1: 0.6593 | Project ROC: 0.5020 F1: 0.1869 ✓
2026-02-15 13:54:08,851 - INFO - Results saved to /home/dev/work_main/random/assesment/k_means_selected/gemma3-12B_cv_results.json
2026-02-15 13:54:08,852 - INFO - Round 30/100
2026-02-15 13:54:09,124 - INFO -   Silhouette: 0.2789 | School ROC: 0.6015 F1: 0.5778 | Project ROC: 0.4628 F1: 0.1698 ✓
2026-02-15 13:54:09,124 - INFO -     📊 Silhouette improvement → Avg ROC: 0.5322 | Avg F1: 0.3738 | F1/ROC ratio: 0.7024 (F1 < ROC (conservative predictions))
2026-02-15 13:54:09,134 - INFO - Results saved to /home/dev/work_main/random/assesment/k_means_selected/gemma3-12B_cv_results.json
2026-02-15 13:54:09,134 - INFO - Round 31/100
2026-02-15 13:54:09,464 - INFO -   Silhouette: 0.2074 | School ROC: 0.6179 F1: 0.5889 | Project ROC: 0.5347 F1: 0.2243 
2026-02-15 13:54:09,465 - INFO - Round 32/100
2026-02-15 13:54:09,690 - INFO -   Silhouette: 0.2038 | School ROC: 0.6136 F1: 0.5862 | Project ROC: 0.5537 F1: 0.2500 
2026-02-15 13:54:09,690 - INFO - Round 33/100
2026-02-15 13:54:09,981 - INFO -   Silhouette: 0.1889 | School ROC: 0.6040 F1: 0.6000 | Project ROC: 0.5481 F1: 0.2342 
2026-02-15 13:54:09,982 - INFO - Round 34/100
2026-02-15 13:54:10,266 - INFO -   Silhouette: 0.2273 | School ROC: 0.6213 F1: 0.5843 | Project ROC: 0.5925 F1: 0.2376 ✓
2026-02-15 13:54:10,274 - INFO - Results saved to /home/dev/work_main/random/assesment/k_means_selected/gemma3-12B_cv_results.json
2026-02-15 13:54:10,274 - INFO - Round 35/100
2026-02-15 13:54:10,667 - INFO -   Silhouette: 0.1630 | School ROC: 0.5998 F1: 0.5595 | Project ROC: 0.5350 F1: 0.2268 
2026-02-15 13:54:10,668 - INFO - Round 36/100
2026-02-15 13:54:10,923 - INFO -   Silhouette: 0.2319 | School ROC: 0.5895 F1: 0.5902 | Project ROC: 0.5554 F1: 0.2200 
2026-02-15 13:54:10,924 - INFO - Round 37/100
2026-02-15 13:54:11,180 - INFO -   Silhouette: 0.1999 | School ROC: 0.6454 F1: 0.6304 | Project ROC: 0.5881 F1: 0.2456 
2026-02-15 13:54:11,180 - INFO - Round 38/100
2026-02-15 13:54:11,452 - INFO -   Silhouette: 0.2314 | School ROC: 0.6092 F1: 0.5889 | Project ROC: 0.5454 F1: 0.2321 
2026-02-15 13:54:11,452 - INFO - Round 39/100
2026-02-15 13:54:11,693 - INFO -   Silhouette: 0.2159 | School ROC: 0.6254 F1: 0.6145 | Project ROC: 0.5333 F1: 0.2200 
2026-02-15 13:54:11,693 - INFO - Round 40/100
2026-02-15 13:54:11,960 - INFO -   Silhouette: 0.2601 | School ROC: 0.5672 F1: 0.5730 | Project ROC: 0.5061 F1: 0.1569 
2026-02-15 13:54:11,960 - INFO - Round 41/100
2026-02-15 13:54:12,263 - INFO -   Silhouette: 0.2639 | School ROC: 0.6267 F1: 0.6243 | Project ROC: 0.5255 F1: 0.1982 
2026-02-15 13:54:12,264 - INFO - Round 42/100
2026-02-15 13:54:12,480 - INFO -   Silhouette: 0.2500 | School ROC: 0.6032 F1: 0.5730 | Project ROC: 0.5610 F1: 0.2243 
2026-02-15 13:54:12,480 - INFO - Round 43/100
2026-02-15 13:54:12,756 - INFO -   Silhouette: 0.2581 | School ROC: 0.6600 F1: 0.6092 | Project ROC: 0.5490 F1: 0.2586 
2026-02-15 13:54:12,757 - INFO - Round 44/100
2026-02-15 13:54:12,991 - INFO -   Silhouette: 0.2121 | School ROC: 0.6254 F1: 0.5635 | Project ROC: 0.5214 F1: 0.2115 
2026-02-15 13:54:12,992 - INFO - Round 45/100
2026-02-15 13:54:13,236 - INFO -   Silhouette: 0.1922 | School ROC: 0.6069 F1: 0.5967 | Project ROC: 0.5528 F1: 0.2157 
2026-02-15 13:54:13,236 - INFO - Round 46/100
2026-02-15 13:54:13,496 - INFO -   Silhouette: 0.2066 | School ROC: 0.5708 F1: 0.5926 | Project ROC: 0.5305 F1: 0.1935 
2026-02-15 13:54:13,496 - INFO - Round 47/100
2026-02-15 13:54:13,767 - INFO -   Silhouette: 0.2542 | School ROC: 0.6676 F1: 0.6111 | Project ROC: 0.5718 F1: 0.2162 
2026-02-15 13:54:13,767 - INFO - Round 48/100
2026-02-15 13:54:14,070 - INFO -   Silhouette: 0.2629 | School ROC: 0.5959 F1: 0.5909 | Project ROC: 0.6094 F1: 0.2574 ✓
2026-02-15 13:54:14,096 - INFO - Results saved to /home/dev/work_main/random/assesment/k_means_selected/gemma3-12B_cv_results.json
2026-02-15 13:54:14,096 - INFO - Round 49/100
2026-02-15 13:54:14,382 - INFO -   Silhouette: 0.2204 | School ROC: 0.6349 F1: 0.5848 | Project ROC: 0.5559 F1: 0.2157 
2026-02-15 13:54:14,383 - INFO - Round 50/100
2026-02-15 13:54:14,626 - INFO -   Silhouette: 0.2538 | School ROC: 0.6217 F1: 0.5652 | Project ROC: 0.5477 F1: 0.2124 
2026-02-15 13:54:14,627 - INFO - Round 51/100
2026-02-15 13:54:14,979 - INFO -   Silhouette: 0.2696 | School ROC: 0.5444 F1: 0.5318 | Project ROC: 0.4648 F1: 0.1905 
2026-02-15 13:54:14,979 - INFO - Round 52/100
2026-02-15 13:54:15,302 - INFO -   Silhouette: 0.2287 | School ROC: 0.6610 F1: 0.6171 | Project ROC: 0.5719 F1: 0.2342 
2026-02-15 13:54:15,302 - INFO - Round 53/100
2026-02-15 13:54:15,581 - INFO -   Silhouette: 0.2522 | School ROC: 0.6356 F1: 0.6224 | Project ROC: 0.5338 F1: 0.2203 
2026-02-15 13:54:15,581 - INFO - Round 54/100
2026-02-15 13:54:15,825 - INFO -   Silhouette: 0.2736 | School ROC: 0.6415 F1: 0.5909 | Project ROC: 0.5953 F1: 0.2500 
2026-02-15 13:54:15,825 - INFO - Round 55/100
2026-02-15 13:54:16,072 - INFO -   Silhouette: 0.2551 | School ROC: 0.6197 F1: 0.5922 | Project ROC: 0.5388 F1: 0.2542 
2026-02-15 13:54:16,072 - INFO - Round 56/100
2026-02-15 13:54:16,412 - INFO -   Silhouette: 0.2324 | School ROC: 0.6215 F1: 0.6237 | Project ROC: 0.5333 F1: 0.1869 
2026-02-15 13:54:16,413 - INFO - Round 57/100
2026-02-15 13:54:16,646 - INFO -   Silhouette: 0.2228 | School ROC: 0.6110 F1: 0.5667 | Project ROC: 0.5064 F1: 0.1980 
2026-02-15 13:54:16,646 - INFO - Round 58/100
2026-02-15 13:54:16,979 - INFO -   Silhouette: 0.2461 | School ROC: 0.5768 F1: 0.5902 | Project ROC: 0.5274 F1: 0.2083 
2026-02-15 13:54:16,979 - INFO - Round 59/100
2026-02-15 13:54:17,229 - INFO -   Silhouette: 0.2672 | School ROC: 0.5531 F1: 0.5287 | Project ROC: 0.4994 F1: 0.1923 
2026-02-15 13:54:17,229 - INFO - Round 60/100
2026-02-15 13:54:17,484 - INFO -   Silhouette: 0.2160 | School ROC: 0.6064 F1: 0.5889 | Project ROC: 0.5053 F1: 0.2264 
2026-02-15 13:54:17,485 - INFO - Round 61/100
2026-02-15 13:54:17,777 - INFO -   Silhouette: 0.2211 | School ROC: 0.6192 F1: 0.5882 | Project ROC: 0.5324 F1: 0.2453 
2026-02-15 13:54:17,777 - INFO - Round 62/100
2026-02-15 13:54:18,055 - INFO -   Silhouette: 0.1612 | School ROC: 0.6860 F1: 0.6413 | Project ROC: 0.5258 F1: 0.2308 ✓
2026-02-15 13:54:18,069 - INFO - Results saved to /home/dev/work_main/random/assesment/k_means_selected/gemma3-12B_cv_results.json
2026-02-15 13:54:18,069 - INFO - Round 63/100
2026-02-15 13:54:18,321 - INFO -   Silhouette: 0.3103 | School ROC: 0.5976 F1: 0.5746 | Project ROC: 0.5661 F1: 0.2745 ✓
2026-02-15 13:54:18,321 - INFO -     📊 Silhouette improvement → Avg ROC: 0.5818 | Avg F1: 0.4245 | F1/ROC ratio: 0.7297 (F1 < ROC (conservative predictions))
2026-02-15 13:54:18,342 - INFO - Results saved to /home/dev/work_main/random/assesment/k_means_selected/gemma3-12B_cv_results.json
2026-02-15 13:54:18,342 - INFO - Round 64/100
2026-02-15 13:54:18,624 - INFO -   Silhouette: 0.1746 | School ROC: 0.6234 F1: 0.5967 | Project ROC: 0.5810 F1: 0.2143 
2026-02-15 13:54:18,624 - INFO - Round 65/100
2026-02-15 13:54:18,910 - INFO -   Silhouette: 0.2434 | School ROC: 0.5830 F1: 0.5778 | Project ROC: 0.5677 F1: 0.2524 
2026-02-15 13:54:18,910 - INFO - Round 66/100
2026-02-15 13:54:19,232 - INFO -   Silhouette: 0.2270 | School ROC: 0.6467 F1: 0.6170 | Project ROC: 0.5353 F1: 0.2056 
2026-02-15 13:54:19,232 - INFO - Round 67/100
2026-02-15 13:54:19,474 - INFO -   Silhouette: 0.2865 | School ROC: 0.6378 F1: 0.6044 | Project ROC: 0.5344 F1: 0.2301 
2026-02-15 13:54:19,474 - INFO - Round 68/100
2026-02-15 13:54:19,749 - INFO -   Silhouette: 0.2368 | School ROC: 0.5975 F1: 0.5424 | Project ROC: 0.4825 F1: 0.1942 
2026-02-15 13:54:19,749 - INFO - Round 69/100
2026-02-15 13:54:20,006 - INFO -   Silhouette: 0.2630 | School ROC: 0.6335 F1: 0.6145 | Project ROC: 0.5544 F1: 0.1923 
2026-02-15 13:54:20,006 - INFO - Round 70/100
2026-02-15 13:54:20,370 - INFO -   Silhouette: 0.2222 | School ROC: 0.5964 F1: 0.5838 | Project ROC: 0.5045 F1: 0.1835 
2026-02-15 13:54:20,370 - INFO - Round 71/100
2026-02-15 13:54:20,617 - INFO -   Silhouette: 0.1885 | School ROC: 0.6171 F1: 0.5595 | Project ROC: 0.6033 F1: 0.2637 
2026-02-15 13:54:20,617 - INFO - Round 72/100
2026-02-15 13:54:20,990 - INFO -   Silhouette: 0.2275 | School ROC: 0.6578 F1: 0.6146 | Project ROC: 0.5712 F1: 0.2308 
2026-02-15 13:54:20,990 - INFO - Round 73/100
2026-02-15 13:54:21,267 - INFO -   Silhouette: 0.2801 | School ROC: 0.6569 F1: 0.5824 | Project ROC: 0.4946 F1: 0.2182 
2026-02-15 13:54:21,267 - INFO - Round 74/100
2026-02-15 13:54:21,569 - INFO -   Silhouette: 0.2338 | School ROC: 0.5847 F1: 0.5698 | Project ROC: 0.4851 F1: 0.1600 
2026-02-15 13:54:21,570 - INFO - Round 75/100
2026-02-15 13:54:21,860 - INFO -   Silhouette: 0.2345 | School ROC: 0.6040 F1: 0.5938 | Project ROC: 0.5392 F1: 0.2105 
2026-02-15 13:54:21,861 - INFO - Round 76/100
2026-02-15 13:54:22,137 - INFO -   Silhouette: 0.2049 | School ROC: 0.6619 F1: 0.6196 | Project ROC: 0.5716 F1: 0.2435 
2026-02-15 13:54:22,138 - INFO - Round 77/100
2026-02-15 13:54:22,376 - INFO -   Silhouette: 0.2897 | School ROC: 0.5870 F1: 0.5667 | Project ROC: 0.5105 F1: 0.1782 
2026-02-15 13:54:22,377 - INFO - Round 78/100
2026-02-15 13:54:22,630 - INFO -   Silhouette: 0.2484 | School ROC: 0.6297 F1: 0.6154 | Project ROC: 0.5552 F1: 0.2095 
2026-02-15 13:54:22,630 - INFO - Round 79/100
2026-02-15 13:54:22,961 - INFO -   Silhouette: 0.2283 | School ROC: 0.6023 F1: 0.5902 | Project ROC: 0.5200 F1: 0.2000 
2026-02-15 13:54:22,962 - INFO - Round 80/100
2026-02-15 13:54:23,249 - INFO -   Silhouette: 0.2618 | School ROC: 0.6307 F1: 0.6448 | Project ROC: 0.5684 F1: 0.2243 
2026-02-15 13:54:23,250 - INFO - Round 81/100
2026-02-15 13:54:23,504 - INFO -   Silhouette: 0.1991 | School ROC: 0.6356 F1: 0.6118 | Project ROC: 0.5641 F1: 0.2476 
2026-02-15 13:54:23,504 - INFO - Round 82/100
2026-02-15 13:54:23,846 - INFO -   Silhouette: 0.2192 | School ROC: 0.6566 F1: 0.6127 | Project ROC: 0.5559 F1: 0.2407 
2026-02-15 13:54:23,846 - INFO - Round 83/100
2026-02-15 13:54:24,160 - INFO -   Silhouette: 0.2316 | School ROC: 0.5936 F1: 0.6011 | Project ROC: 0.5277 F1: 0.1782 
2026-02-15 13:54:24,161 - INFO - Round 84/100
2026-02-15 13:54:24,499 - INFO -   Silhouette: 0.2274 | School ROC: 0.6952 F1: 0.6630 | Project ROC: 0.5546 F1: 0.2105 ✓
2026-02-15 13:54:24,516 - INFO - Results saved to /home/dev/work_main/random/assesment/k_means_selected/gemma3-12B_cv_results.json
2026-02-15 13:54:24,517 - INFO - Round 85/100
2026-02-15 13:54:24,785 - INFO -   Silhouette: 0.3270 | School ROC: 0.6439 F1: 0.6413 | Project ROC: 0.5535 F1: 0.2095 ✓
2026-02-15 13:54:24,785 - INFO -     📊 Silhouette improvement → Avg ROC: 0.5987 | Avg F1: 0.4254 | F1/ROC ratio: 0.7105 (F1 < ROC (conservative predictions))
2026-02-15 13:54:24,813 - INFO - Results saved to /home/dev/work_main/random/assesment/k_means_selected/gemma3-12B_cv_results.json
2026-02-15 13:54:24,813 - INFO - Round 86/100
2026-02-15 13:54:25,046 - INFO -   Silhouette: 0.2576 | School ROC: 0.6335 F1: 0.5978 | Project ROC: 0.5133 F1: 0.2264 
2026-02-15 13:54:25,046 - INFO - Round 87/100
2026-02-15 13:54:25,325 - INFO -   Silhouette: 0.2293 | School ROC: 0.6158 F1: 0.6129 | Project ROC: 0.5165 F1: 0.2202 
2026-02-15 13:54:25,326 - INFO - Round 88/100
2026-02-15 13:54:25,629 - INFO -   Silhouette: 0.2263 | School ROC: 0.6197 F1: 0.5763 | Project ROC: 0.5276 F1: 0.1887 
2026-02-15 13:54:25,629 - INFO - Round 89/100
2026-02-15 13:54:25,866 - INFO -   Silhouette: 0.2172 | School ROC: 0.6485 F1: 0.6524 | Project ROC: 0.5731 F1: 0.2609 ✓
2026-02-15 13:54:25,904 - INFO - Results saved to /home/dev/work_main/random/assesment/k_means_selected/gemma3-12B_cv_results.json
2026-02-15 13:54:25,904 - INFO - Round 90/100
2026-02-15 13:54:26,145 - INFO -   Silhouette: 0.2026 | School ROC: 0.6028 F1: 0.5402 | Project ROC: 0.5715 F1: 0.2264 
2026-02-15 13:54:26,145 - INFO - Round 91/100
2026-02-15 13:54:26,409 - INFO -   Silhouette: 0.2046 | School ROC: 0.6498 F1: 0.6022 | Project ROC: 0.5692 F1: 0.2342 
2026-02-15 13:54:26,410 - INFO - Round 92/100
2026-02-15 13:54:26,670 - INFO -   Silhouette: 0.1760 | School ROC: 0.5712 F1: 0.5792 | Project ROC: 0.4837 F1: 0.1731 
2026-02-15 13:54:26,670 - INFO - Round 93/100
2026-02-15 13:54:26,912 - INFO -   Silhouette: 0.2965 | School ROC: 0.6552 F1: 0.6032 | Project ROC: 0.5279 F1: 0.1930 
2026-02-15 13:54:26,913 - INFO - Round 94/100
2026-02-15 13:54:27,297 - INFO -   Silhouette: 0.2294 | School ROC: 0.6353 F1: 0.5714 | Project ROC: 0.5104 F1: 0.1835 
2026-02-15 13:54:27,297 - INFO - Round 95/100
2026-02-15 13:54:27,591 - INFO -   Silhouette: 0.1936 | School ROC: 0.6397 F1: 0.5876 | Project ROC: 0.5124 F1: 0.2200 
2026-02-15 13:54:27,591 - INFO - Round 96/100
2026-02-15 13:54:27,839 - INFO -   Silhouette: 0.2176 | School ROC: 0.6145 F1: 0.5814 | Project ROC: 0.5197 F1: 0.2136 
2026-02-15 13:54:27,839 - INFO - Round 97/100
2026-02-15 13:54:28,130 - INFO -   Silhouette: 0.1956 | School ROC: 0.6392 F1: 0.5829 | Project ROC: 0.5088 F1: 0.2200 
2026-02-15 13:54:28,130 - INFO - Round 98/100
2026-02-15 13:54:28,395 - INFO -   Silhouette: 0.2385 | School ROC: 0.6184 F1: 0.6044 | Project ROC: 0.5204 F1: 0.1964 
2026-02-15 13:54:28,395 - INFO - Round 99/100
2026-02-15 13:54:28,693 - INFO -   Silhouette: 0.2216 | School ROC: 0.6383 F1: 0.5943 | Project ROC: 0.5414 F1: 0.2385 
2026-02-15 13:54:28,693 - INFO - Round 100/100
2026-02-15 13:54:28,927 - INFO -   Silhouette: 0.2006 | School ROC: 0.6568 F1: 0.6054 | Project ROC: 0.5673 F1: 0.2500 
2026-02-15 13:54:28,964 - INFO - Results saved to /home/dev/work_main/random/assesment/k_means_selected/gemma3-12B_cv_results.json
2026-02-15 13:54:31,609 - INFO - Convergence plots saved to /home/dev/work_main/random/assesment/k_means_selected/gemma3-12B_cv_convergence_plots.png
2026-02-15 13:54:34,428 - INFO - Focused correlation analysis saved to /home/dev/work_main/random/assesment/k_means_selected/gemma3-12B_cv_silhouette_correlation.png
2026-02-15 13:54:34,428 - INFO - Correlation values saved to /home/dev/work_main/random/assesment/k_means_selected/gemma3-12B_cv_silhouette_correlations.json
2026-02-15 13:54:34,428 - INFO - Silhouette Correlation Summary:
2026-02-15 13:54:34,428 - INFO -   • Silhouette vs School ROC AUC: R=-0.121 (WEAK negative)
2026-02-15 13:54:34,428 - INFO -   • Silhouette vs Project ROC AUC: R=-0.139 (WEAK negative)
2026-02-15 13:54:34,428 - INFO -   • Silhouette vs Avg. ROC AUC: R=-0.156 (WEAK negative)
2026-02-15 13:54:34,429 - INFO -   • Silhouette vs School F1 Score: R=-0.044 (WEAK negative)
2026-02-15 13:54:34,429 - INFO -   • Silhouette vs Project F1 Score: R=-0.125 (WEAK negative)
2026-02-15 13:54:34,429 - INFO -   • Silhouette vs Avg. F1 Score: R=-0.107 (WEAK negative)
2026-02-15 13:54:34,429 - INFO - Experiment completed!
2026-02-15 14:00:38,069 - INFO - 
======================================================================
2026-02-15 14:00:38,069 - INFO - CLASS DISTRIBUTION DIAGNOSTICS
2026-02-15 14:00:38,069 - INFO - ======================================================================
2026-02-15 14:00:38,069 - INFO - 
school_participation_flag:
2026-02-15 14:00:38,070 - INFO -   Class 0 (negative): 309 samples (54.12%)
2026-02-15 14:00:38,070 - INFO -   Class 1 (positive): 262 samples (45.88%)
2026-02-15 14:00:38,070 - INFO - 
project_participation_flag:
2026-02-15 14:00:38,070 - INFO -   Class 0 (negative): 494 samples (86.51%)
2026-02-15 14:00:38,070 - INFO -   Class 1 (positive): 77 samples (13.49%)
2026-02-15 14:00:38,070 - INFO - ======================================================================

2026-02-15 14:00:38,071 - INFO - Initialized experiment: K=10, feature_mode='mean'
2026-02-15 14:00:38,071 - INFO - Starting experiment: gemma3-12B_cv
2026-02-15 14:00:38,071 - INFO - Research focus: Correlation between unsupervised clustering (Silhouette) and supervised metrics
2026-02-15 14:00:38,071 - INFO - Round 1/100
2026-02-15 14:00:38,342 - INFO -   Silhouette: 0.2315 | School ROC: 0.6307 F1: 0.5665 | Project ROC: 0.5357 F1: 0.1913 ✓
2026-02-15 14:00:38,342 - INFO -     📊 Silhouette improvement → Avg ROC: 0.5832 | Avg F1: 0.3789 | F1/ROC ratio: 0.6496 (F1 < ROC (conservative predictions))
2026-02-15 14:00:38,345 - INFO - Results saved to /home/dev/work_main/random/assesment/k_means_selected/gemma3-12B_cv_results.json
2026-02-15 14:00:38,345 - INFO - Round 2/100
2026-02-15 14:00:38,632 - INFO -   Silhouette: 0.2264 | School ROC: 0.6408 F1: 0.6374 | Project ROC: 0.5795 F1: 0.2680 ✓
2026-02-15 14:00:38,633 - INFO - Results saved to /home/dev/work_main/random/assesment/k_means_selected/gemma3-12B_cv_results.json
2026-02-15 14:00:38,633 - INFO - Round 3/100
2026-02-15 14:00:38,935 - INFO -   Silhouette: 0.2023 | School ROC: 0.6441 F1: 0.6042 | Project ROC: 0.5642 F1: 0.2523 ✓
2026-02-15 14:00:38,937 - INFO - Results saved to /home/dev/work_main/random/assesment/k_means_selected/gemma3-12B_cv_results.json
2026-02-15 14:00:38,938 - INFO - Round 4/100
2026-02-15 14:00:39,215 - INFO -   Silhouette: 0.2353 | School ROC: 0.6323 F1: 0.5783 | Project ROC: 0.5652 F1: 0.2626 ✓
2026-02-15 14:00:39,216 - INFO -     📊 Silhouette improvement → Avg ROC: 0.5988 | Avg F1: 0.4205 | F1/ROC ratio: 0.7022 (F1 < ROC (conservative predictions))
2026-02-15 14:00:39,218 - INFO - Results saved to /home/dev/work_main/random/assesment/k_means_selected/gemma3-12B_cv_results.json
2026-02-15 14:00:39,218 - INFO - Round 5/100
2026-02-15 14:00:39,735 - INFO -   Silhouette: 0.1948 | School ROC: 0.6406 F1: 0.5952 | Project ROC: 0.5480 F1: 0.2087 
2026-02-15 14:00:39,735 - INFO - Round 6/100
2026-02-15 14:00:40,088 - INFO -   Silhouette: 0.1880 | School ROC: 0.6239 F1: 0.5680 | Project ROC: 0.5506 F1: 0.2041 
2026-02-15 14:00:40,088 - INFO - Round 7/100
2026-02-15 14:00:40,519 - INFO -   Silhouette: 0.2157 | School ROC: 0.6633 F1: 0.6448 | Project ROC: 0.5619 F1: 0.2286 ✓
2026-02-15 14:00:40,525 - INFO - Results saved to /home/dev/work_main/random/assesment/k_means_selected/gemma3-12B_cv_results.json
2026-02-15 14:00:40,526 - INFO - Round 8/100
2026-02-15 14:00:40,814 - INFO -   Silhouette: 0.2091 | School ROC: 0.6213 F1: 0.5714 | Project ROC: 0.5031 F1: 0.1682 
2026-02-15 14:00:40,815 - INFO - Round 9/100
2026-02-15 14:00:41,232 - INFO -   Silhouette: 0.2319 | School ROC: 0.6122 F1: 0.5967 | Project ROC: 0.5191 F1: 0.2056 
2026-02-15 14:00:41,232 - INFO - Round 10/100
2026-02-15 14:00:41,618 - INFO -   Silhouette: 0.2783 | School ROC: 0.6367 F1: 0.6237 | Project ROC: 0.5152 F1: 0.2018 ✓
2026-02-15 14:00:41,618 - INFO -     📊 Silhouette improvement → Avg ROC: 0.5759 | Avg F1: 0.4127 | F1/ROC ratio: 0.7167 (F1 < ROC (conservative predictions))
2026-02-15 14:00:41,621 - INFO - Results saved to /home/dev/work_main/random/assesment/k_means_selected/gemma3-12B_cv_results.json
2026-02-15 14:00:41,621 - INFO - Round 11/100
2026-02-15 14:00:41,929 - INFO -   Silhouette: 0.2512 | School ROC: 0.6330 F1: 0.5978 | Project ROC: 0.5409 F1: 0.2435 
2026-02-15 14:00:41,930 - INFO - Round 12/100
2026-02-15 14:00:42,202 - INFO -   Silhouette: 0.2460 | School ROC: 0.6021 F1: 0.5876 | Project ROC: 0.5306 F1: 0.1818 
2026-02-15 14:00:42,202 - INFO - Round 13/100
2026-02-15 14:00:42,528 - INFO -   Silhouette: 0.2358 | School ROC: 0.5688 F1: 0.5745 | Project ROC: 0.5419 F1: 0.2202 
2026-02-15 14:00:42,529 - INFO - Round 14/100
2026-02-15 14:00:42,893 - INFO -   Silhouette: 0.1881 | School ROC: 0.6286 F1: 0.6087 | Project ROC: 0.5607 F1: 0.2430 
2026-02-15 14:00:42,893 - INFO - Round 15/100
2026-02-15 14:00:43,293 - INFO -   Silhouette: 0.2089 | School ROC: 0.6776 F1: 0.6444 | Project ROC: 0.5810 F1: 0.2456 ✓
2026-02-15 14:00:43,298 - INFO - Results saved to /home/dev/work_main/random/assesment/k_means_selected/gemma3-12B_cv_results.json
2026-02-15 14:00:43,298 - INFO - Round 16/100
2026-02-15 14:00:43,611 - INFO -   Silhouette: 0.2730 | School ROC: 0.6095 F1: 0.5824 | Project ROC: 0.5337 F1: 0.2321 
2026-02-15 14:00:43,611 - INFO - Round 17/100
2026-02-15 14:00:43,875 - INFO -   Silhouette: 0.2462 | School ROC: 0.6627 F1: 0.6180 | Project ROC: 0.5344 F1: 0.2393 
2026-02-15 14:00:43,876 - INFO - Round 18/100
2026-02-15 14:00:44,128 - INFO -   Silhouette: 0.2077 | School ROC: 0.6456 F1: 0.6092 | Project ROC: 0.5781 F1: 0.2202 
2026-02-15 14:00:44,128 - INFO - Round 19/100
2026-02-15 14:00:44,397 - INFO -   Silhouette: 0.2472 | School ROC: 0.6261 F1: 0.5955 | Project ROC: 0.5607 F1: 0.2393 
2026-02-15 14:00:44,398 - INFO - Round 20/100
2026-02-15 14:00:44,680 - INFO -   Silhouette: 0.2626 | School ROC: 0.6258 F1: 0.5778 | Project ROC: 0.5273 F1: 0.2075 
2026-02-15 14:00:44,680 - INFO - Round 21/100
2026-02-15 14:00:44,958 - INFO -   Silhouette: 0.2026 | School ROC: 0.6241 F1: 0.6196 | Project ROC: 0.4917 F1: 0.2000 
2026-02-15 14:00:44,959 - INFO - Round 22/100
2026-02-15 14:00:45,195 - INFO -   Silhouette: 0.2676 | School ROC: 0.6073 F1: 0.6032 | Project ROC: 0.4818 F1: 0.1852 
2026-02-15 14:00:45,195 - INFO - Round 23/100
2026-02-15 14:00:45,501 - INFO -   Silhouette: 0.2598 | School ROC: 0.6408 F1: 0.5682 | Project ROC: 0.5645 F1: 0.2182 
2026-02-15 14:00:45,502 - INFO - Round 24/100
2026-02-15 14:00:45,807 - INFO -   Silhouette: 0.2661 | School ROC: 0.6401 F1: 0.6105 | Project ROC: 0.5465 F1: 0.2202 
2026-02-15 14:00:45,808 - INFO - Round 25/100
2026-02-15 14:00:46,096 - INFO -   Silhouette: 0.2708 | School ROC: 0.6090 F1: 0.6092 | Project ROC: 0.5433 F1: 0.2222 
2026-02-15 14:00:46,096 - INFO - Round 26/100
2026-02-15 14:00:46,413 - INFO -   Silhouette: 0.2352 | School ROC: 0.5849 F1: 0.5424 | Project ROC: 0.5029 F1: 0.2083 
2026-02-15 14:00:46,413 - INFO - Round 27/100
2026-02-15 14:00:46,683 - INFO -   Silhouette: 0.2301 | School ROC: 0.6405 F1: 0.6180 | Project ROC: 0.4974 F1: 0.1961 
2026-02-15 14:00:46,683 - INFO - Round 28/100
2026-02-15 14:00:46,947 - INFO -   Silhouette: 0.2251 | School ROC: 0.5826 F1: 0.5946 | Project ROC: 0.5121 F1: 0.2095 
2026-02-15 14:00:46,947 - INFO - Round 29/100
2026-02-15 14:00:47,347 - INFO -   Silhouette: 0.2137 | School ROC: 0.6592 F1: 0.6593 | Project ROC: 0.5020 F1: 0.1869 ✓
2026-02-15 14:00:47,355 - INFO - Results saved to /home/dev/work_main/random/assesment/k_means_selected/gemma3-12B_cv_results.json
2026-02-15 14:00:47,355 - INFO - Round 30/100
2026-02-15 14:00:47,558 - INFO -   Silhouette: 0.2789 | School ROC: 0.6015 F1: 0.5778 | Project ROC: 0.4628 F1: 0.1698 ✓
2026-02-15 14:00:47,558 - INFO -     📊 Silhouette improvement → Avg ROC: 0.5322 | Avg F1: 0.3738 | F1/ROC ratio: 0.7024 (F1 < ROC (conservative predictions))
2026-02-15 14:00:47,566 - INFO - Results saved to /home/dev/work_main/random/assesment/k_means_selected/gemma3-12B_cv_results.json
2026-02-15 14:00:47,566 - INFO - Round 31/100
2026-02-15 14:00:47,853 - INFO -   Silhouette: 0.2074 | School ROC: 0.6179 F1: 0.5889 | Project ROC: 0.5347 F1: 0.2243 
2026-02-15 14:00:47,854 - INFO - Round 32/100
2026-02-15 14:00:48,191 - INFO -   Silhouette: 0.2038 | School ROC: 0.6136 F1: 0.5862 | Project ROC: 0.5537 F1: 0.2500 
2026-02-15 14:00:48,191 - INFO - Round 33/100
2026-02-15 14:00:48,540 - INFO -   Silhouette: 0.1889 | School ROC: 0.6040 F1: 0.6000 | Project ROC: 0.5481 F1: 0.2342 
2026-02-15 14:00:48,541 - INFO - Round 34/100
2026-02-15 14:00:48,790 - INFO -   Silhouette: 0.2273 | School ROC: 0.6213 F1: 0.5843 | Project ROC: 0.5925 F1: 0.2376 ✓
2026-02-15 14:00:48,797 - INFO - Results saved to /home/dev/work_main/random/assesment/k_means_selected/gemma3-12B_cv_results.json
2026-02-15 14:00:48,797 - INFO - Round 35/100
2026-02-15 14:00:49,135 - INFO -   Silhouette: 0.1630 | School ROC: 0.5998 F1: 0.5595 | Project ROC: 0.5350 F1: 0.2268 
2026-02-15 14:00:49,135 - INFO - Round 36/100
2026-02-15 14:00:49,374 - INFO -   Silhouette: 0.2319 | School ROC: 0.5895 F1: 0.5902 | Project ROC: 0.5554 F1: 0.2200 
2026-02-15 14:00:49,374 - INFO - Round 37/100
2026-02-15 14:00:49,681 - INFO -   Silhouette: 0.1999 | School ROC: 0.6454 F1: 0.6304 | Project ROC: 0.5881 F1: 0.2456 
2026-02-15 14:00:49,681 - INFO - Round 38/100
2026-02-15 14:00:49,913 - INFO -   Silhouette: 0.2314 | School ROC: 0.6092 F1: 0.5889 | Project ROC: 0.5454 F1: 0.2321 
2026-02-15 14:00:49,914 - INFO - Round 39/100
2026-02-15 14:00:50,162 - INFO -   Silhouette: 0.2159 | School ROC: 0.6254 F1: 0.6145 | Project ROC: 0.5333 F1: 0.2200 
2026-02-15 14:00:50,162 - INFO - Round 40/100
2026-02-15 14:00:50,415 - INFO -   Silhouette: 0.2601 | School ROC: 0.5672 F1: 0.5730 | Project ROC: 0.5061 F1: 0.1569 
2026-02-15 14:00:50,430 - INFO - Round 41/100
2026-02-15 14:00:50,678 - INFO -   Silhouette: 0.2639 | School ROC: 0.6267 F1: 0.6243 | Project ROC: 0.5255 F1: 0.1982 
2026-02-15 14:00:50,679 - INFO - Round 42/100
2026-02-15 14:00:50,948 - INFO -   Silhouette: 0.2500 | School ROC: 0.6032 F1: 0.5730 | Project ROC: 0.5610 F1: 0.2243 
2026-02-15 14:00:50,948 - INFO - Round 43/100
2026-02-15 14:00:51,209 - INFO -   Silhouette: 0.2581 | School ROC: 0.6600 F1: 0.6092 | Project ROC: 0.5490 F1: 0.2586 
2026-02-15 14:00:51,209 - INFO - Round 44/100
2026-02-15 14:00:51,492 - INFO -   Silhouette: 0.2121 | School ROC: 0.6254 F1: 0.5635 | Project ROC: 0.5214 F1: 0.2115 
2026-02-15 14:00:51,492 - INFO - Round 45/100
2026-02-15 14:00:51,762 - INFO -   Silhouette: 0.1922 | School ROC: 0.6069 F1: 0.5967 | Project ROC: 0.5528 F1: 0.2157 
2026-02-15 14:00:51,763 - INFO - Round 46/100
2026-02-15 14:00:52,029 - INFO -   Silhouette: 0.2066 | School ROC: 0.5708 F1: 0.5926 | Project ROC: 0.5305 F1: 0.1935 
2026-02-15 14:00:52,029 - INFO - Round 47/100
2026-02-15 14:00:52,305 - INFO -   Silhouette: 0.2542 | School ROC: 0.6676 F1: 0.6111 | Project ROC: 0.5718 F1: 0.2162 
2026-02-15 14:00:52,305 - INFO - Round 48/100
2026-02-15 14:00:52,567 - INFO -   Silhouette: 0.2629 | School ROC: 0.5959 F1: 0.5909 | Project ROC: 0.6094 F1: 0.2574 ✓
2026-02-15 14:00:52,584 - INFO - Results saved to /home/dev/work_main/random/assesment/k_means_selected/gemma3-12B_cv_results.json
2026-02-15 14:00:52,584 - INFO - Round 49/100
2026-02-15 14:00:52,830 - INFO -   Silhouette: 0.2204 | School ROC: 0.6349 F1: 0.5848 | Project ROC: 0.5559 F1: 0.2157 
2026-02-15 14:00:52,830 - INFO - Round 50/100
2026-02-15 14:00:53,109 - INFO -   Silhouette: 0.2538 | School ROC: 0.6217 F1: 0.5652 | Project ROC: 0.5477 F1: 0.2124 
2026-02-15 14:00:53,110 - INFO - Round 51/100
2026-02-15 14:00:53,419 - INFO -   Silhouette: 0.2696 | School ROC: 0.5444 F1: 0.5318 | Project ROC: 0.4648 F1: 0.1905 
2026-02-15 14:00:53,419 - INFO - Round 52/100
2026-02-15 14:00:53,679 - INFO -   Silhouette: 0.2287 | School ROC: 0.6610 F1: 0.6171 | Project ROC: 0.5719 F1: 0.2342 
2026-02-15 14:00:53,679 - INFO - Round 53/100
2026-02-15 14:00:53,914 - INFO -   Silhouette: 0.2522 | School ROC: 0.6356 F1: 0.6224 | Project ROC: 0.5338 F1: 0.2203 
2026-02-15 14:00:53,915 - INFO - Round 54/100
2026-02-15 14:00:54,185 - INFO -   Silhouette: 0.2736 | School ROC: 0.6415 F1: 0.5909 | Project ROC: 0.5953 F1: 0.2500 
2026-02-15 14:00:54,186 - INFO - Round 55/100
2026-02-15 14:00:54,477 - INFO -   Silhouette: 0.2551 | School ROC: 0.6197 F1: 0.5922 | Project ROC: 0.5388 F1: 0.2542 
2026-02-15 14:00:54,478 - INFO - Round 56/100
2026-02-15 14:00:54,805 - INFO -   Silhouette: 0.2324 | School ROC: 0.6215 F1: 0.6237 | Project ROC: 0.5333 F1: 0.1869 
2026-02-15 14:00:54,805 - INFO - Round 57/100
2026-02-15 14:00:55,060 - INFO -   Silhouette: 0.2228 | School ROC: 0.6110 F1: 0.5667 | Project ROC: 0.5064 F1: 0.1980 
2026-02-15 14:00:55,061 - INFO - Round 58/100
2026-02-15 14:00:55,367 - INFO -   Silhouette: 0.2461 | School ROC: 0.5768 F1: 0.5902 | Project ROC: 0.5274 F1: 0.2083 
2026-02-15 14:00:55,367 - INFO - Round 59/100
2026-02-15 14:00:55,633 - INFO -   Silhouette: 0.2672 | School ROC: 0.5531 F1: 0.5287 | Project ROC: 0.4994 F1: 0.1923 
2026-02-15 14:00:55,633 - INFO - Round 60/100
2026-02-15 14:00:55,886 - INFO -   Silhouette: 0.2160 | School ROC: 0.6064 F1: 0.5889 | Project ROC: 0.5053 F1: 0.2264 
2026-02-15 14:00:55,886 - INFO - Round 61/100
2026-02-15 14:00:56,179 - INFO -   Silhouette: 0.2211 | School ROC: 0.6192 F1: 0.5882 | Project ROC: 0.5324 F1: 0.2453 
2026-02-15 14:00:56,179 - INFO - Round 62/100
2026-02-15 14:00:56,509 - INFO -   Silhouette: 0.1612 | School ROC: 0.6860 F1: 0.6413 | Project ROC: 0.5258 F1: 0.2308 ✓
2026-02-15 14:00:56,524 - INFO - Results saved to /home/dev/work_main/random/assesment/k_means_selected/gemma3-12B_cv_results.json
2026-02-15 14:00:56,524 - INFO - Round 63/100
2026-02-15 14:00:56,783 - INFO -   Silhouette: 0.3103 | School ROC: 0.5976 F1: 0.5746 | Project ROC: 0.5661 F1: 0.2745 ✓
2026-02-15 14:00:56,784 - INFO -     📊 Silhouette improvement → Avg ROC: 0.5818 | Avg F1: 0.4245 | F1/ROC ratio: 0.7297 (F1 < ROC (conservative predictions))
2026-02-15 14:00:56,809 - INFO - Results saved to /home/dev/work_main/random/assesment/k_means_selected/gemma3-12B_cv_results.json
2026-02-15 14:00:56,809 - INFO - Round 64/100
2026-02-15 14:00:57,025 - INFO -   Silhouette: 0.1746 | School ROC: 0.6234 F1: 0.5967 | Project ROC: 0.5810 F1: 0.2143 
2026-02-15 14:00:57,025 - INFO - Round 65/100
2026-02-15 14:00:57,286 - INFO -   Silhouette: 0.2434 | School ROC: 0.5830 F1: 0.5778 | Project ROC: 0.5677 F1: 0.2524 
2026-02-15 14:00:57,287 - INFO - Round 66/100
2026-02-15 14:00:57,581 - INFO -   Silhouette: 0.2270 | School ROC: 0.6467 F1: 0.6170 | Project ROC: 0.5353 F1: 0.2056 
2026-02-15 14:00:57,582 - INFO - Round 67/100
2026-02-15 14:00:57,870 - INFO -   Silhouette: 0.2865 | School ROC: 0.6378 F1: 0.6044 | Project ROC: 0.5344 F1: 0.2301 
2026-02-15 14:00:57,871 - INFO - Round 68/100
2026-02-15 14:00:58,173 - INFO -   Silhouette: 0.2368 | School ROC: 0.5975 F1: 0.5424 | Project ROC: 0.4825 F1: 0.1942 
2026-02-15 14:00:58,173 - INFO - Round 69/100
2026-02-15 14:00:58,386 - INFO -   Silhouette: 0.2630 | School ROC: 0.6335 F1: 0.6145 | Project ROC: 0.5544 F1: 0.1923 
2026-02-15 14:00:58,387 - INFO - Round 70/100
2026-02-15 14:00:58,675 - INFO -   Silhouette: 0.2222 | School ROC: 0.5964 F1: 0.5838 | Project ROC: 0.5045 F1: 0.1835 
2026-02-15 14:00:58,681 - INFO - Round 71/100
2026-02-15 14:00:58,910 - INFO -   Silhouette: 0.1885 | School ROC: 0.6171 F1: 0.5595 | Project ROC: 0.6033 F1: 0.2637 
2026-02-15 14:00:58,910 - INFO - Round 72/100
2026-02-15 14:00:59,255 - INFO -   Silhouette: 0.2275 | School ROC: 0.6578 F1: 0.6146 | Project ROC: 0.5712 F1: 0.2308 
2026-02-15 14:00:59,255 - INFO - Round 73/100
2026-02-15 14:00:59,518 - INFO -   Silhouette: 0.2801 | School ROC: 0.6569 F1: 0.5824 | Project ROC: 0.4946 F1: 0.2182 
2026-02-15 14:00:59,518 - INFO - Round 74/100
2026-02-15 14:00:59,835 - INFO -   Silhouette: 0.2338 | School ROC: 0.5847 F1: 0.5698 | Project ROC: 0.4851 F1: 0.1600 
2026-02-15 14:00:59,836 - INFO - Round 75/100
2026-02-15 14:01:00,068 - INFO -   Silhouette: 0.2345 | School ROC: 0.6040 F1: 0.5938 | Project ROC: 0.5392 F1: 0.2105 
2026-02-15 14:01:00,068 - INFO - Round 76/100
2026-02-15 14:01:00,345 - INFO -   Silhouette: 0.2049 | School ROC: 0.6619 F1: 0.6196 | Project ROC: 0.5716 F1: 0.2435 
2026-02-15 14:01:00,345 - INFO - Round 77/100
2026-02-15 14:01:00,607 - INFO -   Silhouette: 0.2897 | School ROC: 0.5870 F1: 0.5667 | Project ROC: 0.5105 F1: 0.1782 
2026-02-15 14:01:00,607 - INFO - Round 78/100
2026-02-15 14:01:00,894 - INFO -   Silhouette: 0.2484 | School ROC: 0.6297 F1: 0.6154 | Project ROC: 0.5552 F1: 0.2095 
2026-02-15 14:01:00,895 - INFO - Round 79/100
2026-02-15 14:01:01,238 - INFO -   Silhouette: 0.2283 | School ROC: 0.6023 F1: 0.5902 | Project ROC: 0.5200 F1: 0.2000 
2026-02-15 14:01:01,238 - INFO - Round 80/100
2026-02-15 14:01:01,475 - INFO -   Silhouette: 0.2618 | School ROC: 0.6307 F1: 0.6448 | Project ROC: 0.5684 F1: 0.2243 
2026-02-15 14:01:01,475 - INFO - Round 81/100
2026-02-15 14:01:01,825 - INFO -   Silhouette: 0.1991 | School ROC: 0.6356 F1: 0.6118 | Project ROC: 0.5641 F1: 0.2476 
2026-02-15 14:01:01,826 - INFO - Round 82/100
2026-02-15 14:01:02,114 - INFO -   Silhouette: 0.2192 | School ROC: 0.6566 F1: 0.6127 | Project ROC: 0.5559 F1: 0.2407 
2026-02-15 14:01:02,115 - INFO - Round 83/100
2026-02-15 14:01:02,367 - INFO -   Silhouette: 0.2316 | School ROC: 0.5936 F1: 0.6011 | Project ROC: 0.5277 F1: 0.1782 
2026-02-15 14:01:02,368 - INFO - Round 84/100
2026-02-15 14:01:02,666 - INFO -   Silhouette: 0.2274 | School ROC: 0.6952 F1: 0.6630 | Project ROC: 0.5546 F1: 0.2105 ✓
2026-02-15 14:01:02,696 - INFO - Results saved to /home/dev/work_main/random/assesment/k_means_selected/gemma3-12B_cv_results.json
2026-02-15 14:01:02,696 - INFO - Round 85/100
2026-02-15 14:01:02,905 - INFO -   Silhouette: 0.3270 | School ROC: 0.6439 F1: 0.6413 | Project ROC: 0.5535 F1: 0.2095 ✓
2026-02-15 14:01:02,905 - INFO -     📊 Silhouette improvement → Avg ROC: 0.5987 | Avg F1: 0.4254 | F1/ROC ratio: 0.7105 (F1 < ROC (conservative predictions))
2026-02-15 14:01:02,937 - INFO - Results saved to /home/dev/work_main/random/assesment/k_means_selected/gemma3-12B_cv_results.json
2026-02-15 14:01:02,937 - INFO - Round 86/100
2026-02-15 14:01:03,157 - INFO -   Silhouette: 0.2576 | School ROC: 0.6335 F1: 0.5978 | Project ROC: 0.5133 F1: 0.2264 
2026-02-15 14:01:03,157 - INFO - Round 87/100
2026-02-15 14:01:03,406 - INFO -   Silhouette: 0.2293 | School ROC: 0.6158 F1: 0.6129 | Project ROC: 0.5165 F1: 0.2202 
2026-02-15 14:01:03,407 - INFO - Round 88/100
2026-02-15 14:01:03,690 - INFO -   Silhouette: 0.2263 | School ROC: 0.6197 F1: 0.5763 | Project ROC: 0.5276 F1: 0.1887 
2026-02-15 14:01:03,691 - INFO - Round 89/100
2026-02-15 14:01:03,959 - INFO -   Silhouette: 0.2172 | School ROC: 0.6485 F1: 0.6524 | Project ROC: 0.5731 F1: 0.2609 ✓
2026-02-15 14:01:03,977 - INFO - Results saved to /home/dev/work_main/random/assesment/k_means_selected/gemma3-12B_cv_results.json
2026-02-15 14:01:03,977 - INFO - Round 90/100
2026-02-15 14:01:04,270 - INFO -   Silhouette: 0.2026 | School ROC: 0.6028 F1: 0.5402 | Project ROC: 0.5715 F1: 0.2264 
2026-02-15 14:01:04,270 - INFO - Round 91/100
2026-02-15 14:01:04,556 - INFO -   Silhouette: 0.2046 | School ROC: 0.6498 F1: 0.6022 | Project ROC: 0.5692 F1: 0.2342 
2026-02-15 14:01:04,557 - INFO - Round 92/100
2026-02-15 14:01:04,827 - INFO -   Silhouette: 0.1760 | School ROC: 0.5712 F1: 0.5792 | Project ROC: 0.4837 F1: 0.1731 
2026-02-15 14:01:04,827 - INFO - Round 93/100
2026-02-15 14:01:05,092 - INFO -   Silhouette: 0.2965 | School ROC: 0.6552 F1: 0.6032 | Project ROC: 0.5279 F1: 0.1930 
2026-02-15 14:01:05,093 - INFO - Round 94/100
2026-02-15 14:01:05,363 - INFO -   Silhouette: 0.2294 | School ROC: 0.6353 F1: 0.5714 | Project ROC: 0.5104 F1: 0.1835 
2026-02-15 14:01:05,363 - INFO - Round 95/100
2026-02-15 14:01:05,638 - INFO -   Silhouette: 0.1936 | School ROC: 0.6397 F1: 0.5876 | Project ROC: 0.5124 F1: 0.2200 
2026-02-15 14:01:05,638 - INFO - Round 96/100
2026-02-15 14:01:05,891 - INFO -   Silhouette: 0.2176 | School ROC: 0.6145 F1: 0.5814 | Project ROC: 0.5197 F1: 0.2136 
2026-02-15 14:01:05,891 - INFO - Round 97/100
2026-02-15 14:01:06,242 - INFO -   Silhouette: 0.1956 | School ROC: 0.6392 F1: 0.5829 | Project ROC: 0.5088 F1: 0.2200 
2026-02-15 14:01:06,242 - INFO - Round 98/100
2026-02-15 14:01:06,492 - INFO -   Silhouette: 0.2385 | School ROC: 0.6184 F1: 0.6044 | Project ROC: 0.5204 F1: 0.1964 
2026-02-15 14:01:06,493 - INFO - Round 99/100
2026-02-15 14:01:06,830 - INFO -   Silhouette: 0.2216 | School ROC: 0.6383 F1: 0.5943 | Project ROC: 0.5414 F1: 0.2385 
2026-02-15 14:01:06,831 - INFO - Round 100/100
2026-02-15 14:01:07,048 - INFO -   Silhouette: 0.2006 | School ROC: 0.6568 F1: 0.6054 | Project ROC: 0.5673 F1: 0.2500 
2026-02-15 14:01:07,083 - INFO - Results saved to /home/dev/work_main/random/assesment/k_means_selected/gemma3-12B_cv_results.json
2026-02-15 14:01:09,602 - INFO - Convergence plots saved to /home/dev/work_main/random/assesment/k_means_selected/gemma3-12B_cv_convergence_plots.png
2026-02-15 14:01:12,314 - INFO - Focused correlation analysis saved to /home/dev/work_main/random/assesment/k_means_selected/gemma3-12B_cv_silhouette_correlation.png
2026-02-15 14:01:12,314 - INFO - Correlation values saved to /home/dev/work_main/random/assesment/k_means_selected/gemma3-12B_cv_silhouette_correlations.json
2026-02-15 14:01:12,314 - INFO - Silhouette Correlation Summary:
2026-02-15 14:01:12,314 - INFO -   • Silhouette vs School ROC AUC: R=-0.121 (WEAK negative)
2026-02-15 14:01:12,314 - INFO -   • Silhouette vs Project ROC AUC: R=-0.139 (WEAK negative)
2026-02-15 14:01:12,314 - INFO -   • Silhouette vs Avg. ROC AUC: R=-0.156 (WEAK negative)
2026-02-15 14:01:12,314 - INFO -   • Silhouette vs School F1 Score: R=-0.044 (WEAK negative)
2026-02-15 14:01:12,314 - INFO -   • Silhouette vs Project F1 Score: R=-0.125 (WEAK negative)
2026-02-15 14:01:12,315 - INFO -   • Silhouette vs Avg. F1 Score: R=-0.107 (WEAK negative)
2026-02-15 14:01:12,315 - INFO - Experiment completed!
2026-02-15 14:02:30,014 - INFO - 
======================================================================
2026-02-15 14:02:30,014 - INFO - CLASS DISTRIBUTION DIAGNOSTICS
2026-02-15 14:02:30,014 - INFO - ======================================================================
2026-02-15 14:02:30,014 - INFO - 
school_participation_flag:
2026-02-15 14:02:30,015 - INFO -   Class 0 (negative): 309 samples (54.12%)
2026-02-15 14:02:30,015 - INFO -   Class 1 (positive): 262 samples (45.88%)
2026-02-15 14:02:30,015 - INFO - 
project_participation_flag:
2026-02-15 14:02:30,015 - INFO -   Class 0 (negative): 494 samples (86.51%)
2026-02-15 14:02:30,015 - INFO -   Class 1 (positive): 77 samples (13.49%)
2026-02-15 14:02:30,015 - INFO - ======================================================================

2026-02-15 14:02:30,016 - INFO - Initialized experiment: K=10, feature_mode='mean'
2026-02-15 14:02:30,016 - INFO - Starting experiment: gemma3-12B_cv
2026-02-15 14:02:30,016 - INFO - Research focus: Correlation between unsupervised clustering (Silhouette) and supervised metrics
2026-02-15 14:02:30,016 - INFO - Round 1/1000
2026-02-15 14:02:30,286 - INFO -   Silhouette: 0.2315 | School ROC: 0.6307 F1: 0.5665 | Project ROC: 0.5357 F1: 0.1913 ✓
2026-02-15 14:02:30,286 - INFO -     📊 Silhouette improvement → Avg ROC: 0.5832 | Avg F1: 0.3789 | F1/ROC ratio: 0.6496 (F1 < ROC (conservative predictions))
2026-02-15 14:02:30,288 - INFO - Results saved to /home/dev/work_main/random/assesment/k_means_selected/gemma3-12B_cv_results.json
2026-02-15 14:02:30,288 - INFO - Round 2/1000
2026-02-15 14:02:30,662 - INFO -   Silhouette: 0.2264 | School ROC: 0.6408 F1: 0.6374 | Project ROC: 0.5795 F1: 0.2680 ✓
2026-02-15 14:02:30,664 - INFO - Results saved to /home/dev/work_main/random/assesment/k_means_selected/gemma3-12B_cv_results.json
2026-02-15 14:02:30,664 - INFO - Round 3/1000
2026-02-15 14:02:31,009 - INFO -   Silhouette: 0.2023 | School ROC: 0.6441 F1: 0.6042 | Project ROC: 0.5642 F1: 0.2523 ✓
2026-02-15 14:02:31,010 - INFO - Results saved to /home/dev/work_main/random/assesment/k_means_selected/gemma3-12B_cv_results.json
2026-02-15 14:02:31,010 - INFO - Round 4/1000
2026-02-15 14:02:31,284 - INFO -   Silhouette: 0.2353 | School ROC: 0.6323 F1: 0.5783 | Project ROC: 0.5652 F1: 0.2626 ✓
2026-02-15 14:02:31,285 - INFO -     📊 Silhouette improvement → Avg ROC: 0.5988 | Avg F1: 0.4205 | F1/ROC ratio: 0.7022 (F1 < ROC (conservative predictions))
2026-02-15 14:02:31,287 - INFO - Results saved to /home/dev/work_main/random/assesment/k_means_selected/gemma3-12B_cv_results.json
2026-02-15 14:02:31,287 - INFO - Round 5/1000
2026-02-15 14:02:31,737 - INFO -   Silhouette: 0.1948 | School ROC: 0.6406 F1: 0.5952 | Project ROC: 0.5480 F1: 0.2087 
2026-02-15 14:02:31,737 - INFO - Round 6/1000
2026-02-15 14:02:32,054 - INFO -   Silhouette: 0.1880 | School ROC: 0.6239 F1: 0.5680 | Project ROC: 0.5506 F1: 0.2041 
2026-02-15 14:02:32,055 - INFO - Round 7/1000
2026-02-15 14:02:32,326 - INFO -   Silhouette: 0.2157 | School ROC: 0.6633 F1: 0.6448 | Project ROC: 0.5619 F1: 0.2286 ✓
2026-02-15 14:02:32,328 - INFO - Results saved to /home/dev/work_main/random/assesment/k_means_selected/gemma3-12B_cv_results.json
2026-02-15 14:02:32,328 - INFO - Round 8/1000
2026-02-15 14:02:32,743 - INFO -   Silhouette: 0.2091 | School ROC: 0.6213 F1: 0.5714 | Project ROC: 0.5031 F1: 0.1682 
2026-02-15 14:02:32,743 - INFO - Round 9/1000
2026-02-15 14:02:33,117 - INFO -   Silhouette: 0.2319 | School ROC: 0.6122 F1: 0.5967 | Project ROC: 0.5191 F1: 0.2056 
2026-02-15 14:02:33,118 - INFO - Round 10/1000
2026-02-15 14:02:33,443 - INFO -   Silhouette: 0.2783 | School ROC: 0.6367 F1: 0.6237 | Project ROC: 0.5152 F1: 0.2018 ✓
2026-02-15 14:02:33,444 - INFO -     📊 Silhouette improvement → Avg ROC: 0.5759 | Avg F1: 0.4127 | F1/ROC ratio: 0.7167 (F1 < ROC (conservative predictions))
2026-02-15 14:02:33,446 - INFO - Results saved to /home/dev/work_main/random/assesment/k_means_selected/gemma3-12B_cv_results.json
2026-02-15 14:02:33,447 - INFO - Round 11/1000
2026-02-15 14:02:33,818 - INFO -   Silhouette: 0.2512 | School ROC: 0.6330 F1: 0.5978 | Project ROC: 0.5409 F1: 0.2435 
2026-02-15 14:02:33,818 - INFO - Round 12/1000
2026-02-15 14:02:34,190 - INFO -   Silhouette: 0.2460 | School ROC: 0.6021 F1: 0.5876 | Project ROC: 0.5306 F1: 0.1818 
2026-02-15 14:02:34,190 - INFO - Round 13/1000
2026-02-15 14:02:34,596 - INFO -   Silhouette: 0.2358 | School ROC: 0.5688 F1: 0.5745 | Project ROC: 0.5419 F1: 0.2202 
2026-02-15 14:02:34,596 - INFO - Round 14/1000
2026-02-15 14:02:34,937 - INFO -   Silhouette: 0.1881 | School ROC: 0.6286 F1: 0.6087 | Project ROC: 0.5607 F1: 0.2430 
2026-02-15 14:02:34,938 - INFO - Round 15/1000
2026-02-15 14:02:35,347 - INFO -   Silhouette: 0.2089 | School ROC: 0.6776 F1: 0.6444 | Project ROC: 0.5810 F1: 0.2456 ✓
2026-02-15 14:02:35,354 - INFO - Results saved to /home/dev/work_main/random/assesment/k_means_selected/gemma3-12B_cv_results.json
2026-02-15 14:02:35,354 - INFO - Round 16/1000
2026-02-15 14:02:35,651 - INFO -   Silhouette: 0.2730 | School ROC: 0.6095 F1: 0.5824 | Project ROC: 0.5337 F1: 0.2321 
2026-02-15 14:02:35,661 - INFO - Round 17/1000
2026-02-15 14:02:35,995 - INFO -   Silhouette: 0.2462 | School ROC: 0.6627 F1: 0.6180 | Project ROC: 0.5344 F1: 0.2393 
2026-02-15 14:02:35,995 - INFO - Round 18/1000
2026-02-15 14:02:36,282 - INFO -   Silhouette: 0.2077 | School ROC: 0.6456 F1: 0.6092 | Project ROC: 0.5781 F1: 0.2202 
2026-02-15 14:02:36,282 - INFO - Round 19/1000
2026-02-15 14:02:36,512 - INFO -   Silhouette: 0.2472 | School ROC: 0.6261 F1: 0.5955 | Project ROC: 0.5607 F1: 0.2393 
2026-02-15 14:02:36,512 - INFO - Round 20/1000
2026-02-15 14:02:36,796 - INFO -   Silhouette: 0.2626 | School ROC: 0.6258 F1: 0.5778 | Project ROC: 0.5273 F1: 0.2075 
2026-02-15 14:02:36,796 - INFO - Round 21/1000
2026-02-15 14:02:37,030 - INFO -   Silhouette: 0.2026 | School ROC: 0.6241 F1: 0.6196 | Project ROC: 0.4917 F1: 0.2000 
2026-02-15 14:02:37,030 - INFO - Round 22/1000
2026-02-15 14:02:37,302 - INFO -   Silhouette: 0.2676 | School ROC: 0.6073 F1: 0.6032 | Project ROC: 0.4818 F1: 0.1852 
2026-02-15 14:02:37,302 - INFO - Round 23/1000
2026-02-15 14:02:37,584 - INFO -   Silhouette: 0.2598 | School ROC: 0.6408 F1: 0.5682 | Project ROC: 0.5645 F1: 0.2182 
2026-02-15 14:02:37,585 - INFO - Round 24/1000
2026-02-15 14:02:37,820 - INFO -   Silhouette: 0.2661 | School ROC: 0.6401 F1: 0.6105 | Project ROC: 0.5465 F1: 0.2202 
2026-02-15 14:02:37,820 - INFO - Round 25/1000
2026-02-15 14:02:38,096 - INFO -   Silhouette: 0.2708 | School ROC: 0.6090 F1: 0.6092 | Project ROC: 0.5433 F1: 0.2222 
2026-02-15 14:02:38,097 - INFO - Round 26/1000
2026-02-15 14:02:38,391 - INFO -   Silhouette: 0.2352 | School ROC: 0.5849 F1: 0.5424 | Project ROC: 0.5029 F1: 0.2083 
2026-02-15 14:02:38,391 - INFO - Round 27/1000
2026-02-15 14:02:38,712 - INFO -   Silhouette: 0.2301 | School ROC: 0.6405 F1: 0.6180 | Project ROC: 0.4974 F1: 0.1961 
2026-02-15 14:02:38,713 - INFO - Round 28/1000
2026-02-15 14:02:38,981 - INFO -   Silhouette: 0.2251 | School ROC: 0.5826 F1: 0.5946 | Project ROC: 0.5121 F1: 0.2095 
2026-02-15 14:02:38,982 - INFO - Round 29/1000
2026-02-15 14:02:39,248 - INFO -   Silhouette: 0.2137 | School ROC: 0.6592 F1: 0.6593 | Project ROC: 0.5020 F1: 0.1869 ✓
2026-02-15 14:02:39,260 - INFO - Results saved to /home/dev/work_main/random/assesment/k_means_selected/gemma3-12B_cv_results.json
2026-02-15 14:02:39,260 - INFO - Round 30/1000
2026-02-15 14:02:39,448 - INFO -   Silhouette: 0.2789 | School ROC: 0.6015 F1: 0.5778 | Project ROC: 0.4628 F1: 0.1698 ✓
2026-02-15 14:02:39,448 - INFO -     📊 Silhouette improvement → Avg ROC: 0.5322 | Avg F1: 0.3738 | F1/ROC ratio: 0.7024 (F1 < ROC (conservative predictions))
2026-02-15 14:02:39,455 - INFO - Results saved to /home/dev/work_main/random/assesment/k_means_selected/gemma3-12B_cv_results.json
2026-02-15 14:02:39,455 - INFO - Round 31/1000
2026-02-15 14:02:39,707 - INFO -   Silhouette: 0.2074 | School ROC: 0.6179 F1: 0.5889 | Project ROC: 0.5347 F1: 0.2243 
2026-02-15 14:02:39,707 - INFO - Round 32/1000
2026-02-15 14:02:40,122 - INFO -   Silhouette: 0.2038 | School ROC: 0.6136 F1: 0.5862 | Project ROC: 0.5537 F1: 0.2500 
2026-02-15 14:02:40,122 - INFO - Round 33/1000
2026-02-15 14:02:40,361 - INFO -   Silhouette: 0.1889 | School ROC: 0.6040 F1: 0.6000 | Project ROC: 0.5481 F1: 0.2342 
2026-02-15 14:02:40,362 - INFO - Round 34/1000
2026-02-15 14:02:40,669 - INFO -   Silhouette: 0.2273 | School ROC: 0.6213 F1: 0.5843 | Project ROC: 0.5925 F1: 0.2376 ✓
2026-02-15 14:02:40,680 - INFO - Results saved to /home/dev/work_main/random/assesment/k_means_selected/gemma3-12B_cv_results.json
2026-02-15 14:02:40,680 - INFO - Round 35/1000
2026-02-15 14:02:40,947 - INFO -   Silhouette: 0.1630 | School ROC: 0.5998 F1: 0.5595 | Project ROC: 0.5350 F1: 0.2268 
2026-02-15 14:02:40,947 - INFO - Round 36/1000
2026-02-15 14:02:41,213 - INFO -   Silhouette: 0.2319 | School ROC: 0.5895 F1: 0.5902 | Project ROC: 0.5554 F1: 0.2200 
2026-02-15 14:02:41,214 - INFO - Round 37/1000
2026-02-15 14:02:41,454 - INFO -   Silhouette: 0.1999 | School ROC: 0.6454 F1: 0.6304 | Project ROC: 0.5881 F1: 0.2456 
2026-02-15 14:02:41,454 - INFO - Round 38/1000
2026-02-15 14:02:41,724 - INFO -   Silhouette: 0.2314 | School ROC: 0.6092 F1: 0.5889 | Project ROC: 0.5454 F1: 0.2321 
2026-02-15 14:02:41,724 - INFO - Round 39/1000
2026-02-15 14:02:41,973 - INFO -   Silhouette: 0.2159 | School ROC: 0.6254 F1: 0.6145 | Project ROC: 0.5333 F1: 0.2200 
2026-02-15 14:02:41,973 - INFO - Round 40/1000
2026-02-15 14:02:42,256 - INFO -   Silhouette: 0.2601 | School ROC: 0.5672 F1: 0.5730 | Project ROC: 0.5061 F1: 0.1569 
2026-02-15 14:02:42,256 - INFO - Round 41/1000
2026-02-15 14:02:42,547 - INFO -   Silhouette: 0.2639 | School ROC: 0.6267 F1: 0.6243 | Project ROC: 0.5255 F1: 0.1982 
2026-02-15 14:02:42,548 - INFO - Round 42/1000
2026-02-15 14:02:42,799 - INFO -   Silhouette: 0.2500 | School ROC: 0.6032 F1: 0.5730 | Project ROC: 0.5610 F1: 0.2243 
2026-02-15 14:02:42,799 - INFO - Round 43/1000
2026-02-15 14:02:43,092 - INFO -   Silhouette: 0.2581 | School ROC: 0.6600 F1: 0.6092 | Project ROC: 0.5490 F1: 0.2586 
2026-02-15 14:02:43,093 - INFO - Round 44/1000
2026-02-15 14:02:43,353 - INFO -   Silhouette: 0.2121 | School ROC: 0.6254 F1: 0.5635 | Project ROC: 0.5214 F1: 0.2115 
2026-02-15 14:02:43,354 - INFO - Round 45/1000
2026-02-15 14:02:43,627 - INFO -   Silhouette: 0.1922 | School ROC: 0.6069 F1: 0.5967 | Project ROC: 0.5528 F1: 0.2157 
2026-02-15 14:02:43,627 - INFO - Round 46/1000
2026-02-15 14:02:43,888 - INFO -   Silhouette: 0.2066 | School ROC: 0.5708 F1: 0.5926 | Project ROC: 0.5305 F1: 0.1935 
2026-02-15 14:02:43,888 - INFO - Round 47/1000
2026-02-15 14:02:44,201 - INFO -   Silhouette: 0.2542 | School ROC: 0.6676 F1: 0.6111 | Project ROC: 0.5718 F1: 0.2162 
2026-02-15 14:02:44,201 - INFO - Round 48/1000
2026-02-15 14:02:44,486 - INFO -   Silhouette: 0.2629 | School ROC: 0.5959 F1: 0.5909 | Project ROC: 0.6094 F1: 0.2574 ✓
2026-02-15 14:02:44,497 - INFO - Results saved to /home/dev/work_main/random/assesment/k_means_selected/gemma3-12B_cv_results.json
2026-02-15 14:02:44,497 - INFO - Round 49/1000
2026-02-15 14:02:44,774 - INFO -   Silhouette: 0.2204 | School ROC: 0.6349 F1: 0.5848 | Project ROC: 0.5559 F1: 0.2157 
2026-02-15 14:02:44,774 - INFO - Round 50/1000
2026-02-15 14:02:45,024 - INFO -   Silhouette: 0.2538 | School ROC: 0.6217 F1: 0.5652 | Project ROC: 0.5477 F1: 0.2124 
2026-02-15 14:02:45,024 - INFO - Round 51/1000
2026-02-15 14:02:45,315 - INFO -   Silhouette: 0.2696 | School ROC: 0.5444 F1: 0.5318 | Project ROC: 0.4648 F1: 0.1905 
2026-02-15 14:02:45,315 - INFO - Round 52/1000
2026-02-15 14:02:45,637 - INFO -   Silhouette: 0.2287 | School ROC: 0.6610 F1: 0.6171 | Project ROC: 0.5719 F1: 0.2342 
2026-02-15 14:02:45,637 - INFO - Round 53/1000
2026-02-15 14:02:45,896 - INFO -   Silhouette: 0.2522 | School ROC: 0.6356 F1: 0.6224 | Project ROC: 0.5338 F1: 0.2203 
2026-02-15 14:02:45,897 - INFO - Round 54/1000
2026-02-15 14:02:46,147 - INFO -   Silhouette: 0.2736 | School ROC: 0.6415 F1: 0.5909 | Project ROC: 0.5953 F1: 0.2500 
2026-02-15 14:02:46,147 - INFO - Round 55/1000
2026-02-15 14:02:46,446 - INFO -   Silhouette: 0.2551 | School ROC: 0.6197 F1: 0.5922 | Project ROC: 0.5388 F1: 0.2542 
2026-02-15 14:02:46,446 - INFO - Round 56/1000
2026-02-15 14:02:46,724 - INFO -   Silhouette: 0.2324 | School ROC: 0.6215 F1: 0.6237 | Project ROC: 0.5333 F1: 0.1869 
2026-02-15 14:02:46,725 - INFO - Round 57/1000
2026-02-15 14:02:47,101 - INFO -   Silhouette: 0.2228 | School ROC: 0.6110 F1: 0.5667 | Project ROC: 0.5064 F1: 0.1980 
2026-02-15 14:02:47,102 - INFO - Round 58/1000
2026-02-15 14:02:47,354 - INFO -   Silhouette: 0.2461 | School ROC: 0.5768 F1: 0.5902 | Project ROC: 0.5274 F1: 0.2083 
2026-02-15 14:02:47,355 - INFO - Round 59/1000
2026-02-15 14:02:47,580 - INFO -   Silhouette: 0.2672 | School ROC: 0.5531 F1: 0.5287 | Project ROC: 0.4994 F1: 0.1923 
2026-02-15 14:02:47,580 - INFO - Round 60/1000
2026-02-15 14:02:47,831 - INFO -   Silhouette: 0.2160 | School ROC: 0.6064 F1: 0.5889 | Project ROC: 0.5053 F1: 0.2264 
2026-02-15 14:02:47,832 - INFO - Round 61/1000
2026-02-15 14:02:48,157 - INFO -   Silhouette: 0.2211 | School ROC: 0.6192 F1: 0.5882 | Project ROC: 0.5324 F1: 0.2453 
2026-02-15 14:02:48,157 - INFO - Round 62/1000
2026-02-15 14:02:48,499 - INFO -   Silhouette: 0.1612 | School ROC: 0.6860 F1: 0.6413 | Project ROC: 0.5258 F1: 0.2308 ✓
2026-02-15 14:02:48,520 - INFO - Results saved to /home/dev/work_main/random/assesment/k_means_selected/gemma3-12B_cv_results.json
2026-02-15 14:02:48,521 - INFO - Round 63/1000
2026-02-15 14:02:48,777 - INFO -   Silhouette: 0.3103 | School ROC: 0.5976 F1: 0.5746 | Project ROC: 0.5661 F1: 0.2745 ✓
2026-02-15 14:02:48,778 - INFO -     📊 Silhouette improvement → Avg ROC: 0.5818 | Avg F1: 0.4245 | F1/ROC ratio: 0.7297 (F1 < ROC (conservative predictions))
2026-02-15 14:02:48,790 - INFO - Results saved to /home/dev/work_main/random/assesment/k_means_selected/gemma3-12B_cv_results.json
2026-02-15 14:02:48,791 - INFO - Round 64/1000
2026-02-15 14:02:49,086 - INFO -   Silhouette: 0.1746 | School ROC: 0.6234 F1: 0.5967 | Project ROC: 0.5810 F1: 0.2143 
2026-02-15 14:02:49,086 - INFO - Round 65/1000
2026-02-15 14:02:49,380 - INFO -   Silhouette: 0.2434 | School ROC: 0.5830 F1: 0.5778 | Project ROC: 0.5677 F1: 0.2524 
2026-02-15 14:02:49,380 - INFO - Round 66/1000
2026-02-15 14:02:49,651 - INFO -   Silhouette: 0.2270 | School ROC: 0.6467 F1: 0.6170 | Project ROC: 0.5353 F1: 0.2056 
2026-02-15 14:02:49,651 - INFO - Round 67/1000
2026-02-15 14:02:49,908 - INFO -   Silhouette: 0.2865 | School ROC: 0.6378 F1: 0.6044 | Project ROC: 0.5344 F1: 0.2301 
2026-02-15 14:02:49,908 - INFO - Round 68/1000
2026-02-15 14:02:50,165 - INFO -   Silhouette: 0.2368 | School ROC: 0.5975 F1: 0.5424 | Project ROC: 0.4825 F1: 0.1942 
2026-02-15 14:02:50,165 - INFO - Round 69/1000
2026-02-15 14:02:50,400 - INFO -   Silhouette: 0.2630 | School ROC: 0.6335 F1: 0.6145 | Project ROC: 0.5544 F1: 0.1923 
2026-02-15 14:02:50,400 - INFO - Round 70/1000
2026-02-15 14:02:50,730 - INFO -   Silhouette: 0.2222 | School ROC: 0.5964 F1: 0.5838 | Project ROC: 0.5045 F1: 0.1835 
2026-02-15 14:02:50,730 - INFO - Round 71/1000
2026-02-15 14:02:51,110 - INFO -   Silhouette: 0.1885 | School ROC: 0.6171 F1: 0.5595 | Project ROC: 0.6033 F1: 0.2637 
2026-02-15 14:02:51,110 - INFO - Round 72/1000
2026-02-15 14:02:51,450 - INFO -   Silhouette: 0.2275 | School ROC: 0.6578 F1: 0.6146 | Project ROC: 0.5712 F1: 0.2308 
2026-02-15 14:02:51,450 - INFO - Round 73/1000
2026-02-15 14:02:51,654 - INFO -   Silhouette: 0.2801 | School ROC: 0.6569 F1: 0.5824 | Project ROC: 0.4946 F1: 0.2182 
2026-02-15 14:02:51,655 - INFO - Round 74/1000
2026-02-15 14:02:51,938 - INFO -   Silhouette: 0.2338 | School ROC: 0.5847 F1: 0.5698 | Project ROC: 0.4851 F1: 0.1600 
2026-02-15 14:02:51,950 - INFO - Round 75/1000
2026-02-15 14:02:52,154 - INFO -   Silhouette: 0.2345 | School ROC: 0.6040 F1: 0.5938 | Project ROC: 0.5392 F1: 0.2105 
2026-02-15 14:02:52,154 - INFO - Round 76/1000
2026-02-15 14:02:52,395 - INFO -   Silhouette: 0.2049 | School ROC: 0.6619 F1: 0.6196 | Project ROC: 0.5716 F1: 0.2435 
2026-02-15 14:02:52,395 - INFO - Round 77/1000
2026-02-15 14:02:52,787 - INFO -   Silhouette: 0.2897 | School ROC: 0.5870 F1: 0.5667 | Project ROC: 0.5105 F1: 0.1782 
2026-02-15 14:02:52,787 - INFO - Round 78/1000
2026-02-15 14:02:53,080 - INFO -   Silhouette: 0.2484 | School ROC: 0.6297 F1: 0.6154 | Project ROC: 0.5552 F1: 0.2095 
2026-02-15 14:02:53,080 - INFO - Round 79/1000
2026-02-15 14:02:53,342 - INFO -   Silhouette: 0.2283 | School ROC: 0.6023 F1: 0.5902 | Project ROC: 0.5200 F1: 0.2000 
2026-02-15 14:02:53,342 - INFO - Round 80/1000
2026-02-15 14:02:53,616 - INFO -   Silhouette: 0.2618 | School ROC: 0.6307 F1: 0.6448 | Project ROC: 0.5684 F1: 0.2243 
2026-02-15 14:02:53,617 - INFO - Round 81/1000
2026-02-15 14:02:53,868 - INFO -   Silhouette: 0.1991 | School ROC: 0.6356 F1: 0.6118 | Project ROC: 0.5641 F1: 0.2476 
2026-02-15 14:02:53,869 - INFO - Round 82/1000
2026-02-15 14:02:54,168 - INFO -   Silhouette: 0.2192 | School ROC: 0.6566 F1: 0.6127 | Project ROC: 0.5559 F1: 0.2407 
2026-02-15 14:02:54,168 - INFO - Round 83/1000
2026-02-15 14:02:54,455 - INFO -   Silhouette: 0.2316 | School ROC: 0.5936 F1: 0.6011 | Project ROC: 0.5277 F1: 0.1782 
2026-02-15 14:02:54,455 - INFO - Round 84/1000
2026-02-15 14:02:54,687 - INFO -   Silhouette: 0.2274 | School ROC: 0.6952 F1: 0.6630 | Project ROC: 0.5546 F1: 0.2105 ✓
2026-02-15 14:02:54,714 - INFO - Results saved to /home/dev/work_main/random/assesment/k_means_selected/gemma3-12B_cv_results.json
2026-02-15 14:02:54,714 - INFO - Round 85/1000
2026-02-15 14:02:54,935 - INFO -   Silhouette: 0.3270 | School ROC: 0.6439 F1: 0.6413 | Project ROC: 0.5535 F1: 0.2095 ✓
2026-02-15 14:02:54,936 - INFO -     📊 Silhouette improvement → Avg ROC: 0.5987 | Avg F1: 0.4254 | F1/ROC ratio: 0.7105 (F1 < ROC (conservative predictions))
2026-02-15 14:02:54,963 - INFO - Results saved to /home/dev/work_main/random/assesment/k_means_selected/gemma3-12B_cv_results.json
2026-02-15 14:02:54,964 - INFO - Round 86/1000
2026-02-15 14:02:55,238 - INFO -   Silhouette: 0.2576 | School ROC: 0.6335 F1: 0.5978 | Project ROC: 0.5133 F1: 0.2264 
2026-02-15 14:02:55,238 - INFO - Round 87/1000
2026-02-15 14:02:55,562 - INFO -   Silhouette: 0.2293 | School ROC: 0.6158 F1: 0.6129 | Project ROC: 0.5165 F1: 0.2202 
2026-02-15 14:02:55,562 - INFO - Round 88/1000
2026-02-15 14:02:55,970 - INFO -   Silhouette: 0.2263 | School ROC: 0.6197 F1: 0.5763 | Project ROC: 0.5276 F1: 0.1887 
2026-02-15 14:02:55,970 - INFO - Round 89/1000
2026-02-15 14:02:56,229 - INFO -   Silhouette: 0.2172 | School ROC: 0.6485 F1: 0.6524 | Project ROC: 0.5731 F1: 0.2609 ✓
2026-02-15 14:02:56,263 - INFO - Results saved to /home/dev/work_main/random/assesment/k_means_selected/gemma3-12B_cv_results.json
2026-02-15 14:02:56,263 - INFO - Round 90/1000
2026-02-15 14:02:56,507 - INFO -   Silhouette: 0.2026 | School ROC: 0.6028 F1: 0.5402 | Project ROC: 0.5715 F1: 0.2264 
2026-02-15 14:02:56,507 - INFO - Round 91/1000
2026-02-15 14:02:56,793 - INFO -   Silhouette: 0.2046 | School ROC: 0.6498 F1: 0.6022 | Project ROC: 0.5692 F1: 0.2342 
2026-02-15 14:02:56,793 - INFO - Round 92/1000
2026-02-15 14:02:57,050 - INFO -   Silhouette: 0.1760 | School ROC: 0.5712 F1: 0.5792 | Project ROC: 0.4837 F1: 0.1731 
2026-02-15 14:02:57,050 - INFO - Round 93/1000
2026-02-15 14:02:57,426 - INFO -   Silhouette: 0.2965 | School ROC: 0.6552 F1: 0.6032 | Project ROC: 0.5279 F1: 0.1930 
2026-02-15 14:02:57,426 - INFO - Round 94/1000
2026-02-15 14:02:57,696 - INFO -   Silhouette: 0.2294 | School ROC: 0.6353 F1: 0.5714 | Project ROC: 0.5104 F1: 0.1835 
2026-02-15 14:02:57,696 - INFO - Round 95/1000
2026-02-15 14:02:58,014 - INFO -   Silhouette: 0.1936 | School ROC: 0.6397 F1: 0.5876 | Project ROC: 0.5124 F1: 0.2200 
2026-02-15 14:02:58,015 - INFO - Round 96/1000
2026-02-15 14:02:58,306 - INFO -   Silhouette: 0.2176 | School ROC: 0.6145 F1: 0.5814 | Project ROC: 0.5197 F1: 0.2136 
2026-02-15 14:02:58,307 - INFO - Round 97/1000
2026-02-15 14:02:58,554 - INFO -   Silhouette: 0.1956 | School ROC: 0.6392 F1: 0.5829 | Project ROC: 0.5088 F1: 0.2200 
2026-02-15 14:02:58,554 - INFO - Round 98/1000
2026-02-15 14:02:58,829 - INFO -   Silhouette: 0.2385 | School ROC: 0.6184 F1: 0.6044 | Project ROC: 0.5204 F1: 0.1964 
2026-02-15 14:02:58,829 - INFO - Round 99/1000
2026-02-15 14:02:59,103 - INFO -   Silhouette: 0.2216 | School ROC: 0.6383 F1: 0.5943 | Project ROC: 0.5414 F1: 0.2385 
2026-02-15 14:02:59,103 - INFO - Round 100/1000
2026-02-15 14:02:59,367 - INFO -   Silhouette: 0.2006 | School ROC: 0.6568 F1: 0.6054 | Project ROC: 0.5673 F1: 0.2500 
2026-02-15 14:02:59,367 - INFO - Round 101/1000
2026-02-15 14:02:59,717 - INFO -   Silhouette: 0.2248 | School ROC: 0.6252 F1: 0.6044 | Project ROC: 0.5748 F1: 0.2376 
2026-02-15 14:02:59,717 - INFO - Round 102/1000
2026-02-15 14:02:59,988 - INFO -   Silhouette: 0.2370 | School ROC: 0.6369 F1: 0.5896 | Project ROC: 0.5298 F1: 0.2083 
2026-02-15 14:02:59,989 - INFO - Round 103/1000
2026-02-15 14:03:00,250 - INFO -   Silhouette: 0.2476 | School ROC: 0.6152 F1: 0.5780 | Project ROC: 0.5533 F1: 0.2105 
2026-02-15 14:03:00,251 - INFO - Round 104/1000
2026-02-15 14:03:00,481 - INFO -   Silhouette: 0.2124 | School ROC: 0.6072 F1: 0.5650 | Project ROC: 0.5025 F1: 0.1748 
2026-02-15 14:03:00,481 - INFO - Round 105/1000
2026-02-15 14:03:00,759 - INFO -   Silhouette: 0.2431 | School ROC: 0.6553 F1: 0.6180 | Project ROC: 0.5643 F1: 0.2308 
2026-02-15 14:03:00,760 - INFO - Round 106/1000
2026-02-15 14:03:01,048 - INFO -   Silhouette: 0.2754 | School ROC: 0.6265 F1: 0.5746 | Project ROC: 0.5225 F1: 0.2222 
2026-02-15 14:03:01,048 - INFO - Round 107/1000
2026-02-15 14:03:01,295 - INFO -   Silhouette: 0.2662 | School ROC: 0.5681 F1: 0.5668 | Project ROC: 0.4891 F1: 0.1980 
2026-02-15 14:03:01,295 - INFO - Round 108/1000
2026-02-15 14:03:01,578 - INFO -   Silhouette: 0.2466 | School ROC: 0.6291 F1: 0.6270 | Project ROC: 0.5725 F1: 0.2376 
2026-02-15 14:03:01,579 - INFO - Round 109/1000
2026-02-15 14:03:01,816 - INFO -   Silhouette: 0.2222 | School ROC: 0.6344 F1: 0.6222 | Project ROC: 0.5646 F1: 0.2281 
2026-02-15 14:03:01,817 - INFO - Round 110/1000
2026-02-15 14:03:02,128 - INFO -   Silhouette: 0.2245 | School ROC: 0.6485 F1: 0.5965 | Project ROC: 0.5833 F1: 0.2569 
2026-02-15 14:03:02,128 - INFO - Round 111/1000
2026-02-15 14:03:02,390 - INFO -   Silhouette: 0.3195 | School ROC: 0.5812 F1: 0.5537 | Project ROC: 0.4656 F1: 0.1835 
2026-02-15 14:03:02,390 - INFO - Round 112/1000
2026-02-15 14:03:02,660 - INFO -   Silhouette: 0.2256 | School ROC: 0.5985 F1: 0.5896 | Project ROC: 0.5684 F1: 0.1887 
2026-02-15 14:03:02,660 - INFO - Round 113/1000
2026-02-15 14:03:02,925 - INFO -   Silhouette: 0.2242 | School ROC: 0.6373 F1: 0.6044 | Project ROC: 0.5314 F1: 0.2333 
2026-02-15 14:03:02,926 - INFO - Round 114/1000
2026-02-15 14:03:03,209 - INFO -   Silhouette: 0.2495 | School ROC: 0.5764 F1: 0.6011 | Project ROC: 0.5266 F1: 0.2222 
2026-02-15 14:03:03,210 - INFO - Round 115/1000
2026-02-15 14:03:03,458 - INFO -   Silhouette: 0.1917 | School ROC: 0.6277 F1: 0.6064 | Project ROC: 0.5678 F1: 0.2593 
2026-02-15 14:03:03,458 - INFO - Round 116/1000
2026-02-15 14:03:03,730 - INFO -   Silhouette: 0.2854 | School ROC: 0.5849 F1: 0.5795 | Project ROC: 0.4338 F1: 0.1053 
2026-02-15 14:03:03,730 - INFO - Round 117/1000
2026-02-15 14:03:04,083 - INFO -   Silhouette: 0.2395 | School ROC: 0.6542 F1: 0.6127 | Project ROC: 0.5429 F1: 0.1923 
2026-02-15 14:03:04,083 - INFO - Round 118/1000
2026-02-15 14:03:04,407 - INFO -   Silhouette: 0.2606 | School ROC: 0.5614 F1: 0.5829 | Project ROC: 0.5422 F1: 0.1856 
2026-02-15 14:03:04,407 - INFO - Round 119/1000
2026-02-15 14:03:04,682 - INFO -   Silhouette: 0.2117 | School ROC: 0.6292 F1: 0.5789 | Project ROC: 0.4867 F1: 0.1818 
2026-02-15 14:03:04,682 - INFO - Round 120/1000
2026-02-15 14:03:05,013 - INFO -   Silhouette: 0.2570 | School ROC: 0.6095 F1: 0.6211 | Project ROC: 0.5266 F1: 0.2202 
2026-02-15 14:03:05,013 - INFO - Round 121/1000
2026-02-15 14:03:05,307 - INFO -   Silhouette: 0.2898 | School ROC: 0.5941 F1: 0.5843 | Project ROC: 0.5872 F1: 0.2708 
2026-02-15 14:03:05,308 - INFO - Round 122/1000
2026-02-15 14:03:05,555 - INFO -   Silhouette: 0.1926 | School ROC: 0.6071 F1: 0.5632 | Project ROC: 0.5064 F1: 0.2162 
2026-02-15 14:03:05,556 - INFO - Round 123/1000
2026-02-15 14:03:05,905 - INFO -   Silhouette: 0.1930 | School ROC: 0.6572 F1: 0.6047 | Project ROC: 0.5811 F1: 0.2424 
2026-02-15 14:03:05,906 - INFO - Round 124/1000
2026-02-15 14:03:06,206 - INFO -   Silhouette: 0.3154 | School ROC: 0.6204 F1: 0.6154 | Project ROC: 0.5944 F1: 0.2593 
2026-02-15 14:03:06,206 - INFO - Round 125/1000
2026-02-15 14:03:06,435 - INFO -   Silhouette: 0.2366 | School ROC: 0.6036 F1: 0.5537 | Project ROC: 0.5639 F1: 0.2524 
2026-02-15 14:03:06,435 - INFO - Round 126/1000
2026-02-15 14:03:06,702 - INFO -   Silhouette: 0.2548 | School ROC: 0.6117 F1: 0.5876 | Project ROC: 0.4961 F1: 0.2000 
2026-02-15 14:03:06,703 - INFO - Round 127/1000
2026-02-15 14:03:06,950 - INFO -   Silhouette: 0.2301 | School ROC: 0.6122 F1: 0.5714 | Project ROC: 0.4869 F1: 0.1930 
2026-02-15 14:03:06,950 - INFO - Round 128/1000
2026-02-15 14:03:07,219 - INFO -   Silhouette: 0.2177 | School ROC: 0.6135 F1: 0.5424 | Project ROC: 0.5108 F1: 0.1856 
2026-02-15 14:03:07,219 - INFO - Round 129/1000
2026-02-15 14:03:07,488 - INFO -   Silhouette: 0.2851 | School ROC: 0.6236 F1: 0.6023 | Project ROC: 0.4580 F1: 0.1636 
2026-02-15 14:03:07,488 - INFO - Round 130/1000
2026-02-15 14:03:07,774 - INFO -   Silhouette: 0.1758 | School ROC: 0.6162 F1: 0.5632 | Project ROC: 0.5894 F1: 0.2653 
2026-02-15 14:03:07,774 - INFO - Round 131/1000
2026-02-15 14:03:08,008 - INFO -   Silhouette: 0.3150 | School ROC: 0.6007 F1: 0.5806 | Project ROC: 0.4784 F1: 0.1651 
2026-02-15 14:03:08,008 - INFO - Round 132/1000
2026-02-15 14:03:08,330 - INFO -   Silhouette: 0.1930 | School ROC: 0.6012 F1: 0.5763 | Project ROC: 0.5460 F1: 0.2157 
2026-02-15 14:03:08,330 - INFO - Round 133/1000
2026-02-15 14:03:08,603 - INFO -   Silhouette: 0.2169 | School ROC: 0.5836 F1: 0.5556 | Project ROC: 0.5274 F1: 0.2286 
2026-02-15 14:03:08,603 - INFO - Round 134/1000
2026-02-15 14:03:08,878 - INFO -   Silhouette: 0.2131 | School ROC: 0.6228 F1: 0.5914 | Project ROC: 0.5554 F1: 0.2500 
2026-02-15 14:03:08,878 - INFO - Round 135/1000
2026-02-15 14:03:09,161 - INFO -   Silhouette: 0.2013 | School ROC: 0.6431 F1: 0.5833 | Project ROC: 0.6071 F1: 0.2745 
2026-02-15 14:03:09,161 - INFO - Round 136/1000
2026-02-15 14:03:09,434 - INFO -   Silhouette: 0.2776 | School ROC: 0.6025 F1: 0.5434 | Project ROC: 0.4816 F1: 0.1584 
2026-02-15 14:03:09,435 - INFO - Round 137/1000
2026-02-15 14:03:09,715 - INFO -   Silhouette: 0.2086 | School ROC: 0.6047 F1: 0.5810 | Project ROC: 0.5616 F1: 0.2281 
2026-02-15 14:03:09,716 - INFO - Round 138/1000
2026-02-15 14:03:09,986 - INFO -   Silhouette: 0.2748 | School ROC: 0.6245 F1: 0.6129 | Project ROC: 0.5283 F1: 0.2342 
2026-02-15 14:03:09,987 - INFO - Round 139/1000
2026-02-15 14:03:10,319 - INFO -   Silhouette: 0.1851 | School ROC: 0.6223 F1: 0.5967 | Project ROC: 0.5506 F1: 0.1942 
2026-02-15 14:03:10,320 - INFO - Round 140/1000
2026-02-15 14:03:10,571 - INFO -   Silhouette: 0.2653 | School ROC: 0.6557 F1: 0.6000 | Project ROC: 0.4918 F1: 0.2500 
2026-02-15 14:03:10,571 - INFO - Round 141/1000
2026-02-15 14:03:10,843 - INFO -   Silhouette: 0.2506 | School ROC: 0.6646 F1: 0.6222 | Project ROC: 0.5706 F1: 0.2407 
2026-02-15 14:03:10,843 - INFO - Round 142/1000
2026-02-15 14:03:11,076 - INFO -   Silhouette: 0.2224 | School ROC: 0.5892 F1: 0.5824 | Project ROC: 0.5070 F1: 0.2400 
2026-02-15 14:03:11,076 - INFO - Round 143/1000
2026-02-15 14:03:11,342 - INFO -   Silhouette: 0.2280 | School ROC: 0.6163 F1: 0.5856 | Project ROC: 0.5239 F1: 0.2162 
2026-02-15 14:03:11,342 - INFO - Round 144/1000
2026-02-15 14:03:11,647 - INFO -   Silhouette: 0.2277 | School ROC: 0.6280 F1: 0.5780 | Project ROC: 0.5605 F1: 0.2308 
2026-02-15 14:03:11,647 - INFO - Round 145/1000
2026-02-15 14:03:11,954 - INFO -   Silhouette: 0.2011 | School ROC: 0.5615 F1: 0.5635 | Project ROC: 0.5282 F1: 0.1980 
2026-02-15 14:03:11,954 - INFO - Round 146/1000
2026-02-15 14:03:12,255 - INFO -   Silhouette: 0.1985 | School ROC: 0.5980 F1: 0.5843 | Project ROC: 0.5821 F1: 0.2549 
2026-02-15 14:03:12,255 - INFO - Round 147/1000
2026-02-15 14:03:12,484 - INFO -   Silhouette: 0.2535 | School ROC: 0.6183 F1: 0.6243 | Project ROC: 0.5619 F1: 0.2385 
2026-02-15 14:03:12,484 - INFO - Round 148/1000
2026-02-15 14:03:12,727 - INFO -   Silhouette: 0.2009 | School ROC: 0.6357 F1: 0.6196 | Project ROC: 0.5553 F1: 0.2524 
2026-02-15 14:03:12,727 - INFO - Round 149/1000
2026-02-15 14:03:13,003 - INFO -   Silhouette: 0.2281 | School ROC: 0.6236 F1: 0.5647 | Project ROC: 0.5372 F1: 0.2105 
2026-02-15 14:03:13,003 - INFO - Round 150/1000
2026-02-15 14:03:13,241 - INFO -   Silhouette: 0.2378 | School ROC: 0.5742 F1: 0.5455 | Project ROC: 0.4993 F1: 0.1782 
2026-02-15 14:03:13,241 - INFO - Round 151/1000
2026-02-15 14:03:13,496 - INFO -   Silhouette: 0.2208 | School ROC: 0.6535 F1: 0.6489 | Project ROC: 0.5505 F1: 0.1754 
2026-02-15 14:03:13,497 - INFO - Round 152/1000
2026-02-15 14:03:13,780 - INFO -   Silhouette: 0.2148 | School ROC: 0.5977 F1: 0.5635 | Project ROC: 0.5118 F1: 0.1935 
2026-02-15 14:03:13,781 - INFO - Round 153/1000
2026-02-15 14:03:14,091 - INFO -   Silhouette: 0.3023 | School ROC: 0.6067 F1: 0.5778 | Project ROC: 0.5134 F1: 0.2400 
2026-02-15 14:03:14,091 - INFO - Round 154/1000
2026-02-15 14:03:14,424 - INFO -   Silhouette: 0.2453 | School ROC: 0.6112 F1: 0.5934 | Project ROC: 0.5676 F1: 0.2549 
2026-02-15 14:03:14,424 - INFO - Round 155/1000
2026-02-15 14:03:14,658 - INFO -   Silhouette: 0.2297 | School ROC: 0.6188 F1: 0.5946 | Project ROC: 0.5530 F1: 0.2549 
2026-02-15 14:03:14,659 - INFO - Round 156/1000
2026-02-15 14:03:14,997 - INFO -   Silhouette: 0.2148 | School ROC: 0.6690 F1: 0.6364 | Project ROC: 0.5991 F1: 0.2667 ✓
2026-02-15 14:03:15,046 - INFO - Results saved to /home/dev/work_main/random/assesment/k_means_selected/gemma3-12B_cv_results.json
2026-02-15 14:03:15,047 - INFO - Round 157/1000
2026-02-15 14:03:15,280 - INFO -   Silhouette: 0.2727 | School ROC: 0.6216 F1: 0.6096 | Project ROC: 0.5730 F1: 0.2453 
2026-02-15 14:03:15,280 - INFO - Round 158/1000
2026-02-15 14:03:15,570 - INFO -   Silhouette: 0.2261 | School ROC: 0.6341 F1: 0.6077 | Project ROC: 0.4990 F1: 0.1524 
2026-02-15 14:03:15,570 - INFO - Round 159/1000
2026-02-15 14:03:15,821 - INFO -   Silhouette: 0.2356 | School ROC: 0.5463 F1: 0.5198 | Project ROC: 0.4832 F1: 0.1443 
2026-02-15 14:03:15,821 - INFO - Round 160/1000
2026-02-15 14:03:16,106 - INFO -   Silhouette: 0.2404 | School ROC: 0.6152 F1: 0.5978 | Project ROC: 0.5416 F1: 0.2115 
2026-02-15 14:03:16,106 - INFO - Round 161/1000
2026-02-15 14:03:16,378 - INFO -   Silhouette: 0.2737 | School ROC: 0.6386 F1: 0.6383 | Project ROC: 0.5086 F1: 0.1651 
2026-02-15 14:03:16,378 - INFO - Round 162/1000
2026-02-15 14:03:16,633 - INFO -   Silhouette: 0.1810 | School ROC: 0.6918 F1: 0.6102 | Project ROC: 0.5433 F1: 0.2353 
2026-02-15 14:03:16,634 - INFO - Round 163/1000
2026-02-15 14:03:16,874 - INFO -   Silhouette: 0.2766 | School ROC: 0.6064 F1: 0.5829 | Project ROC: 0.5201 F1: 0.1982 
2026-02-15 14:03:16,874 - INFO - Round 164/1000
2026-02-15 14:03:17,148 - INFO -   Silhouette: 0.2073 | School ROC: 0.5821 F1: 0.5614 | Project ROC: 0.5905 F1: 0.2500 
2026-02-15 14:03:17,149 - INFO - Round 165/1000
2026-02-15 14:03:17,421 - INFO -   Silhouette: 0.2143 | School ROC: 0.6479 F1: 0.6215 | Project ROC: 0.5563 F1: 0.2308 
2026-02-15 14:03:17,422 - INFO - Round 166/1000
2026-02-15 14:03:17,770 - INFO -   Silhouette: 0.1872 | School ROC: 0.6229 F1: 0.5444 | Project ROC: 0.6469 F1: 0.3077 ✓
2026-02-15 14:03:17,819 - INFO - Results saved to /home/dev/work_main/random/assesment/k_means_selected/gemma3-12B_cv_results.json
2026-02-15 14:03:17,819 - INFO - Round 167/1000
2026-02-15 14:03:18,061 - INFO -   Silhouette: 0.1731 | School ROC: 0.6317 F1: 0.5731 | Project ROC: 0.5728 F1: 0.2281 
2026-02-15 14:03:18,061 - INFO - Round 168/1000
2026-02-15 14:03:18,292 - INFO -   Silhouette: 0.2555 | School ROC: 0.5891 F1: 0.5914 | Project ROC: 0.5708 F1: 0.2364 
2026-02-15 14:03:18,292 - INFO - Round 169/1000
2026-02-15 14:03:18,562 - INFO -   Silhouette: 0.2233 | School ROC: 0.6085 F1: 0.5926 | Project ROC: 0.4875 F1: 0.2222 
2026-02-15 14:03:18,562 - INFO - Round 170/1000
2026-02-15 14:03:18,804 - INFO -   Silhouette: 0.2881 | School ROC: 0.5980 F1: 0.5604 | Project ROC: 0.5133 F1: 0.1980 
2026-02-15 14:03:18,804 - INFO - Round 171/1000
2026-02-15 14:03:19,048 - INFO -   Silhouette: 0.2190 | School ROC: 0.6539 F1: 0.6057 | Project ROC: 0.5826 F1: 0.2301 
2026-02-15 14:03:19,048 - INFO - Round 172/1000
2026-02-15 14:03:19,395 - INFO -   Silhouette: 0.2137 | School ROC: 0.6094 F1: 0.5978 | Project ROC: 0.5486 F1: 0.2115 
2026-02-15 14:03:19,395 - INFO - Round 173/1000
2026-02-15 14:03:19,734 - INFO -   Silhouette: 0.2122 | School ROC: 0.6641 F1: 0.5967 | Project ROC: 0.5312 F1: 0.2062 
2026-02-15 14:03:19,734 - INFO - Round 174/1000
2026-02-15 14:03:19,977 - INFO -   Silhouette: 0.2178 | School ROC: 0.5416 F1: 0.5574 | Project ROC: 0.4991 F1: 0.2037 
2026-02-15 14:03:19,978 - INFO - Round 175/1000
2026-02-15 14:03:20,260 - INFO -   Silhouette: 0.1986 | School ROC: 0.6390 F1: 0.5989 | Project ROC: 0.5680 F1: 0.2424 
2026-02-15 14:03:20,260 - INFO - Round 176/1000
2026-02-15 14:03:20,506 - INFO -   Silhouette: 0.2497 | School ROC: 0.5917 F1: 0.5682 | Project ROC: 0.5760 F1: 0.2500 
2026-02-15 14:03:20,506 - INFO - Round 177/1000
2026-02-15 14:03:20,855 - INFO -   Silhouette: 0.2630 | School ROC: 0.6061 F1: 0.5730 | Project ROC: 0.5477 F1: 0.2136 
2026-02-15 14:03:20,855 - INFO - Round 178/1000
2026-02-15 14:03:21,174 - INFO -   Silhouette: 0.2106 | School ROC: 0.6211 F1: 0.6087 | Project ROC: 0.5715 F1: 0.2264 
2026-02-15 14:03:21,174 - INFO - Round 179/1000
2026-02-15 14:03:21,414 - INFO -   Silhouette: 0.1943 | School ROC: 0.6738 F1: 0.6077 | Project ROC: 0.5391 F1: 0.2124 
2026-02-15 14:03:21,414 - INFO - Round 180/1000
2026-02-15 14:03:21,671 - INFO -   Silhouette: 0.2385 | School ROC: 0.6652 F1: 0.6364 | Project ROC: 0.5832 F1: 0.2523 
2026-02-15 14:03:21,671 - INFO - Round 181/1000
2026-02-15 14:03:22,025 - INFO -   Silhouette: 0.2576 | School ROC: 0.6471 F1: 0.6277 | Project ROC: 0.4910 F1: 0.2000 
2026-02-15 14:03:22,026 - INFO - Round 182/1000
2026-02-15 14:03:22,422 - INFO -   Silhouette: 0.2928 | School ROC: 0.6128 F1: 0.5955 | Project ROC: 0.4751 F1: 0.2037 
2026-02-15 14:03:22,422 - INFO - Round 183/1000
2026-02-15 14:03:22,679 - INFO -   Silhouette: 0.2195 | School ROC: 0.6236 F1: 0.5698 | Project ROC: 0.5547 F1: 0.2642 
2026-02-15 14:03:22,679 - INFO - Round 184/1000
2026-02-15 14:03:22,950 - INFO -   Silhouette: 0.2092 | School ROC: 0.6090 F1: 0.5829 | Project ROC: 0.5051 F1: 0.2018 
2026-02-15 14:03:22,950 - INFO - Round 185/1000
2026-02-15 14:03:23,194 - INFO -   Silhouette: 0.2698 | School ROC: 0.6066 F1: 0.5537 | Project ROC: 0.5120 F1: 0.1964 
2026-02-15 14:03:23,194 - INFO - Round 186/1000
2026-02-15 14:03:23,467 - INFO -   Silhouette: 0.2305 | School ROC: 0.5900 F1: 0.5682 | Project ROC: 0.5374 F1: 0.2292 
2026-02-15 14:03:23,467 - INFO - Round 187/1000
2026-02-15 14:03:23,713 - INFO -   Silhouette: 0.2384 | School ROC: 0.5856 F1: 0.5600 | Project ROC: 0.5334 F1: 0.2178 
2026-02-15 14:03:23,714 - INFO - Round 188/1000
2026-02-15 14:03:23,950 - INFO -   Silhouette: 0.1949 | School ROC: 0.6036 F1: 0.5810 | Project ROC: 0.5374 F1: 0.2157 
2026-02-15 14:03:23,950 - INFO - Round 189/1000
2026-02-15 14:03:24,355 - INFO -   Silhouette: 0.2296 | School ROC: 0.6448 F1: 0.6333 | Project ROC: 0.5980 F1: 0.2353 
2026-02-15 14:03:24,356 - INFO - Round 190/1000
2026-02-15 14:03:24,628 - INFO -   Silhouette: 0.2100 | School ROC: 0.6443 F1: 0.5896 | Project ROC: 0.5734 F1: 0.2435 
2026-02-15 14:03:24,628 - INFO - Round 191/1000
2026-02-15 14:03:24,979 - INFO -   Silhouette: 0.2258 | School ROC: 0.6384 F1: 0.6270 | Project ROC: 0.5626 F1: 0.2281 
2026-02-15 14:03:24,980 - INFO - Round 192/1000
2026-02-15 14:03:25,251 - INFO -   Silhouette: 0.2484 | School ROC: 0.6049 F1: 0.5792 | Project ROC: 0.5261 F1: 0.2000 
2026-02-15 14:03:25,251 - INFO - Round 193/1000
2026-02-15 14:03:25,511 - INFO -   Silhouette: 0.2507 | School ROC: 0.5713 F1: 0.5730 | Project ROC: 0.5416 F1: 0.2342 
2026-02-15 14:03:25,511 - INFO - Round 194/1000
2026-02-15 14:03:25,835 - INFO -   Silhouette: 0.2217 | School ROC: 0.5804 F1: 0.5946 | Project ROC: 0.5471 F1: 0.2342 
2026-02-15 14:03:25,836 - INFO - Round 195/1000
2026-02-15 14:03:26,097 - INFO -   Silhouette: 0.2358 | School ROC: 0.6166 F1: 0.6044 | Project ROC: 0.5266 F1: 0.2222 
2026-02-15 14:03:26,098 - INFO - Round 196/1000
2026-02-15 14:03:26,422 - INFO -   Silhouette: 0.2363 | School ROC: 0.6241 F1: 0.5549 | Project ROC: 0.4917 F1: 0.1964 
2026-02-15 14:03:26,423 - INFO - Round 197/1000
2026-02-15 14:03:26,674 - INFO -   Silhouette: 0.2416 | School ROC: 0.6434 F1: 0.6264 | Project ROC: 0.4739 F1: 0.1636 
2026-02-15 14:03:26,675 - INFO - Round 198/1000
2026-02-15 14:03:26,935 - INFO -   Silhouette: 0.2330 | School ROC: 0.5981 F1: 0.5698 | Project ROC: 0.5512 F1: 0.2340 
2026-02-15 14:03:26,935 - INFO - Round 199/1000
2026-02-15 14:03:27,181 - INFO -   Silhouette: 0.3083 | School ROC: 0.6252 F1: 0.5934 | Project ROC: 0.5461 F1: 0.2500 
2026-02-15 14:03:27,181 - INFO - Round 200/1000
2026-02-15 14:03:27,422 - INFO -   Silhouette: 0.1908 | School ROC: 0.6155 F1: 0.5922 | Project ROC: 0.5299 F1: 0.2115 
2026-02-15 14:03:27,422 - INFO - Round 201/1000
2026-02-15 14:03:27,668 - INFO -   Silhouette: 0.2585 | School ROC: 0.6341 F1: 0.6054 | Project ROC: 0.5244 F1: 0.2430 
2026-02-15 14:03:27,668 - INFO - Round 202/1000
2026-02-15 14:03:27,941 - INFO -   Silhouette: 0.2288 | School ROC: 0.6227 F1: 0.5909 | Project ROC: 0.5181 F1: 0.2157 
2026-02-15 14:03:27,941 - INFO - Round 203/1000
2026-02-15 14:03:28,177 - INFO -   Silhouette: 0.2645 | School ROC: 0.6004 F1: 0.5414 | Project ROC: 0.5210 F1: 0.2202 
2026-02-15 14:03:28,178 - INFO - Round 204/1000
2026-02-15 14:03:28,491 - INFO -   Silhouette: 0.2033 | School ROC: 0.5947 F1: 0.5476 | Project ROC: 0.5715 F1: 0.2545 
2026-02-15 14:03:28,491 - INFO - Round 205/1000
2026-02-15 14:03:28,796 - INFO -   Silhouette: 0.2254 | School ROC: 0.5960 F1: 0.5763 | Project ROC: 0.4955 F1: 0.1748 
2026-02-15 14:03:28,797 - INFO - Round 206/1000
2026-02-15 14:03:29,077 - INFO -   Silhouette: 0.2454 | School ROC: 0.6518 F1: 0.6237 | Project ROC: 0.5347 F1: 0.2124 
2026-02-15 14:03:29,077 - INFO - Round 207/1000
2026-02-15 14:03:29,323 - INFO -   Silhouette: 0.2212 | School ROC: 0.6482 F1: 0.5922 | Project ROC: 0.5563 F1: 0.2308 
2026-02-15 14:03:29,324 - INFO - Round 208/1000
2026-02-15 14:03:29,597 - INFO -   Silhouette: 0.2340 | School ROC: 0.5847 F1: 0.5574 | Project ROC: 0.4705 F1: 0.1818 
2026-02-15 14:03:29,598 - INFO - Round 209/1000
2026-02-15 14:03:29,841 - INFO -   Silhouette: 0.2161 | School ROC: 0.6163 F1: 0.5810 | Project ROC: 0.5622 F1: 0.2353 
2026-02-15 14:03:29,841 - INFO - Round 210/1000
2026-02-15 14:03:30,184 - INFO -   Silhouette: 0.2002 | School ROC: 0.6421 F1: 0.6032 | Project ROC: 0.5566 F1: 0.2456 
2026-02-15 14:03:30,184 - INFO - Round 211/1000
2026-02-15 14:03:30,447 - INFO -   Silhouette: 0.2623 | School ROC: 0.6047 F1: 0.6170 | Project ROC: 0.5266 F1: 0.2037 
2026-02-15 14:03:30,447 - INFO - Round 212/1000
2026-02-15 14:03:30,693 - INFO -   Silhouette: 0.2020 | School ROC: 0.5903 F1: 0.5562 | Project ROC: 0.5553 F1: 0.1860 
2026-02-15 14:03:30,694 - INFO - Round 213/1000
2026-02-15 14:03:30,977 - INFO -   Silhouette: 0.2080 | School ROC: 0.6548 F1: 0.6630 | Project ROC: 0.5538 F1: 0.2569 ✓
2026-02-15 14:03:31,040 - INFO - Results saved to /home/dev/work_main/random/assesment/k_means_selected/gemma3-12B_cv_results.json
2026-02-15 14:03:31,040 - INFO - Round 214/1000
2026-02-15 14:03:31,229 - INFO -   Silhouette: 0.2056 | School ROC: 0.6175 F1: 0.6162 | Project ROC: 0.5800 F1: 0.2407 
2026-02-15 14:03:31,229 - INFO - Round 215/1000
2026-02-15 14:03:31,521 - INFO -   Silhouette: 0.2279 | School ROC: 0.6072 F1: 0.6120 | Project ROC: 0.5486 F1: 0.2178 
2026-02-15 14:03:31,522 - INFO - Round 216/1000
2026-02-15 14:03:31,746 - INFO -   Silhouette: 0.1903 | School ROC: 0.5960 F1: 0.5318 | Project ROC: 0.6145 F1: 0.2574 
2026-02-15 14:03:31,746 - INFO - Round 217/1000
2026-02-15 14:03:31,988 - INFO -   Silhouette: 0.2397 | School ROC: 0.5918 F1: 0.5304 | Project ROC: 0.4717 F1: 0.1698 
2026-02-15 14:03:31,988 - INFO - Round 218/1000
2026-02-15 14:03:32,257 - INFO -   Silhouette: 0.2233 | School ROC: 0.6192 F1: 0.5876 | Project ROC: 0.5550 F1: 0.1856 
2026-02-15 14:03:32,257 - INFO - Round 219/1000
2026-02-15 14:03:32,530 - INFO -   Silhouette: 0.2246 | School ROC: 0.5868 F1: 0.5682 | Project ROC: 0.5130 F1: 0.2157 
2026-02-15 14:03:32,531 - INFO - Round 220/1000
2026-02-15 14:03:32,868 - INFO -   Silhouette: 0.2825 | School ROC: 0.6305 F1: 0.6452 | Project ROC: 0.5372 F1: 0.2321 
2026-02-15 14:03:32,868 - INFO - Round 221/1000
2026-02-15 14:03:33,144 - INFO -   Silhouette: 0.2604 | School ROC: 0.6340 F1: 0.6170 | Project ROC: 0.5765 F1: 0.2456 
2026-02-15 14:03:33,144 - INFO - Round 222/1000
2026-02-15 14:03:33,449 - INFO -   Silhouette: 0.2257 | School ROC: 0.6429 F1: 0.6129 | Project ROC: 0.5228 F1: 0.1930 
2026-02-15 14:03:33,449 - INFO - Round 223/1000
2026-02-15 14:03:33,720 - INFO -   Silhouette: 0.2485 | School ROC: 0.6401 F1: 0.5934 | Project ROC: 0.5448 F1: 0.2222 
2026-02-15 14:03:33,720 - INFO - Round 224/1000
2026-02-15 14:03:34,026 - INFO -   Silhouette: 0.2731 | School ROC: 0.6028 F1: 0.5556 | Project ROC: 0.5223 F1: 0.2095 
2026-02-15 14:03:34,026 - INFO - Round 225/1000
2026-02-15 14:03:34,276 - INFO -   Silhouette: 0.2263 | School ROC: 0.6147 F1: 0.6067 | Project ROC: 0.4964 F1: 0.1913 
2026-02-15 14:03:34,277 - INFO - Round 226/1000
2026-02-15 14:03:34,565 - INFO -   Silhouette: 0.3196 | School ROC: 0.5647 F1: 0.5257 | Project ROC: 0.4895 F1: 0.1800 
2026-02-15 14:03:34,566 - INFO - Round 227/1000
2026-02-15 14:03:34,815 - INFO -   Silhouette: 0.2906 | School ROC: 0.5973 F1: 0.5635 | Project ROC: 0.5566 F1: 0.2430 
2026-02-15 14:03:34,815 - INFO - Round 228/1000
2026-02-15 14:03:35,163 - INFO -   Silhouette: 0.2395 | School ROC: 0.6297 F1: 0.5955 | Project ROC: 0.4856 F1: 0.1731 
2026-02-15 14:03:35,163 - INFO - Round 229/1000
2026-02-15 14:03:35,349 - INFO -   Silhouette: 0.2654 | School ROC: 0.6141 F1: 0.5978 | Project ROC: 0.5661 F1: 0.2407 
2026-02-15 14:03:35,350 - INFO - Round 230/1000
2026-02-15 14:03:35,619 - INFO -   Silhouette: 0.2200 | School ROC: 0.6290 F1: 0.5650 | Project ROC: 0.5527 F1: 0.2136 
2026-02-15 14:03:35,619 - INFO - Round 231/1000
2026-02-15 14:03:35,910 - INFO -   Silhouette: 0.2885 | School ROC: 0.6139 F1: 0.5635 | Project ROC: 0.4788 F1: 0.1754 
2026-02-15 14:03:35,910 - INFO - Round 232/1000
2026-02-15 14:03:36,294 - INFO -   Silhouette: 0.2680 | School ROC: 0.5877 F1: 0.5902 | Project ROC: 0.5058 F1: 0.1942 
2026-02-15 14:03:36,295 - INFO - Round 233/1000
2026-02-15 14:03:36,589 - INFO -   Silhouette: 0.2475 | School ROC: 0.6384 F1: 0.5806 | Project ROC: 0.4930 F1: 0.2000 
2026-02-15 14:03:36,589 - INFO - Round 234/1000
2026-02-15 14:03:36,910 - INFO -   Silhouette: 0.1908 | School ROC: 0.6045 F1: 0.5989 | Project ROC: 0.5674 F1: 0.2772 
2026-02-15 14:03:36,910 - INFO - Round 235/1000
2026-02-15 14:03:37,258 - INFO -   Silhouette: 0.2124 | School ROC: 0.6015 F1: 0.5856 | Project ROC: 0.4533 F1: 0.1400 
2026-02-15 14:03:37,259 - INFO - Round 236/1000
2026-02-15 14:03:37,513 - INFO -   Silhouette: 0.2678 | School ROC: 0.6065 F1: 0.5824 | Project ROC: 0.4972 F1: 0.1786 
2026-02-15 14:03:37,513 - INFO - Round 237/1000
2026-02-15 14:03:37,785 - INFO -   Silhouette: 0.2905 | School ROC: 0.5955 F1: 0.5730 | Project ROC: 0.5207 F1: 0.2115 
2026-02-15 14:03:37,785 - INFO - Round 238/1000
2026-02-15 14:03:38,090 - INFO -   Silhouette: 0.3020 | School ROC: 0.6045 F1: 0.6270 | Project ROC: 0.5614 F1: 0.2202 
2026-02-15 14:03:38,090 - INFO - Round 239/1000
2026-02-15 14:03:38,347 - INFO -   Silhouette: 0.2748 | School ROC: 0.6167 F1: 0.5746 | Project ROC: 0.5216 F1: 0.2056 
2026-02-15 14:03:38,347 - INFO - Round 240/1000
2026-02-15 14:03:38,614 - INFO -   Silhouette: 0.2248 | School ROC: 0.6029 F1: 0.5969 | Project ROC: 0.4965 F1: 0.2143 
2026-02-15 14:03:38,614 - INFO - Round 241/1000
2026-02-15 14:03:38,923 - INFO -   Silhouette: 0.2390 | School ROC: 0.6119 F1: 0.5967 | Project ROC: 0.6001 F1: 0.2424 
2026-02-15 14:03:38,923 - INFO - Round 242/1000
2026-02-15 14:03:39,173 - INFO -   Silhouette: 0.1934 | School ROC: 0.6766 F1: 0.6358 | Project ROC: 0.5684 F1: 0.2655 
2026-02-15 14:03:39,173 - INFO - Round 243/1000
2026-02-15 14:03:39,437 - INFO -   Silhouette: 0.2217 | School ROC: 0.6002 F1: 0.5543 | Project ROC: 0.5178 F1: 0.2075 
2026-02-15 14:03:39,437 - INFO - Round 244/1000
2026-02-15 14:03:39,690 - INFO -   Silhouette: 0.2254 | School ROC: 0.6316 F1: 0.6162 | Project ROC: 0.5360 F1: 0.2143 
2026-02-15 14:03:39,690 - INFO - Round 245/1000
2026-02-15 14:03:40,003 - INFO -   Silhouette: 0.1849 | School ROC: 0.6392 F1: 0.6096 | Project ROC: 0.5131 F1: 0.2301 
2026-02-15 14:03:40,004 - INFO - Round 246/1000
2026-02-15 14:03:40,270 - INFO -   Silhouette: 0.1996 | School ROC: 0.5890 F1: 0.5955 | Project ROC: 0.5481 F1: 0.2330 
2026-02-15 14:03:40,270 - INFO - Round 247/1000
2026-02-15 14:03:40,519 - INFO -   Silhouette: 0.2577 | School ROC: 0.6009 F1: 0.5595 | Project ROC: 0.5071 F1: 0.2056 
2026-02-15 14:03:40,519 - INFO - Round 248/1000
2026-02-15 14:03:40,813 - INFO -   Silhouette: 0.2023 | School ROC: 0.6916 F1: 0.6448 | Project ROC: 0.5158 F1: 0.2162 
2026-02-15 14:03:40,814 - INFO - Round 249/1000
2026-02-15 14:03:41,046 - INFO -   Silhouette: 0.2384 | School ROC: 0.5796 F1: 0.5914 | Project ROC: 0.5158 F1: 0.2075 
2026-02-15 14:03:41,046 - INFO - Round 250/1000
2026-02-15 14:03:41,290 - INFO -   Silhouette: 0.1999 | School ROC: 0.5829 F1: 0.5412 | Project ROC: 0.5874 F1: 0.2178 
2026-02-15 14:03:41,290 - INFO - Round 251/1000
2026-02-15 14:03:41,557 - INFO -   Silhouette: 0.2525 | School ROC: 0.6531 F1: 0.6129 | Project ROC: 0.5175 F1: 0.2301 
2026-02-15 14:03:41,557 - INFO - Round 252/1000
2026-02-15 14:03:41,864 - INFO -   Silhouette: 0.1752 | School ROC: 0.6038 F1: 0.5341 | Project ROC: 0.5487 F1: 0.2200 
2026-02-15 14:03:41,864 - INFO - Round 253/1000
2026-02-15 14:03:42,196 - INFO -   Silhouette: 0.2433 | School ROC: 0.6176 F1: 0.5761 | Project ROC: 0.5055 F1: 0.2037 
2026-02-15 14:03:42,196 - INFO - Round 254/1000
2026-02-15 14:03:42,454 - INFO -   Silhouette: 0.2369 | School ROC: 0.5899 F1: 0.5792 | Project ROC: 0.5191 F1: 0.2245 
2026-02-15 14:03:42,454 - INFO - Round 255/1000
2026-02-15 14:03:42,782 - INFO -   Silhouette: 0.2229 | School ROC: 0.5892 F1: 0.5537 | Project ROC: 0.5603 F1: 0.2041 
2026-02-15 14:03:42,783 - INFO - Round 256/1000
2026-02-15 14:03:43,024 - INFO -   Silhouette: 0.2213 | School ROC: 0.5769 F1: 0.5882 | Project ROC: 0.5534 F1: 0.2222 
2026-02-15 14:03:43,024 - INFO - Round 257/1000
2026-02-15 14:03:43,305 - INFO -   Silhouette: 0.2235 | School ROC: 0.6141 F1: 0.6304 | Project ROC: 0.5451 F1: 0.1935 
2026-02-15 14:03:43,306 - INFO - Round 258/1000
2026-02-15 14:03:43,672 - INFO -   Silhouette: 0.2155 | School ROC: 0.5841 F1: 0.5789 | Project ROC: 0.4937 F1: 0.1852 
2026-02-15 14:03:43,673 - INFO - Round 259/1000
2026-02-15 14:03:43,937 - INFO -   Silhouette: 0.2478 | School ROC: 0.6651 F1: 0.6178 | Project ROC: 0.5511 F1: 0.2364 
2026-02-15 14:03:43,937 - INFO - Round 260/1000
2026-02-15 14:03:44,251 - INFO -   Silhouette: 0.1928 | School ROC: 0.6522 F1: 0.6136 | Project ROC: 0.5503 F1: 0.2407 
2026-02-15 14:03:44,251 - INFO - Round 261/1000
2026-02-15 14:03:44,569 - INFO -   Silhouette: 0.2477 | School ROC: 0.6442 F1: 0.6087 | Project ROC: 0.5187 F1: 0.2018 
2026-02-15 14:03:44,570 - INFO - Round 262/1000
2026-02-15 14:03:44,838 - INFO -   Silhouette: 0.1785 | School ROC: 0.6524 F1: 0.6304 | Project ROC: 0.5357 F1: 0.2353 
2026-02-15 14:03:44,838 - INFO - Round 263/1000
2026-02-15 14:03:45,090 - INFO -   Silhouette: 0.2647 | School ROC: 0.6330 F1: 0.6526 | Project ROC: 0.5279 F1: 0.2075 
2026-02-15 14:03:45,090 - INFO - Round 264/1000
2026-02-15 14:03:45,416 - INFO -   Silhouette: 0.2052 | School ROC: 0.5954 F1: 0.6064 | Project ROC: 0.6034 F1: 0.2804 
2026-02-15 14:03:45,416 - INFO - Round 265/1000
2026-02-15 14:03:45,652 - INFO -   Silhouette: 0.2619 | School ROC: 0.6338 F1: 0.5792 | Project ROC: 0.5108 F1: 0.1835 
2026-02-15 14:03:45,653 - INFO - Round 266/1000
2026-02-15 14:03:45,860 - INFO -   Silhouette: 0.2085 | School ROC: 0.6243 F1: 0.5792 | Project ROC: 0.5479 F1: 0.2264 
2026-02-15 14:03:45,860 - INFO - Round 267/1000
2026-02-15 14:03:46,133 - INFO -   Silhouette: 0.2202 | School ROC: 0.6422 F1: 0.5882 | Project ROC: 0.4907 F1: 0.1800 
2026-02-15 14:03:46,133 - INFO - Round 268/1000
2026-02-15 14:03:46,374 - INFO -   Silhouette: 0.2364 | School ROC: 0.5612 F1: 0.5000 | Project ROC: 0.5320 F1: 0.2308 
2026-02-15 14:03:46,375 - INFO - Round 269/1000
2026-02-15 14:03:46,571 - INFO -   Silhouette: 0.1926 | School ROC: 0.5526 F1: 0.5486 | Project ROC: 0.4755 F1: 0.1524 
2026-02-15 14:03:46,572 - INFO - Round 270/1000
2026-02-15 14:03:46,814 - INFO -   Silhouette: 0.2201 | School ROC: 0.6414 F1: 0.5989 | Project ROC: 0.5568 F1: 0.2385 
2026-02-15 14:03:46,814 - INFO - Round 271/1000
2026-02-15 14:03:47,085 - INFO -   Silhouette: 0.2191 | School ROC: 0.6213 F1: 0.5698 | Project ROC: 0.5893 F1: 0.2642 
2026-02-15 14:03:47,086 - INFO - Round 272/1000
2026-02-15 14:03:47,336 - INFO -   Silhouette: 0.2218 | School ROC: 0.6116 F1: 0.6067 | Project ROC: 0.5123 F1: 0.1947 
2026-02-15 14:03:47,336 - INFO - Round 273/1000
2026-02-15 14:03:47,617 - INFO -   Silhouette: 0.2298 | School ROC: 0.5792 F1: 0.5763 | Project ROC: 0.5169 F1: 0.2018 
2026-02-15 14:03:47,617 - INFO - Round 274/1000
2026-02-15 14:03:47,859 - INFO -   Silhouette: 0.2502 | School ROC: 0.5993 F1: 0.5789 | Project ROC: 0.4832 F1: 0.1818 
2026-02-15 14:03:47,859 - INFO - Round 275/1000
2026-02-15 14:03:48,120 - INFO -   Silhouette: 0.1880 | School ROC: 0.6532 F1: 0.6118 | Project ROC: 0.5136 F1: 0.2301 
2026-02-15 14:03:48,121 - INFO - Round 276/1000
2026-02-15 14:03:48,350 - INFO -   Silhouette: 0.2435 | School ROC: 0.6169 F1: 0.5876 | Project ROC: 0.5852 F1: 0.2286 
2026-02-15 14:03:48,350 - INFO - Round 277/1000
2026-02-15 14:03:48,654 - INFO -   Silhouette: 0.2162 | School ROC: 0.5499 F1: 0.5281 | Project ROC: 0.5442 F1: 0.2286 
2026-02-15 14:03:48,654 - INFO - Round 278/1000
2026-02-15 14:03:48,890 - INFO -   Silhouette: 0.2922 | School ROC: 0.6471 F1: 0.6136 | Project ROC: 0.5563 F1: 0.2385 
2026-02-15 14:03:48,891 - INFO - Round 279/1000
2026-02-15 14:03:49,227 - INFO -   Silhouette: 0.2647 | School ROC: 0.6296 F1: 0.5792 | Project ROC: 0.5368 F1: 0.2157 
2026-02-15 14:03:49,228 - INFO - Round 280/1000
2026-02-15 14:03:49,491 - INFO -   Silhouette: 0.2393 | School ROC: 0.6025 F1: 0.5810 | Project ROC: 0.4695 F1: 0.1818 
2026-02-15 14:03:49,491 - INFO - Round 281/1000
2026-02-15 14:03:49,746 - INFO -   Silhouette: 0.2975 | School ROC: 0.6239 F1: 0.5682 | Project ROC: 0.5928 F1: 0.2800 
2026-02-15 14:03:49,746 - INFO - Round 282/1000
2026-02-15 14:03:50,196 - INFO -   Silhouette: 0.2364 | School ROC: 0.6829 F1: 0.6369 | Project ROC: 0.5810 F1: 0.2752 
2026-02-15 14:03:50,196 - INFO - Round 283/1000
2026-02-15 14:03:50,408 - INFO -   Silhouette: 0.2279 | School ROC: 0.6164 F1: 0.5549 | Project ROC: 0.5413 F1: 0.2330 
2026-02-15 14:03:50,409 - INFO - Round 284/1000
2026-02-15 14:03:50,813 - INFO -   Silhouette: 0.2341 | School ROC: 0.6371 F1: 0.5989 | Project ROC: 0.5368 F1: 0.2162 
2026-02-15 14:03:50,813 - INFO - Round 285/1000
2026-02-15 14:03:51,083 - INFO -   Silhouette: 0.1848 | School ROC: 0.6286 F1: 0.6421 | Project ROC: 0.6015 F1: 0.2569 
2026-02-15 14:03:51,083 - INFO - Round 286/1000
2026-02-15 14:03:51,334 - INFO -   Silhouette: 0.2331 | School ROC: 0.6386 F1: 0.5922 | Project ROC: 0.5296 F1: 0.2200 
2026-02-15 14:03:51,334 - INFO - Round 287/1000
2026-02-15 14:03:51,595 - INFO -   Silhouette: 0.2469 | School ROC: 0.6388 F1: 0.6129 | Project ROC: 0.4807 F1: 0.1667 
2026-02-15 14:03:51,596 - INFO - Round 288/1000
2026-02-15 14:03:51,862 - INFO -   Silhouette: 0.2937 | School ROC: 0.6221 F1: 0.5824 | Project ROC: 0.5916 F1: 0.2524 
2026-02-15 14:03:51,862 - INFO - Round 289/1000
2026-02-15 14:03:52,122 - INFO -   Silhouette: 0.2184 | School ROC: 0.6154 F1: 0.5581 | Project ROC: 0.5182 F1: 0.1905 
2026-02-15 14:03:52,122 - INFO - Round 290/1000
2026-02-15 14:03:52,379 - INFO -   Silhouette: 0.2567 | School ROC: 0.5532 F1: 0.5525 | Project ROC: 0.5213 F1: 0.2430 
2026-02-15 14:03:52,380 - INFO - Round 291/1000
2026-02-15 14:03:52,639 - INFO -   Silhouette: 0.2133 | School ROC: 0.6212 F1: 0.6222 | Project ROC: 0.5804 F1: 0.2581 
2026-02-15 14:03:52,640 - INFO - Round 292/1000
2026-02-15 14:03:52,979 - INFO -   Silhouette: 0.2187 | School ROC: 0.5568 F1: 0.5698 | Project ROC: 0.4626 F1: 0.1800 
2026-02-15 14:03:52,980 - INFO - Round 293/1000
2026-02-15 14:03:53,282 - INFO -   Silhouette: 0.2597 | School ROC: 0.6298 F1: 0.6203 | Project ROC: 0.5477 F1: 0.2162 
2026-02-15 14:03:53,283 - INFO - Round 294/1000
2026-02-15 14:03:53,605 - INFO -   Silhouette: 0.2958 | School ROC: 0.5794 F1: 0.5202 | Project ROC: 0.4877 F1: 0.1682 
2026-02-15 14:03:53,606 - INFO - Round 295/1000
2026-02-15 14:03:53,839 - INFO -   Silhouette: 0.2623 | School ROC: 0.6013 F1: 0.5635 | Project ROC: 0.5392 F1: 0.2222 
2026-02-15 14:03:53,840 - INFO - Round 296/1000
2026-02-15 14:03:54,098 - INFO -   Silhouette: 0.2024 | School ROC: 0.6164 F1: 0.5838 | Project ROC: 0.5200 F1: 0.2037 
2026-02-15 14:03:54,098 - INFO - Round 297/1000
2026-02-15 14:03:54,359 - INFO -   Silhouette: 0.2339 | School ROC: 0.6625 F1: 0.6421 | Project ROC: 0.4955 F1: 0.2069 
2026-02-15 14:03:54,360 - INFO - Round 298/1000
2026-02-15 14:03:54,674 - INFO -   Silhouette: 0.2822 | School ROC: 0.6052 F1: 0.5856 | Project ROC: 0.5093 F1: 0.1923 
2026-02-15 14:03:54,675 - INFO - Round 299/1000
2026-02-15 14:03:54,981 - INFO -   Silhouette: 0.2148 | School ROC: 0.6240 F1: 0.6257 | Project ROC: 0.5756 F1: 0.2083 
2026-02-15 14:03:54,982 - INFO - Round 300/1000
2026-02-15 14:03:55,250 - INFO -   Silhouette: 0.2052 | School ROC: 0.6655 F1: 0.6264 | Project ROC: 0.5547 F1: 0.2500 
2026-02-15 14:03:55,252 - INFO - Round 301/1000
2026-02-15 14:03:55,535 - INFO -   Silhouette: 0.2565 | School ROC: 0.6049 F1: 0.6022 | Project ROC: 0.5658 F1: 0.2407 
2026-02-15 14:03:55,535 - INFO - Round 302/1000
2026-02-15 14:03:55,798 - INFO -   Silhouette: 0.2149 | School ROC: 0.5897 F1: 0.5680 | Project ROC: 0.5641 F1: 0.2581 
2026-02-15 14:03:55,798 - INFO - Round 303/1000
2026-02-15 14:03:56,064 - INFO -   Silhouette: 0.1840 | School ROC: 0.5610 F1: 0.5683 | Project ROC: 0.5800 F1: 0.2476 
2026-02-15 14:03:56,064 - INFO - Round 304/1000
2026-02-15 14:03:56,414 - INFO -   Silhouette: 0.2354 | School ROC: 0.6356 F1: 0.6304 | Project ROC: 0.5875 F1: 0.2804 
2026-02-15 14:03:56,414 - INFO - Round 305/1000
2026-02-15 14:03:56,714 - INFO -   Silhouette: 0.1829 | School ROC: 0.6024 F1: 0.5763 | Project ROC: 0.5411 F1: 0.2105 
2026-02-15 14:03:56,714 - INFO - Round 306/1000
2026-02-15 14:03:57,106 - INFO -   Silhouette: 0.2510 | School ROC: 0.6247 F1: 0.6203 | Project ROC: 0.5481 F1: 0.2456 
2026-02-15 14:03:57,107 - INFO - Round 307/1000
2026-02-15 14:03:57,444 - INFO -   Silhouette: 0.2164 | School ROC: 0.6419 F1: 0.5934 | Project ROC: 0.5286 F1: 0.1980 
2026-02-15 14:03:57,445 - INFO - Round 308/1000
2026-02-15 14:03:57,669 - INFO -   Silhouette: 0.1844 | School ROC: 0.6394 F1: 0.6087 | Project ROC: 0.5703 F1: 0.2292 
2026-02-15 14:03:57,669 - INFO - Round 309/1000
2026-02-15 14:03:57,921 - INFO -   Silhouette: 0.2413 | School ROC: 0.6435 F1: 0.5977 | Project ROC: 0.5941 F1: 0.2800 
2026-02-15 14:03:57,922 - INFO - Round 310/1000
2026-02-15 14:03:58,242 - INFO -   Silhouette: 0.2412 | School ROC: 0.6134 F1: 0.6077 | Project ROC: 0.4651 F1: 0.1748 
2026-02-15 14:03:58,242 - INFO - Round 311/1000
2026-02-15 14:03:58,502 - INFO -   Silhouette: 0.2292 | School ROC: 0.5988 F1: 0.5549 | Project ROC: 0.4980 F1: 0.1748 
2026-02-15 14:03:58,502 - INFO - Round 312/1000
2026-02-15 14:03:58,830 - INFO -   Silhouette: 0.2226 | School ROC: 0.5990 F1: 0.5778 | Project ROC: 0.4964 F1: 0.1765 
2026-02-15 14:03:58,830 - INFO - Round 313/1000
2026-02-15 14:03:59,133 - INFO -   Silhouette: 0.1832 | School ROC: 0.6004 F1: 0.5889 | Project ROC: 0.5473 F1: 0.1980 
2026-02-15 14:03:59,134 - INFO - Round 314/1000
2026-02-15 14:03:59,393 - INFO -   Silhouette: 0.2068 | School ROC: 0.6243 F1: 0.5922 | Project ROC: 0.5607 F1: 0.2281 
2026-02-15 14:03:59,394 - INFO - Round 315/1000
2026-02-15 14:03:59,693 - INFO -   Silhouette: 0.2462 | School ROC: 0.6422 F1: 0.5632 | Project ROC: 0.5061 F1: 0.2124 
2026-02-15 14:03:59,693 - INFO - Round 316/1000
2026-02-15 14:03:59,976 - INFO -   Silhouette: 0.2210 | School ROC: 0.5977 F1: 0.6000 | Project ROC: 0.5241 F1: 0.2115 
2026-02-15 14:03:59,976 - INFO - Round 317/1000
2026-02-15 14:04:00,215 - INFO -   Silhouette: 0.2197 | School ROC: 0.5982 F1: 0.5517 | Project ROC: 0.5457 F1: 0.2449 
2026-02-15 14:04:00,215 - INFO - Round 318/1000
2026-02-15 14:04:00,717 - INFO -   Silhouette: 0.2419 | School ROC: 0.6117 F1: 0.6180 | Project ROC: 0.5877 F1: 0.2453 
2026-02-15 14:04:00,717 - INFO - Round 319/1000
2026-02-15 14:04:01,478 - INFO -   Silhouette: 0.2246 | School ROC: 0.5987 F1: 0.5730 | Project ROC: 0.5155 F1: 0.2400 
2026-02-15 14:04:01,478 - INFO - Round 320/1000
2026-02-15 14:04:01,727 - INFO -   Silhouette: 0.2220 | School ROC: 0.5849 F1: 0.5587 | Project ROC: 0.4901 F1: 0.1731 
2026-02-15 14:04:01,727 - INFO - Round 321/1000
2026-02-15 14:04:01,975 - INFO -   Silhouette: 0.2279 | School ROC: 0.6213 F1: 0.5763 | Project ROC: 0.5069 F1: 0.2200 
2026-02-15 14:04:01,975 - INFO - Round 322/1000
2026-02-15 14:04:02,259 - INFO -   Silhouette: 0.2202 | School ROC: 0.6048 F1: 0.5568 | Project ROC: 0.5080 F1: 0.1905 
2026-02-15 14:04:02,259 - INFO - Round 323/1000
2026-02-15 14:04:02,538 - INFO -   Silhouette: 0.2387 | School ROC: 0.6584 F1: 0.6120 | Project ROC: 0.4943 F1: 0.1852 
2026-02-15 14:04:02,539 - INFO - Round 324/1000
2026-02-15 14:04:02,792 - INFO -   Silhouette: 0.2289 | School ROC: 0.6260 F1: 0.6000 | Project ROC: 0.4875 F1: 0.1414 
2026-02-15 14:04:02,792 - INFO - Round 325/1000
2026-02-15 14:04:03,042 - INFO -   Silhouette: 0.2515 | School ROC: 0.5956 F1: 0.5814 | Project ROC: 0.5264 F1: 0.1887 
2026-02-15 14:04:03,043 - INFO - Round 326/1000
2026-02-15 14:04:03,314 - INFO -   Silhouette: 0.2384 | School ROC: 0.6212 F1: 0.5843 | Project ROC: 0.5206 F1: 0.1837 
2026-02-15 14:04:03,314 - INFO - Round 327/1000
2026-02-15 14:04:03,601 - INFO -   Silhouette: 0.2354 | School ROC: 0.6056 F1: 0.6264 | Project ROC: 0.5533 F1: 0.2745 
2026-02-15 14:04:03,601 - INFO - Round 328/1000
2026-02-15 14:04:03,860 - INFO -   Silhouette: 0.2217 | School ROC: 0.5860 F1: 0.5746 | Project ROC: 0.5123 F1: 0.1782 
2026-02-15 14:04:03,860 - INFO - Round 329/1000
2026-02-15 14:04:04,144 - INFO -   Silhouette: 0.2179 | School ROC: 0.6287 F1: 0.6077 | Project ROC: 0.5912 F1: 0.2545 
2026-02-15 14:04:04,145 - INFO - Round 330/1000
2026-02-15 14:04:04,492 - INFO -   Silhouette: 0.2868 | School ROC: 0.6111 F1: 0.6023 | Project ROC: 0.4866 F1: 0.2075 
2026-02-15 14:04:04,492 - INFO - Round 331/1000
2026-02-15 14:04:04,841 - INFO -   Silhouette: 0.3140 | School ROC: 0.6281 F1: 0.5683 | Project ROC: 0.4628 F1: 0.1651 
2026-02-15 14:04:04,841 - INFO - Round 332/1000
2026-02-15 14:04:05,061 - INFO -   Silhouette: 0.2480 | School ROC: 0.6084 F1: 0.5989 | Project ROC: 0.5487 F1: 0.2222 
2026-02-15 14:04:05,061 - INFO - Round 333/1000
2026-02-15 14:04:05,370 - INFO -   Silhouette: 0.2275 | School ROC: 0.6267 F1: 0.5909 | Project ROC: 0.5219 F1: 0.2075 
2026-02-15 14:04:05,371 - INFO - Round 334/1000
2026-02-15 14:04:05,571 - INFO -   Silhouette: 0.2202 | School ROC: 0.6470 F1: 0.6257 | Project ROC: 0.5890 F1: 0.2718 
2026-02-15 14:04:05,571 - INFO - Round 335/1000
2026-02-15 14:04:05,964 - INFO -   Silhouette: 0.2320 | School ROC: 0.6714 F1: 0.6215 | Project ROC: 0.5236 F1: 0.2261 
2026-02-15 14:04:05,964 - INFO - Round 336/1000
2026-02-15 14:04:06,190 - INFO -   Silhouette: 0.2044 | School ROC: 0.6014 F1: 0.5876 | Project ROC: 0.5474 F1: 0.2353 
2026-02-15 14:04:06,190 - INFO - Round 337/1000
2026-02-15 14:04:06,480 - INFO -   Silhouette: 0.2036 | School ROC: 0.6529 F1: 0.6222 | Project ROC: 0.5905 F1: 0.2569 
2026-02-15 14:04:06,481 - INFO - Round 338/1000
2026-02-15 14:04:06,709 - INFO -   Silhouette: 0.2651 | School ROC: 0.5924 F1: 0.5934 | Project ROC: 0.5547 F1: 0.2308 
2026-02-15 14:04:06,710 - INFO - Round 339/1000
2026-02-15 14:04:06,991 - INFO -   Silhouette: 0.2529 | School ROC: 0.6756 F1: 0.6257 | Project ROC: 0.5039 F1: 0.2185 
2026-02-15 14:04:06,991 - INFO - Round 340/1000
2026-02-15 14:04:07,242 - INFO -   Silhouette: 0.2357 | School ROC: 0.6379 F1: 0.6145 | Project ROC: 0.5610 F1: 0.2264 
2026-02-15 14:04:07,242 - INFO - Round 341/1000
2026-02-15 14:04:07,486 - INFO -   Silhouette: 0.2559 | School ROC: 0.5877 F1: 0.5989 | Project ROC: 0.5229 F1: 0.2342 
2026-02-15 14:04:07,486 - INFO - Round 342/1000
2026-02-15 14:04:07,809 - INFO -   Silhouette: 0.2194 | School ROC: 0.6145 F1: 0.5667 | Project ROC: 0.5004 F1: 0.2182 
2026-02-15 14:04:07,809 - INFO - Round 343/1000
2026-02-15 14:04:08,038 - INFO -   Silhouette: 0.2167 | School ROC: 0.6200 F1: 0.5600 | Project ROC: 0.5137 F1: 0.2308 
2026-02-15 14:04:08,038 - INFO - Round 344/1000
2026-02-15 14:04:08,297 - INFO -   Silhouette: 0.2473 | School ROC: 0.6232 F1: 0.5870 | Project ROC: 0.5261 F1: 0.2243 
2026-02-15 14:04:08,297 - INFO - Round 345/1000
2026-02-15 14:04:08,564 - INFO -   Silhouette: 0.2460 | School ROC: 0.5966 F1: 0.5537 | Project ROC: 0.5003 F1: 0.2037 
2026-02-15 14:04:08,564 - INFO - Round 346/1000
2026-02-15 14:04:08,855 - INFO -   Silhouette: 0.2416 | School ROC: 0.5932 F1: 0.5730 | Project ROC: 0.5953 F1: 0.2679 
2026-02-15 14:04:08,855 - INFO - Round 347/1000
2026-02-15 14:04:09,147 - INFO -   Silhouette: 0.1982 | School ROC: 0.6503 F1: 0.6196 | Project ROC: 0.5549 F1: 0.2424 
2026-02-15 14:04:09,147 - INFO - Round 348/1000
2026-02-15 14:04:09,555 - INFO -   Silhouette: 0.2041 | School ROC: 0.6876 F1: 0.6292 | Project ROC: 0.5048 F1: 0.2018 
2026-02-15 14:04:09,555 - INFO - Round 349/1000
2026-02-15 14:04:09,853 - INFO -   Silhouette: 0.2263 | School ROC: 0.6230 F1: 0.5647 | Project ROC: 0.5778 F1: 0.2476 
2026-02-15 14:04:09,853 - INFO - Round 350/1000
2026-02-15 14:04:10,114 - INFO -   Silhouette: 0.2243 | School ROC: 0.6110 F1: 0.5549 | Project ROC: 0.5343 F1: 0.2301 
2026-02-15 14:04:10,115 - INFO - Round 351/1000
2026-02-15 14:04:10,355 - INFO -   Silhouette: 0.2340 | School ROC: 0.6326 F1: 0.5556 | Project ROC: 0.6443 F1: 0.2778 ✓
2026-02-15 14:04:10,424 - INFO - Results saved to /home/dev/work_main/random/assesment/k_means_selected/gemma3-12B_cv_results.json
2026-02-15 14:04:10,425 - INFO - Round 352/1000
2026-02-15 14:04:10,656 - INFO -   Silhouette: 0.2615 | School ROC: 0.5536 F1: 0.5506 | Project ROC: 0.5476 F1: 0.2041 
2026-02-15 14:04:10,657 - INFO - Round 353/1000
2026-02-15 14:04:10,890 - INFO -   Silhouette: 0.1884 | School ROC: 0.6401 F1: 0.5896 | Project ROC: 0.5219 F1: 0.2200 
2026-02-15 14:04:10,891 - INFO - Round 354/1000
2026-02-15 14:04:11,163 - INFO -   Silhouette: 0.2181 | School ROC: 0.6098 F1: 0.5730 | Project ROC: 0.5171 F1: 0.1835 
2026-02-15 14:04:11,163 - INFO - Round 355/1000
2026-02-15 14:04:11,431 - INFO -   Silhouette: 0.2396 | School ROC: 0.6373 F1: 0.6237 | Project ROC: 0.5407 F1: 0.2424 
2026-02-15 14:04:11,431 - INFO - Round 356/1000
2026-02-15 14:04:11,720 - INFO -   Silhouette: 0.2133 | School ROC: 0.6126 F1: 0.5810 | Project ROC: 0.5508 F1: 0.1982 
2026-02-15 14:04:11,721 - INFO - Round 357/1000
2026-02-15 14:04:12,087 - INFO -   Silhouette: 0.1734 | School ROC: 0.5977 F1: 0.5775 | Project ROC: 0.5260 F1: 0.2385 
2026-02-15 14:04:12,088 - INFO - Round 358/1000
2026-02-15 14:04:12,353 - INFO -   Silhouette: 0.2521 | School ROC: 0.6295 F1: 0.5761 | Project ROC: 0.5398 F1: 0.2281 
2026-02-15 14:04:12,353 - INFO - Round 359/1000
2026-02-15 14:04:12,610 - INFO -   Silhouette: 0.1886 | School ROC: 0.6288 F1: 0.5595 | Project ROC: 0.5864 F1: 0.2737 
2026-02-15 14:04:12,610 - INFO - Round 360/1000
2026-02-15 14:04:12,893 - INFO -   Silhouette: 0.2408 | School ROC: 0.6318 F1: 0.6162 | Project ROC: 0.5257 F1: 0.2000 
2026-02-15 14:04:12,894 - INFO - Round 361/1000
2026-02-15 14:04:13,163 - INFO -   Silhouette: 0.2478 | School ROC: 0.6060 F1: 0.5775 | Project ROC: 0.5257 F1: 0.2182 
2026-02-15 14:04:13,164 - INFO - Round 362/1000
2026-02-15 14:04:13,423 - INFO -   Silhouette: 0.2273 | School ROC: 0.5998 F1: 0.5730 | Project ROC: 0.5427 F1: 0.2136 
2026-02-15 14:04:13,424 - INFO - Round 363/1000
2026-02-15 14:04:13,699 - INFO -   Silhouette: 0.2544 | School ROC: 0.6026 F1: 0.5870 | Project ROC: 0.5614 F1: 0.2642 
2026-02-15 14:04:13,700 - INFO - Round 364/1000
2026-02-15 14:04:13,979 - INFO -   Silhouette: 0.1920 | School ROC: 0.6196 F1: 0.6010 | Project ROC: 0.4997 F1: 0.2000 
2026-02-15 14:04:13,979 - INFO - Round 365/1000
2026-02-15 14:04:14,259 - INFO -   Silhouette: 0.1975 | School ROC: 0.5719 F1: 0.5405 | Project ROC: 0.5273 F1: 0.2182 
2026-02-15 14:04:14,260 - INFO - Round 366/1000
2026-02-15 14:04:14,511 - INFO -   Silhouette: 0.2748 | School ROC: 0.6104 F1: 0.5914 | Project ROC: 0.5264 F1: 0.1961 
2026-02-15 14:04:14,511 - INFO - Round 367/1000
2026-02-15 14:04:14,794 - INFO -   Silhouette: 0.2521 | School ROC: 0.6257 F1: 0.6170 | Project ROC: 0.5913 F1: 0.2524 
2026-02-15 14:04:14,794 - INFO - Round 368/1000
2026-02-15 14:04:15,066 - INFO -   Silhouette: 0.2286 | School ROC: 0.6313 F1: 0.5810 | Project ROC: 0.4930 F1: 0.1748 
2026-02-15 14:04:15,067 - INFO - Round 369/1000
2026-02-15 14:04:15,352 - INFO -   Silhouette: 0.2822 | School ROC: 0.6032 F1: 0.5683 | Project ROC: 0.4991 F1: 0.2075 
2026-02-15 14:04:15,353 - INFO - Round 370/1000
2026-02-15 14:04:15,594 - INFO -   Silhouette: 0.2087 | School ROC: 0.6359 F1: 0.6102 | Project ROC: 0.5158 F1: 0.2373 
2026-02-15 14:04:15,594 - INFO - Round 371/1000
2026-02-15 14:04:15,867 - INFO -   Silhouette: 0.1821 | School ROC: 0.6555 F1: 0.6082 | Project ROC: 0.5724 F1: 0.2500 
2026-02-15 14:04:15,868 - INFO - Round 372/1000
2026-02-15 14:04:16,169 - INFO -   Silhouette: 0.2654 | School ROC: 0.6376 F1: 0.6032 | Project ROC: 0.5293 F1: 0.2202 
2026-02-15 14:04:16,169 - INFO - Round 373/1000
2026-02-15 14:04:16,523 - INFO -   Silhouette: 0.2650 | School ROC: 0.6138 F1: 0.6023 | Project ROC: 0.5600 F1: 0.2151 
2026-02-15 14:04:16,523 - INFO - Round 374/1000
2026-02-15 14:04:16,875 - INFO -   Silhouette: 0.2285 | School ROC: 0.5920 F1: 0.5902 | Project ROC: 0.4710 F1: 0.2075 
2026-02-15 14:04:16,876 - INFO - Round 375/1000
2026-02-15 14:04:17,228 - INFO -   Silhouette: 0.2842 | School ROC: 0.6321 F1: 0.5698 | Project ROC: 0.5039 F1: 0.2143 
2026-02-15 14:04:17,228 - INFO - Round 376/1000
2026-02-15 14:04:17,494 - INFO -   Silhouette: 0.2366 | School ROC: 0.5730 F1: 0.5269 | Project ROC: 0.4697 F1: 0.1489 
2026-02-15 14:04:17,495 - INFO - Round 377/1000
2026-02-15 14:04:17,795 - INFO -   Silhouette: 0.2184 | School ROC: 0.5907 F1: 0.5761 | Project ROC: 0.4527 F1: 0.1786 
2026-02-15 14:04:17,796 - INFO - Round 378/1000
2026-02-15 14:04:18,056 - INFO -   Silhouette: 0.2585 | School ROC: 0.6837 F1: 0.6310 | Project ROC: 0.5053 F1: 0.2203 
2026-02-15 14:04:18,056 - INFO - Round 379/1000
2026-02-15 14:04:18,376 - INFO -   Silhouette: 0.2396 | School ROC: 0.5696 F1: 0.5667 | Project ROC: 0.5616 F1: 0.2151 
2026-02-15 14:04:18,376 - INFO - Round 380/1000
2026-02-15 14:04:18,610 - INFO -   Silhouette: 0.2193 | School ROC: 0.6248 F1: 0.6022 | Project ROC: 0.4975 F1: 0.2037 
2026-02-15 14:04:18,610 - INFO - Round 381/1000
2026-02-15 14:04:18,945 - INFO -   Silhouette: 0.1936 | School ROC: 0.6203 F1: 0.5934 | Project ROC: 0.5131 F1: 0.2182 
2026-02-15 14:04:18,945 - INFO - Round 382/1000
2026-02-15 14:04:19,162 - INFO -   Silhouette: 0.2086 | School ROC: 0.6282 F1: 0.6034 | Project ROC: 0.5048 F1: 0.1782 
2026-02-15 14:04:19,163 - INFO - Round 383/1000
2026-02-15 14:04:19,475 - INFO -   Silhouette: 0.2386 | School ROC: 0.5991 F1: 0.5683 | Project ROC: 0.5296 F1: 0.2095 
2026-02-15 14:04:19,475 - INFO - Round 384/1000
2026-02-15 14:04:19,727 - INFO -   Silhouette: 0.2094 | School ROC: 0.6499 F1: 0.6257 | Project ROC: 0.5231 F1: 0.2095 
2026-02-15 14:04:19,727 - INFO - Round 385/1000
2026-02-15 14:04:20,016 - INFO -   Silhouette: 0.2216 | School ROC: 0.6389 F1: 0.6292 | Project ROC: 0.5058 F1: 0.1905 
2026-02-15 14:04:20,016 - INFO - Round 386/1000
2026-02-15 14:04:20,374 - INFO -   Silhouette: 0.2120 | School ROC: 0.6365 F1: 0.6067 | Project ROC: 0.4968 F1: 0.1895 
2026-02-15 14:04:20,374 - INFO - Round 387/1000
2026-02-15 14:04:20,618 - INFO -   Silhouette: 0.2362 | School ROC: 0.6688 F1: 0.6413 | Project ROC: 0.5760 F1: 0.2243 
2026-02-15 14:04:20,618 - INFO - Round 388/1000
2026-02-15 14:04:20,974 - INFO -   Silhouette: 0.2182 | School ROC: 0.6715 F1: 0.6404 | Project ROC: 0.5184 F1: 0.1942 
2026-02-15 14:04:20,975 - INFO - Round 389/1000
2026-02-15 14:04:21,220 - INFO -   Silhouette: 0.2336 | School ROC: 0.5604 F1: 0.5604 | Project ROC: 0.5306 F1: 0.2453 
2026-02-15 14:04:21,220 - INFO - Round 390/1000
2026-02-15 14:04:21,468 - INFO -   Silhouette: 0.2604 | School ROC: 0.6098 F1: 0.5824 | Project ROC: 0.4977 F1: 0.1905 
2026-02-15 14:04:21,468 - INFO - Round 391/1000
2026-02-15 14:04:21,810 - INFO -   Silhouette: 0.2402 | School ROC: 0.6286 F1: 0.6054 | Project ROC: 0.5273 F1: 0.2075 
2026-02-15 14:04:21,811 - INFO - Round 392/1000
2026-02-15 14:04:22,091 - INFO -   Silhouette: 0.2545 | School ROC: 0.6290 F1: 0.6230 | Project ROC: 0.5712 F1: 0.2692 
2026-02-15 14:04:22,091 - INFO - Round 393/1000
2026-02-15 14:04:22,339 - INFO -   Silhouette: 0.2796 | School ROC: 0.5960 F1: 0.5465 | Project ROC: 0.4783 F1: 0.1964 
2026-02-15 14:04:22,339 - INFO - Round 394/1000
2026-02-15 14:04:22,598 - INFO -   Silhouette: 0.2853 | School ROC: 0.6435 F1: 0.6564 | Project ROC: 0.5839 F1: 0.2655 ✓
2026-02-15 14:04:22,679 - INFO - Results saved to /home/dev/work_main/random/assesment/k_means_selected/gemma3-12B_cv_results.json
2026-02-15 14:04:22,679 - INFO - Round 395/1000
2026-02-15 14:04:22,964 - INFO -   Silhouette: 0.2319 | School ROC: 0.6099 F1: 0.5843 | Project ROC: 0.5713 F1: 0.2385 
2026-02-15 14:04:22,964 - INFO - Round 396/1000
2026-02-15 14:04:23,223 - INFO -   Silhouette: 0.2958 | School ROC: 0.6512 F1: 0.6064 | Project ROC: 0.5096 F1: 0.2105 
2026-02-15 14:04:23,224 - INFO - Round 397/1000
2026-02-15 14:04:23,466 - INFO -   Silhouette: 0.2364 | School ROC: 0.6156 F1: 0.5922 | Project ROC: 0.5226 F1: 0.2143 
2026-02-15 14:04:23,466 - INFO - Round 398/1000
2026-02-15 14:04:23,703 - INFO -   Silhouette: 0.2194 | School ROC: 0.6156 F1: 0.5943 | Project ROC: 0.5352 F1: 0.2157 
2026-02-15 14:04:23,704 - INFO - Round 399/1000
2026-02-15 14:04:23,978 - INFO -   Silhouette: 0.1913 | School ROC: 0.6413 F1: 0.6111 | Project ROC: 0.4657 F1: 0.1524 
2026-02-15 14:04:23,978 - INFO - Round 400/1000
2026-02-15 14:04:24,292 - INFO -   Silhouette: 0.2212 | School ROC: 0.5935 F1: 0.5465 | Project ROC: 0.5088 F1: 0.2200 
2026-02-15 14:04:24,293 - INFO - Round 401/1000
2026-02-15 14:04:24,554 - INFO -   Silhouette: 0.2584 | School ROC: 0.6342 F1: 0.5889 | Project ROC: 0.5069 F1: 0.2136 
2026-02-15 14:04:24,554 - INFO - Round 402/1000
2026-02-15 14:04:24,835 - INFO -   Silhouette: 0.2618 | School ROC: 0.6448 F1: 0.6096 | Project ROC: 0.5308 F1: 0.1869 
2026-02-15 14:04:24,835 - INFO - Round 403/1000
2026-02-15 14:04:25,106 - INFO -   Silhouette: 0.2702 | School ROC: 0.6109 F1: 0.5650 | Project ROC: 0.5550 F1: 0.2000 
2026-02-15 14:04:25,106 - INFO - Round 404/1000
2026-02-15 14:04:25,353 - INFO -   Silhouette: 0.2744 | School ROC: 0.6249 F1: 0.5824 | Project ROC: 0.5239 F1: 0.2243 
2026-02-15 14:04:25,353 - INFO - Round 405/1000
2026-02-15 14:04:25,650 - INFO -   Silhouette: 0.2529 | School ROC: 0.6380 F1: 0.6087 | Project ROC: 0.4946 F1: 0.2000 
2026-02-15 14:04:25,650 - INFO - Round 406/1000
2026-02-15 14:04:25,891 - INFO -   Silhouette: 0.1847 | School ROC: 0.6208 F1: 0.6222 | Project ROC: 0.5473 F1: 0.1905 
2026-02-15 14:04:25,891 - INFO - Round 407/1000
2026-02-15 14:04:26,159 - INFO -   Silhouette: 0.2134 | School ROC: 0.6505 F1: 0.6092 | Project ROC: 0.5804 F1: 0.2679 
2026-02-15 14:04:26,159 - INFO - Round 408/1000
2026-02-15 14:04:26,451 - INFO -   Silhouette: 0.2317 | School ROC: 0.6179 F1: 0.6011 | Project ROC: 0.5782 F1: 0.2500 
2026-02-15 14:04:26,451 - INFO - Round 409/1000
2026-02-15 14:04:26,710 - INFO -   Silhouette: 0.2473 | School ROC: 0.6217 F1: 0.5896 | Project ROC: 0.5667 F1: 0.2222 
2026-02-15 14:04:26,710 - INFO - Round 410/1000
2026-02-15 14:04:27,047 - INFO -   Silhouette: 0.2069 | School ROC: 0.6861 F1: 0.6448 | Project ROC: 0.5600 F1: 0.2593 
2026-02-15 14:04:27,047 - INFO - Round 411/1000
2026-02-15 14:04:27,316 - INFO -   Silhouette: 0.2043 | School ROC: 0.5734 F1: 0.5424 | Project ROC: 0.5445 F1: 0.2136 
2026-02-15 14:04:27,317 - INFO - Round 412/1000
2026-02-15 14:04:27,646 - INFO -   Silhouette: 0.2481 | School ROC: 0.6192 F1: 0.5414 | Project ROC: 0.5248 F1: 0.2261 
2026-02-15 14:04:27,646 - INFO - Round 413/1000
2026-02-15 14:04:27,931 - INFO -   Silhouette: 0.2266 | School ROC: 0.5765 F1: 0.5989 | Project ROC: 0.5693 F1: 0.2680 
2026-02-15 14:04:27,931 - INFO - Round 414/1000
2026-02-15 14:04:28,429 - INFO -   Silhouette: 0.2760 | School ROC: 0.6343 F1: 0.6044 | Project ROC: 0.5465 F1: 0.2308 
2026-02-15 14:04:28,430 - INFO - Round 415/1000
2026-02-15 14:04:28,686 - INFO -   Silhouette: 0.2324 | School ROC: 0.6173 F1: 0.5934 | Project ROC: 0.5546 F1: 0.2407 
2026-02-15 14:04:28,687 - INFO - Round 416/1000
2026-02-15 14:04:29,018 - INFO -   Silhouette: 0.2167 | School ROC: 0.6686 F1: 0.6012 | Project ROC: 0.5661 F1: 0.2524 
2026-02-15 14:04:29,018 - INFO - Round 417/1000
2026-02-15 14:04:29,329 - INFO -   Silhouette: 0.1642 | School ROC: 0.6015 F1: 0.5778 | Project ROC: 0.5219 F1: 0.1702 
2026-02-15 14:04:29,329 - INFO - Round 418/1000
2026-02-15 14:04:29,581 - INFO -   Silhouette: 0.2339 | School ROC: 0.5873 F1: 0.5862 | Project ROC: 0.5454 F1: 0.2136 
2026-02-15 14:04:29,582 - INFO - Round 419/1000
2026-02-15 14:04:29,922 - INFO -   Silhouette: 0.2364 | School ROC: 0.6162 F1: 0.5889 | Project ROC: 0.5489 F1: 0.2549 
2026-02-15 14:04:29,922 - INFO - Round 420/1000
2026-02-15 14:04:30,156 - INFO -   Silhouette: 0.2688 | School ROC: 0.6260 F1: 0.5838 | Project ROC: 0.4774 F1: 0.1835 
2026-02-15 14:04:30,157 - INFO - Round 421/1000
2026-02-15 14:04:30,445 - INFO -   Silhouette: 0.2515 | School ROC: 0.6186 F1: 0.5967 | Project ROC: 0.5664 F1: 0.2456 
2026-02-15 14:04:30,446 - INFO - Round 422/1000
2026-02-15 14:04:30,697 - INFO -   Silhouette: 0.2747 | School ROC: 0.6147 F1: 0.5902 | Project ROC: 0.5044 F1: 0.1731 
2026-02-15 14:04:30,698 - INFO - Round 423/1000
2026-02-15 14:04:30,982 - INFO -   Silhouette: 0.2125 | School ROC: 0.6561 F1: 0.6012 | Project ROC: 0.5592 F1: 0.2222 
2026-02-15 14:04:30,982 - INFO - Round 424/1000
2026-02-15 14:04:31,268 - INFO -   Silhouette: 0.2159 | School ROC: 0.5615 F1: 0.5568 | Project ROC: 0.4698 F1: 0.1584 
2026-02-15 14:04:31,268 - INFO - Round 425/1000
2026-02-15 14:04:31,596 - INFO -   Silhouette: 0.2511 | School ROC: 0.6301 F1: 0.6203 | Project ROC: 0.5620 F1: 0.2162 
2026-02-15 14:04:31,596 - INFO - Round 426/1000
2026-02-15 14:04:31,837 - INFO -   Silhouette: 0.2260 | School ROC: 0.6164 F1: 0.5778 | Project ROC: 0.4999 F1: 0.1782 
2026-02-15 14:04:31,838 - INFO - Round 427/1000
2026-02-15 14:04:32,089 - INFO -   Silhouette: 0.2280 | School ROC: 0.6183 F1: 0.5486 | Project ROC: 0.5836 F1: 0.2453 
2026-02-15 14:04:32,089 - INFO - Round 428/1000
2026-02-15 14:04:32,349 - INFO -   Silhouette: 0.2906 | School ROC: 0.5825 F1: 0.5792 | Project ROC: 0.4786 F1: 0.2037 
2026-02-15 14:04:32,350 - INFO - Round 429/1000
2026-02-15 14:04:32,598 - INFO -   Silhouette: 0.2100 | School ROC: 0.6239 F1: 0.5795 | Project ROC: 0.5552 F1: 0.2430 
2026-02-15 14:04:32,598 - INFO - Round 430/1000
2026-02-15 14:04:32,842 - INFO -   Silhouette: 0.2305 | School ROC: 0.6282 F1: 0.5914 | Project ROC: 0.5474 F1: 0.2143 
2026-02-15 14:04:32,842 - INFO - Round 431/1000
2026-02-15 14:04:33,186 - INFO -   Silhouette: 0.1911 | School ROC: 0.5784 F1: 0.5650 | Project ROC: 0.5155 F1: 0.2574 
2026-02-15 14:04:33,186 - INFO - Round 432/1000
2026-02-15 14:04:33,480 - INFO -   Silhouette: 0.2547 | School ROC: 0.6170 F1: 0.5683 | Project ROC: 0.4962 F1: 0.1930 
2026-02-15 14:04:33,480 - INFO - Round 433/1000
2026-02-15 14:04:33,767 - INFO -   Silhouette: 0.2048 | School ROC: 0.5850 F1: 0.5824 | Project ROC: 0.4918 F1: 0.2075 
2026-02-15 14:04:33,767 - INFO - Round 434/1000
2026-02-15 14:04:34,082 - INFO -   Silhouette: 0.3539 | School ROC: 0.6627 F1: 0.6077 | Project ROC: 0.5535 F1: 0.2222 ✓
2026-02-15 14:04:34,082 - INFO -     📊 Silhouette improvement → Avg ROC: 0.6081 | Avg F1: 0.4150 | F1/ROC ratio: 0.6824 (F1 < ROC (conservative predictions))
2026-02-15 14:04:34,191 - INFO - Results saved to /home/dev/work_main/random/assesment/k_means_selected/gemma3-12B_cv_results.json
2026-02-15 14:04:34,191 - INFO - Round 435/1000
2026-02-15 14:04:34,403 - INFO -   Silhouette: 0.2536 | School ROC: 0.5793 F1: 0.5294 | Project ROC: 0.5022 F1: 0.2062 
2026-02-15 14:04:34,403 - INFO - Round 436/1000
2026-02-15 14:04:34,661 - INFO -   Silhouette: 0.2039 | School ROC: 0.6759 F1: 0.5848 | Project ROC: 0.5735 F1: 0.2476 
2026-02-15 14:04:34,662 - INFO - Round 437/1000
2026-02-15 14:04:34,926 - INFO -   Silhouette: 0.2818 | School ROC: 0.6316 F1: 0.5780 | Project ROC: 0.5807 F1: 0.2718 
2026-02-15 14:04:34,926 - INFO - Round 438/1000
2026-02-15 14:04:35,433 - INFO -   Silhouette: 0.2325 | School ROC: 0.5883 F1: 0.5556 | Project ROC: 0.4765 F1: 0.1980 
2026-02-15 14:04:35,433 - INFO - Round 439/1000
2026-02-15 14:04:35,716 - INFO -   Silhouette: 0.2291 | School ROC: 0.6226 F1: 0.5730 | Project ROC: 0.5429 F1: 0.2115 
2026-02-15 14:04:35,716 - INFO - Round 440/1000
2026-02-15 14:04:35,959 - INFO -   Silhouette: 0.2473 | School ROC: 0.6153 F1: 0.5870 | Project ROC: 0.4879 F1: 0.1739 
2026-02-15 14:04:35,959 - INFO - Round 441/1000
2026-02-15 14:04:36,311 - INFO -   Silhouette: 0.2476 | School ROC: 0.6286 F1: 0.6298 | Project ROC: 0.5477 F1: 0.2407 
2026-02-15 14:04:36,311 - INFO - Round 442/1000
2026-02-15 14:04:36,538 - INFO -   Silhouette: 0.2778 | School ROC: 0.6158 F1: 0.6243 | Project ROC: 0.5328 F1: 0.2075 
2026-02-15 14:04:36,539 - INFO - Round 443/1000
2026-02-15 14:04:36,791 - INFO -   Silhouette: 0.2018 | School ROC: 0.6226 F1: 0.5978 | Project ROC: 0.5324 F1: 0.2243 
2026-02-15 14:04:36,791 - INFO - Round 444/1000
2026-02-15 14:04:37,154 - INFO -   Silhouette: 0.2408 | School ROC: 0.6391 F1: 0.5509 | Project ROC: 0.5646 F1: 0.2330 
2026-02-15 14:04:37,154 - INFO - Round 445/1000
2026-02-15 14:04:37,514 - INFO -   Silhouette: 0.2149 | School ROC: 0.6156 F1: 0.5714 | Project ROC: 0.5191 F1: 0.2200 
2026-02-15 14:04:37,514 - INFO - Round 446/1000
2026-02-15 14:04:37,855 - INFO -   Silhouette: 0.2193 | School ROC: 0.6328 F1: 0.5902 | Project ROC: 0.5312 F1: 0.2162 
2026-02-15 14:04:37,855 - INFO - Round 447/1000
2026-02-15 14:04:38,124 - INFO -   Silhouette: 0.2528 | School ROC: 0.6475 F1: 0.6378 | Project ROC: 0.5289 F1: 0.2364 
2026-02-15 14:04:38,125 - INFO - Round 448/1000
2026-02-15 14:04:38,383 - INFO -   Silhouette: 0.2699 | School ROC: 0.6517 F1: 0.6178 | Project ROC: 0.5333 F1: 0.2281 
2026-02-15 14:04:38,383 - INFO - Round 449/1000
2026-02-15 14:04:38,609 - INFO -   Silhouette: 0.1961 | School ROC: 0.6407 F1: 0.6162 | Project ROC: 0.5757 F1: 0.2478 
2026-02-15 14:04:38,609 - INFO - Round 450/1000
2026-02-15 14:04:38,914 - INFO -   Silhouette: 0.2349 | School ROC: 0.6030 F1: 0.5943 | Project ROC: 0.5368 F1: 0.1942 
2026-02-15 14:04:38,914 - INFO - Round 451/1000
2026-02-15 14:04:39,174 - INFO -   Silhouette: 0.2444 | School ROC: 0.6568 F1: 0.5731 | Project ROC: 0.5223 F1: 0.2056 
2026-02-15 14:04:39,175 - INFO - Round 452/1000
2026-02-15 14:04:39,446 - INFO -   Silhouette: 0.2209 | School ROC: 0.6718 F1: 0.6522 | Project ROC: 0.5407 F1: 0.2261 
2026-02-15 14:04:39,447 - INFO - Round 453/1000
2026-02-15 14:04:39,685 - INFO -   Silhouette: 0.2541 | School ROC: 0.6769 F1: 0.6772 | Project ROC: 0.5053 F1: 0.2342 ✓
2026-02-15 14:04:39,813 - INFO - Results saved to /home/dev/work_main/random/assesment/k_means_selected/gemma3-12B_cv_results.json
2026-02-15 14:04:39,814 - INFO - Round 454/1000
2026-02-15 14:04:39,998 - INFO -   Silhouette: 0.2164 | School ROC: 0.6079 F1: 0.6180 | Project ROC: 0.4816 F1: 0.1905 
2026-02-15 14:04:39,999 - INFO - Round 455/1000
2026-02-15 14:04:40,413 - INFO -   Silhouette: 0.2254 | School ROC: 0.6296 F1: 0.6044 | Project ROC: 0.5505 F1: 0.2286 
2026-02-15 14:04:40,413 - INFO - Round 456/1000
2026-02-15 14:04:40,626 - INFO -   Silhouette: 0.1823 | School ROC: 0.6410 F1: 0.6196 | Project ROC: 0.5355 F1: 0.2075 
2026-02-15 14:04:40,626 - INFO - Round 457/1000
2026-02-15 14:04:40,926 - INFO -   Silhouette: 0.2467 | School ROC: 0.6406 F1: 0.5930 | Project ROC: 0.5150 F1: 0.2182 
2026-02-15 14:04:40,926 - INFO - Round 458/1000
2026-02-15 14:04:41,185 - INFO -   Silhouette: 0.2604 | School ROC: 0.6250 F1: 0.5870 | Project ROC: 0.4975 F1: 0.2000 
2026-02-15 14:04:41,185 - INFO - Round 459/1000
2026-02-15 14:04:41,481 - INFO -   Silhouette: 0.2656 | School ROC: 0.6320 F1: 0.6203 | Project ROC: 0.5760 F1: 0.2202 
2026-02-15 14:04:41,482 - INFO - Round 460/1000
2026-02-15 14:04:41,824 - INFO -   Silhouette: 0.2077 | School ROC: 0.6208 F1: 0.6203 | Project ROC: 0.5228 F1: 0.2430 
2026-02-15 14:04:41,825 - INFO - Round 461/1000
2026-02-15 14:04:42,130 - INFO -   Silhouette: 0.2272 | School ROC: 0.5891 F1: 0.6000 | Project ROC: 0.5274 F1: 0.2174 
2026-02-15 14:04:42,130 - INFO - Round 462/1000
2026-02-15 14:04:42,386 - INFO -   Silhouette: 0.2392 | School ROC: 0.6646 F1: 0.6448 | Project ROC: 0.6029 F1: 0.2982 ✓
2026-02-15 14:04:42,489 - INFO - Results saved to /home/dev/work_main/random/assesment/k_means_selected/gemma3-12B_cv_results.json
2026-02-15 14:04:42,490 - INFO - Round 463/1000
2026-02-15 14:04:42,675 - INFO -   Silhouette: 0.2343 | School ROC: 0.5943 F1: 0.5778 | Project ROC: 0.5375 F1: 0.1856 
2026-02-15 14:04:42,675 - INFO - Round 464/1000
2026-02-15 14:04:43,046 - INFO -   Silhouette: 0.1978 | School ROC: 0.6603 F1: 0.6023 | Project ROC: 0.5419 F1: 0.1942 
2026-02-15 14:04:43,046 - INFO - Round 465/1000
2026-02-15 14:04:43,349 - INFO -   Silhouette: 0.2840 | School ROC: 0.6572 F1: 0.6354 | Project ROC: 0.4972 F1: 0.2124 
2026-02-15 14:04:43,349 - INFO - Round 466/1000
2026-02-15 14:04:43,585 - INFO -   Silhouette: 0.2587 | School ROC: 0.5602 F1: 0.5464 | Project ROC: 0.5438 F1: 0.2178 
2026-02-15 14:04:43,586 - INFO - Round 467/1000
2026-02-15 14:04:43,849 - INFO -   Silhouette: 0.2066 | School ROC: 0.6183 F1: 0.6032 | Project ROC: 0.5786 F1: 0.2653 
2026-02-15 14:04:43,849 - INFO - Round 468/1000
2026-02-15 14:04:44,107 - INFO -   Silhouette: 0.1817 | School ROC: 0.5964 F1: 0.6171 | Project ROC: 0.5169 F1: 0.2524 
2026-02-15 14:04:44,108 - INFO - Round 469/1000
2026-02-15 14:04:44,342 - INFO -   Silhouette: 0.2582 | School ROC: 0.6362 F1: 0.5889 | Project ROC: 0.5394 F1: 0.2136 
2026-02-15 14:04:44,342 - INFO - Round 470/1000
2026-02-15 14:04:44,640 - INFO -   Silhouette: 0.2816 | School ROC: 0.5833 F1: 0.5318 | Project ROC: 0.4870 F1: 0.2000 
2026-02-15 14:04:44,640 - INFO - Round 471/1000
2026-02-15 14:04:45,024 - INFO -   Silhouette: 0.2153 | School ROC: 0.6389 F1: 0.6022 | Project ROC: 0.5961 F1: 0.2832 
2026-02-15 14:04:45,024 - INFO - Round 472/1000
2026-02-15 14:04:45,229 - INFO -   Silhouette: 0.2662 | School ROC: 0.6056 F1: 0.5618 | Project ROC: 0.4767 F1: 0.1748 
2026-02-15 14:04:45,230 - INFO - Round 473/1000
2026-02-15 14:04:45,481 - INFO -   Silhouette: 0.2682 | School ROC: 0.6613 F1: 0.6000 | Project ROC: 0.5079 F1: 0.2373 
2026-02-15 14:04:45,482 - INFO - Round 474/1000
2026-02-15 14:04:45,782 - INFO -   Silhouette: 0.2111 | School ROC: 0.6036 F1: 0.5856 | Project ROC: 0.5263 F1: 0.1978 
2026-02-15 14:04:45,782 - INFO - Round 475/1000
2026-02-15 14:04:46,093 - INFO -   Silhouette: 0.3140 | School ROC: 0.5994 F1: 0.5810 | Project ROC: 0.5185 F1: 0.1818 
2026-02-15 14:04:46,094 - INFO - Round 476/1000
2026-02-15 14:04:46,370 - INFO -   Silhouette: 0.2197 | School ROC: 0.6625 F1: 0.6136 | Project ROC: 0.5286 F1: 0.1964 
2026-02-15 14:04:46,370 - INFO - Round 477/1000
2026-02-15 14:04:46,622 - INFO -   Silhouette: 0.2745 | School ROC: 0.5914 F1: 0.5434 | Project ROC: 0.4812 F1: 0.1869 
2026-02-15 14:04:46,622 - INFO - Round 478/1000
2026-02-15 14:04:46,924 - INFO -   Silhouette: 0.2729 | School ROC: 0.6223 F1: 0.5778 | Project ROC: 0.5530 F1: 0.2692 
2026-02-15 14:04:46,924 - INFO - Round 479/1000
2026-02-15 14:04:47,182 - INFO -   Silhouette: 0.2456 | School ROC: 0.6176 F1: 0.5969 | Project ROC: 0.5454 F1: 0.2018 
2026-02-15 14:04:47,182 - INFO - Round 480/1000
2026-02-15 14:04:47,444 - INFO -   Silhouette: 0.2367 | School ROC: 0.6508 F1: 0.6199 | Project ROC: 0.5352 F1: 0.2182 
2026-02-15 14:04:47,444 - INFO - Round 481/1000
2026-02-15 14:04:47,767 - INFO -   Silhouette: 0.3277 | School ROC: 0.5875 F1: 0.5341 | Project ROC: 0.4786 F1: 0.1852 
2026-02-15 14:04:47,768 - INFO - Round 482/1000
2026-02-15 14:04:47,998 - INFO -   Silhouette: 0.3035 | School ROC: 0.6591 F1: 0.6257 | Project ROC: 0.5568 F1: 0.2095 
2026-02-15 14:04:47,999 - INFO - Round 483/1000
2026-02-15 14:04:48,241 - INFO -   Silhouette: 0.2355 | School ROC: 0.5877 F1: 0.5287 | Project ROC: 0.5273 F1: 0.2136 
2026-02-15 14:04:48,242 - INFO - Round 484/1000
2026-02-15 14:04:48,518 - INFO -   Silhouette: 0.2011 | School ROC: 0.5616 F1: 0.5517 | Project ROC: 0.6250 F1: 0.2626 
2026-02-15 14:04:48,518 - INFO - Round 485/1000
2026-02-15 14:04:48,767 - INFO -   Silhouette: 0.2146 | School ROC: 0.6308 F1: 0.5747 | Project ROC: 0.5352 F1: 0.2157 
2026-02-15 14:04:48,767 - INFO - Round 486/1000
2026-02-15 14:04:49,096 - INFO -   Silhouette: 0.2483 | School ROC: 0.6220 F1: 0.5955 | Project ROC: 0.5515 F1: 0.2476 
2026-02-15 14:04:49,097 - INFO - Round 487/1000
2026-02-15 14:04:49,426 - INFO -   Silhouette: 0.2380 | School ROC: 0.6408 F1: 0.5946 | Project ROC: 0.5406 F1: 0.2430 
2026-02-15 14:04:49,426 - INFO - Round 488/1000
2026-02-15 14:04:49,689 - INFO -   Silhouette: 0.2417 | School ROC: 0.6413 F1: 0.6012 | Project ROC: 0.5760 F1: 0.2476 
2026-02-15 14:04:49,689 - INFO - Round 489/1000
2026-02-15 14:04:50,022 - INFO -   Silhouette: 0.2276 | School ROC: 0.6923 F1: 0.6316 | Project ROC: 0.5597 F1: 0.2545 
2026-02-15 14:04:50,022 - INFO - Round 490/1000
2026-02-15 14:04:50,220 - INFO -   Silhouette: 0.2548 | School ROC: 0.5877 F1: 0.6237 | Project ROC: 0.5970 F1: 0.2202 
2026-02-15 14:04:50,220 - INFO - Round 491/1000
2026-02-15 14:04:50,482 - INFO -   Silhouette: 0.2434 | School ROC: 0.6028 F1: 0.5889 | Project ROC: 0.5273 F1: 0.2162 
2026-02-15 14:04:50,483 - INFO - Round 492/1000
2026-02-15 14:04:50,803 - INFO -   Silhouette: 0.2330 | School ROC: 0.6711 F1: 0.6489 | Project ROC: 0.5620 F1: 0.2478 
2026-02-15 14:04:50,803 - INFO - Round 493/1000
2026-02-15 14:04:51,055 - INFO -   Silhouette: 0.2115 | School ROC: 0.5892 F1: 0.5576 | Project ROC: 0.5330 F1: 0.2083 
2026-02-15 14:04:51,056 - INFO - Round 494/1000
2026-02-15 14:04:51,310 - INFO -   Silhouette: 0.2455 | School ROC: 0.6256 F1: 0.6387 | Project ROC: 0.5597 F1: 0.2301 
2026-02-15 14:04:51,310 - INFO - Round 495/1000
2026-02-15 14:04:51,550 - INFO -   Silhouette: 0.2340 | School ROC: 0.5840 F1: 0.5856 | Project ROC: 0.5341 F1: 0.2136 
2026-02-15 14:04:51,550 - INFO - Round 496/1000
2026-02-15 14:04:51,902 - INFO -   Silhouette: 0.2660 | School ROC: 0.6347 F1: 0.5730 | Project ROC: 0.4749 F1: 0.2000 
2026-02-15 14:04:51,902 - INFO - Round 497/1000
2026-02-15 14:04:52,149 - INFO -   Silhouette: 0.2266 | School ROC: 0.6403 F1: 0.5509 | Project ROC: 0.5333 F1: 0.2321 
2026-02-15 14:04:52,149 - INFO - Round 498/1000
2026-02-15 14:04:52,394 - INFO -   Silhouette: 0.2562 | School ROC: 0.6448 F1: 0.5943 | Project ROC: 0.4462 F1: 0.1622 
2026-02-15 14:04:52,394 - INFO - Round 499/1000
2026-02-15 14:04:52,732 - INFO -   Silhouette: 0.2842 | School ROC: 0.6228 F1: 0.5778 | Project ROC: 0.5859 F1: 0.2830 
2026-02-15 14:04:52,732 - INFO - Round 500/1000
2026-02-15 14:04:53,070 - INFO -   Silhouette: 0.2591 | School ROC: 0.6415 F1: 0.5978 | Project ROC: 0.5314 F1: 0.2157 
2026-02-15 14:04:53,071 - INFO - Round 501/1000
2026-02-15 14:04:53,314 - INFO -   Silhouette: 0.2242 | School ROC: 0.6039 F1: 0.5780 | Project ROC: 0.5824 F1: 0.2400 
2026-02-15 14:04:53,315 - INFO - Round 502/1000
2026-02-15 14:04:53,585 - INFO -   Silhouette: 0.2865 | School ROC: 0.6683 F1: 0.6230 | Project ROC: 0.5827 F1: 0.2523 
2026-02-15 14:04:53,586 - INFO - Round 503/1000
2026-02-15 14:04:53,841 - INFO -   Silhouette: 0.2245 | School ROC: 0.6293 F1: 0.6387 | Project ROC: 0.5080 F1: 0.1800 
2026-02-15 14:04:53,841 - INFO - Round 504/1000
2026-02-15 14:04:54,098 - INFO -   Silhouette: 0.2244 | School ROC: 0.6482 F1: 0.6044 | Project ROC: 0.5719 F1: 0.2500 
2026-02-15 14:04:54,098 - INFO - Round 505/1000
2026-02-15 14:04:54,374 - INFO -   Silhouette: 0.2474 | School ROC: 0.6227 F1: 0.5780 | Project ROC: 0.5327 F1: 0.2281 
2026-02-15 14:04:54,374 - INFO - Round 506/1000
2026-02-15 14:04:54,618 - INFO -   Silhouette: 0.2186 | School ROC: 0.6699 F1: 0.6667 | Project ROC: 0.5792 F1: 0.2478 
2026-02-15 14:04:54,618 - INFO - Round 507/1000
2026-02-15 14:04:54,862 - INFO -   Silhouette: 0.2585 | School ROC: 0.6159 F1: 0.5820 | Project ROC: 0.5330 F1: 0.2321 
2026-02-15 14:04:54,862 - INFO - Round 508/1000
2026-02-15 14:04:55,205 - INFO -   Silhouette: 0.2279 | School ROC: 0.6495 F1: 0.6292 | Project ROC: 0.5741 F1: 0.2642 
2026-02-15 14:04:55,205 - INFO - Round 509/1000
2026-02-15 14:04:55,450 - INFO -   Silhouette: 0.2154 | School ROC: 0.5958 F1: 0.6032 | Project ROC: 0.5004 F1: 0.1684 
2026-02-15 14:04:55,450 - INFO - Round 510/1000
2026-02-15 14:04:55,738 - INFO -   Silhouette: 0.2567 | School ROC: 0.6301 F1: 0.6154 | Project ROC: 0.5743 F1: 0.2632 
2026-02-15 14:04:55,739 - INFO - Round 511/1000
2026-02-15 14:04:55,962 - INFO -   Silhouette: 0.1680 | School ROC: 0.6077 F1: 0.5238 | Project ROC: 0.5814 F1: 0.2692 
2026-02-15 14:04:55,962 - INFO - Round 512/1000
2026-02-15 14:04:56,242 - INFO -   Silhouette: 0.2737 | School ROC: 0.6218 F1: 0.5896 | Project ROC: 0.6032 F1: 0.2778 
2026-02-15 14:04:56,242 - INFO - Round 513/1000
2026-02-15 14:04:56,525 - INFO -   Silhouette: 0.2220 | School ROC: 0.6104 F1: 0.5698 | Project ROC: 0.5263 F1: 0.1942 
2026-02-15 14:04:56,525 - INFO - Round 514/1000
2026-02-15 14:04:56,799 - INFO -   Silhouette: 0.1607 | School ROC: 0.6337 F1: 0.6243 | Project ROC: 0.5442 F1: 0.2095 
2026-02-15 14:04:56,799 - INFO - Round 515/1000
2026-02-15 14:04:57,022 - INFO -   Silhouette: 0.2174 | School ROC: 0.6175 F1: 0.5862 | Project ROC: 0.5693 F1: 0.2667 
2026-02-15 14:04:57,023 - INFO - Round 516/1000
2026-02-15 14:04:57,322 - INFO -   Silhouette: 0.2586 | School ROC: 0.6403 F1: 0.5989 | Project ROC: 0.5175 F1: 0.2095 
2026-02-15 14:04:57,322 - INFO - Round 517/1000
2026-02-15 14:04:57,607 - INFO -   Silhouette: 0.2448 | School ROC: 0.6661 F1: 0.6595 | Project ROC: 0.5598 F1: 0.2500 
2026-02-15 14:04:57,608 - INFO - Round 518/1000
2026-02-15 14:04:57,861 - INFO -   Silhouette: 0.1868 | School ROC: 0.6416 F1: 0.5730 | Project ROC: 0.5229 F1: 0.2000 
2026-02-15 14:04:57,861 - INFO - Round 519/1000
2026-02-15 14:04:58,205 - INFO -   Silhouette: 0.2890 | School ROC: 0.6166 F1: 0.5856 | Project ROC: 0.5130 F1: 0.2222 
2026-02-15 14:04:58,206 - INFO - Round 520/1000
2026-02-15 14:04:58,472 - INFO -   Silhouette: 0.2139 | School ROC: 0.5997 F1: 0.5763 | Project ROC: 0.5050 F1: 0.1489 
2026-02-15 14:04:58,472 - INFO - Round 521/1000
2026-02-15 14:04:58,797 - INFO -   Silhouette: 0.2404 | School ROC: 0.6445 F1: 0.6057 | Project ROC: 0.5231 F1: 0.2222 
2026-02-15 14:04:58,797 - INFO - Round 522/1000
2026-02-15 14:04:59,056 - INFO -   Silhouette: 0.2677 | School ROC: 0.6461 F1: 0.6230 | Project ROC: 0.5538 F1: 0.2136 
2026-02-15 14:04:59,057 - INFO - Round 523/1000
2026-02-15 14:04:59,350 - INFO -   Silhouette: 0.1985 | School ROC: 0.5722 F1: 0.5635 | Project ROC: 0.5741 F1: 0.2500 
2026-02-15 14:04:59,351 - INFO - Round 524/1000
2026-02-15 14:04:59,591 - INFO -   Silhouette: 0.2570 | School ROC: 0.6101 F1: 0.5946 | Project ROC: 0.5751 F1: 0.2162 
2026-02-15 14:04:59,591 - INFO - Round 525/1000
2026-02-15 14:04:59,885 - INFO -   Silhouette: 0.1974 | School ROC: 0.6136 F1: 0.5778 | Project ROC: 0.5588 F1: 0.2549 
2026-02-15 14:04:59,885 - INFO - Round 526/1000
2026-02-15 14:05:00,150 - INFO -   Silhouette: 0.2258 | School ROC: 0.6504 F1: 0.6180 | Project ROC: 0.5757 F1: 0.2772 
2026-02-15 14:05:00,150 - INFO - Round 527/1000
2026-02-15 14:05:00,398 - INFO -   Silhouette: 0.2590 | School ROC: 0.6354 F1: 0.6154 | Project ROC: 0.5562 F1: 0.2243 
2026-02-15 14:05:00,398 - INFO - Round 528/1000
2026-02-15 14:05:00,682 - INFO -   Silhouette: 0.2383 | School ROC: 0.5676 F1: 0.5537 | Project ROC: 0.5552 F1: 0.2245 
2026-02-15 14:05:00,682 - INFO - Round 529/1000
2026-02-15 14:05:01,062 - INFO -   Silhouette: 0.2025 | School ROC: 0.6442 F1: 0.6188 | Project ROC: 0.6030 F1: 0.2883 
2026-02-15 14:05:01,062 - INFO - Round 530/1000
2026-02-15 14:05:01,321 - INFO -   Silhouette: 0.2450 | School ROC: 0.6350 F1: 0.6387 | Project ROC: 0.5975 F1: 0.2832 
2026-02-15 14:05:01,321 - INFO - Round 531/1000
2026-02-15 14:05:01,576 - INFO -   Silhouette: 0.2156 | School ROC: 0.6223 F1: 0.5917 | Project ROC: 0.5409 F1: 0.1856 
2026-02-15 14:05:01,576 - INFO - Round 532/1000
2026-02-15 14:05:01,904 - INFO -   Silhouette: 0.2106 | School ROC: 0.6040 F1: 0.5843 | Project ROC: 0.6325 F1: 0.3200 ✓
2026-02-15 14:05:02,048 - INFO - Results saved to /home/dev/work_main/random/assesment/k_means_selected/gemma3-12B_cv_results.json
2026-02-15 14:05:02,048 - INFO - Round 533/1000
2026-02-15 14:05:02,228 - INFO -   Silhouette: 0.2234 | School ROC: 0.6450 F1: 0.6339 | Project ROC: 0.5152 F1: 0.2018 
2026-02-15 14:05:02,228 - INFO - Round 534/1000
2026-02-15 14:05:02,490 - INFO -   Silhouette: 0.1944 | School ROC: 0.6835 F1: 0.6593 | Project ROC: 0.5966 F1: 0.2783 ✓
2026-02-15 14:05:02,641 - INFO - Results saved to /home/dev/work_main/random/assesment/k_means_selected/gemma3-12B_cv_results.json
2026-02-15 14:05:02,642 - INFO - Round 535/1000
2026-02-15 14:05:02,804 - INFO -   Silhouette: 0.3132 | School ROC: 0.5840 F1: 0.6011 | Project ROC: 0.6269 F1: 0.2745 
2026-02-15 14:05:02,804 - INFO - Round 536/1000
2026-02-15 14:05:03,089 - INFO -   Silhouette: 0.1977 | School ROC: 0.5775 F1: 0.5506 | Project ROC: 0.5166 F1: 0.2136 
2026-02-15 14:05:03,089 - INFO - Round 537/1000
2026-02-15 14:05:03,380 - INFO -   Silhouette: 0.2341 | School ROC: 0.6471 F1: 0.6180 | Project ROC: 0.5830 F1: 0.2364 
2026-02-15 14:05:03,380 - INFO - Round 538/1000
2026-02-15 14:05:03,666 - INFO -   Silhouette: 0.2389 | School ROC: 0.6249 F1: 0.5851 | Project ROC: 0.5131 F1: 0.1770 
2026-02-15 14:05:03,666 - INFO - Round 539/1000
2026-02-15 14:05:03,958 - INFO -   Silhouette: 0.2183 | School ROC: 0.6059 F1: 0.6270 | Project ROC: 0.5229 F1: 0.1818 
2026-02-15 14:05:03,958 - INFO - Round 540/1000
2026-02-15 14:05:04,225 - INFO -   Silhouette: 0.2262 | School ROC: 0.6113 F1: 0.5486 | Project ROC: 0.5104 F1: 0.1684 
2026-02-15 14:05:04,225 - INFO - Round 541/1000
2026-02-15 14:05:04,498 - INFO -   Silhouette: 0.2413 | School ROC: 0.5903 F1: 0.5635 | Project ROC: 0.4994 F1: 0.1800 
2026-02-15 14:05:04,498 - INFO - Round 542/1000
2026-02-15 14:05:04,794 - INFO -   Silhouette: 0.2085 | School ROC: 0.6199 F1: 0.5682 | Project ROC: 0.5547 F1: 0.2308 
2026-02-15 14:05:04,794 - INFO - Round 543/1000
2026-02-15 14:05:05,114 - INFO -   Silhouette: 0.1729 | School ROC: 0.6377 F1: 0.5763 | Project ROC: 0.5446 F1: 0.1852 
2026-02-15 14:05:05,114 - INFO - Round 544/1000
2026-02-15 14:05:05,354 - INFO -   Silhouette: 0.2135 | School ROC: 0.6325 F1: 0.6067 | Project ROC: 0.5630 F1: 0.2056 
2026-02-15 14:05:05,354 - INFO - Round 545/1000
2026-02-15 14:05:05,704 - INFO -   Silhouette: 0.2165 | School ROC: 0.6166 F1: 0.5529 | Project ROC: 0.5213 F1: 0.2105 
2026-02-15 14:05:05,705 - INFO - Round 546/1000
2026-02-15 14:05:05,902 - INFO -   Silhouette: 0.2389 | School ROC: 0.6216 F1: 0.5747 | Project ROC: 0.5594 F1: 0.2200 
2026-02-15 14:05:05,902 - INFO - Round 547/1000
2026-02-15 14:05:06,192 - INFO -   Silhouette: 0.2087 | School ROC: 0.5825 F1: 0.5761 | Project ROC: 0.5743 F1: 0.2376 
2026-02-15 14:05:06,193 - INFO - Round 548/1000
2026-02-15 14:05:06,533 - INFO -   Silhouette: 0.2451 | School ROC: 0.6494 F1: 0.6180 | Project ROC: 0.5861 F1: 0.2523 
2026-02-15 14:05:06,533 - INFO - Round 549/1000
2026-02-15 14:05:06,779 - INFO -   Silhouette: 0.2725 | School ROC: 0.6377 F1: 0.5635 | Project ROC: 0.5054 F1: 0.2051 
2026-02-15 14:05:06,779 - INFO - Round 550/1000
2026-02-15 14:05:07,020 - INFO -   Silhouette: 0.2868 | School ROC: 0.6320 F1: 0.6092 | Project ROC: 0.5632 F1: 0.2626 
2026-02-15 14:05:07,020 - INFO - Round 551/1000
2026-02-15 14:05:07,323 - INFO -   Silhouette: 0.2463 | School ROC: 0.6141 F1: 0.5780 | Project ROC: 0.5452 F1: 0.2136 
2026-02-15 14:05:07,323 - INFO - Round 552/1000
2026-02-15 14:05:07,594 - INFO -   Silhouette: 0.2180 | School ROC: 0.5996 F1: 0.5814 | Project ROC: 0.5732 F1: 0.2600 
2026-02-15 14:05:07,595 - INFO - Round 553/1000
2026-02-15 14:05:07,885 - INFO -   Silhouette: 0.2033 | School ROC: 0.6217 F1: 0.6180 | Project ROC: 0.5516 F1: 0.2200 
2026-02-15 14:05:07,886 - INFO - Round 554/1000
2026-02-15 14:05:08,122 - INFO -   Silhouette: 0.2178 | School ROC: 0.6358 F1: 0.5763 | Project ROC: 0.5217 F1: 0.2115 
2026-02-15 14:05:08,122 - INFO - Round 555/1000
2026-02-15 14:05:08,378 - INFO -   Silhouette: 0.2459 | School ROC: 0.6339 F1: 0.6170 | Project ROC: 0.5554 F1: 0.2385 
2026-02-15 14:05:08,378 - INFO - Round 556/1000
2026-02-15 14:05:08,734 - INFO -   Silhouette: 0.2140 | School ROC: 0.6490 F1: 0.6413 | Project ROC: 0.5563 F1: 0.2261 
2026-02-15 14:05:08,734 - INFO - Round 557/1000
2026-02-15 14:05:08,942 - INFO -   Silhouette: 0.2726 | School ROC: 0.5936 F1: 0.6032 | Project ROC: 0.5874 F1: 0.2545 
2026-02-15 14:05:08,942 - INFO - Round 558/1000
2026-02-15 14:05:09,193 - INFO -   Silhouette: 0.2051 | School ROC: 0.6205 F1: 0.6034 | Project ROC: 0.5756 F1: 0.2449 
2026-02-15 14:05:09,193 - INFO - Round 559/1000
2026-02-15 14:05:09,491 - INFO -   Silhouette: 0.2203 | School ROC: 0.6036 F1: 0.6138 | Project ROC: 0.5266 F1: 0.1930 
2026-02-15 14:05:09,492 - INFO - Round 560/1000
2026-02-15 14:05:09,783 - INFO -   Silhouette: 0.2531 | School ROC: 0.6039 F1: 0.5647 | Project ROC: 0.4837 F1: 0.1616 
2026-02-15 14:05:09,784 - INFO - Round 561/1000
2026-02-15 14:05:10,122 - INFO -   Silhouette: 0.2509 | School ROC: 0.6061 F1: 0.5824 | Project ROC: 0.5369 F1: 0.1961 
2026-02-15 14:05:10,122 - INFO - Round 562/1000
2026-02-15 14:05:10,340 - INFO -   Silhouette: 0.2293 | School ROC: 0.6501 F1: 0.5747 | Project ROC: 0.5107 F1: 0.1964 
2026-02-15 14:05:10,340 - INFO - Round 563/1000
2026-02-15 14:05:10,645 - INFO -   Silhouette: 0.2423 | School ROC: 0.6419 F1: 0.5989 | Project ROC: 0.5785 F1: 0.2564 
2026-02-15 14:05:10,646 - INFO - Round 564/1000
2026-02-15 14:05:10,922 - INFO -   Silhouette: 0.2338 | School ROC: 0.6421 F1: 0.5889 | Project ROC: 0.6026 F1: 0.2261 
2026-02-15 14:05:10,922 - INFO - Round 565/1000
2026-02-15 14:05:11,196 - INFO -   Silhouette: 0.3133 | School ROC: 0.6165 F1: 0.5667 | Project ROC: 0.4933 F1: 0.1897 
2026-02-15 14:05:11,196 - INFO - Round 566/1000
2026-02-15 14:05:11,475 - INFO -   Silhouette: 0.2200 | School ROC: 0.5903 F1: 0.5889 | Project ROC: 0.5906 F1: 0.2316 
2026-02-15 14:05:11,476 - INFO - Round 567/1000
2026-02-15 14:05:11,726 - INFO -   Silhouette: 0.2306 | School ROC: 0.6282 F1: 0.5943 | Project ROC: 0.5554 F1: 0.2178 
2026-02-15 14:05:11,726 - INFO - Round 568/1000
2026-02-15 14:05:12,026 - INFO -   Silhouette: 0.2552 | School ROC: 0.6284 F1: 0.5838 | Project ROC: 0.5083 F1: 0.1770 
2026-02-15 14:05:12,026 - INFO - Round 569/1000
2026-02-15 14:05:12,342 - INFO -   Silhouette: 0.2593 | School ROC: 0.5708 F1: 0.5574 | Project ROC: 0.4823 F1: 0.1818 
2026-02-15 14:05:12,342 - INFO - Round 570/1000
2026-02-15 14:05:12,547 - INFO -   Silhouette: 0.1791 | School ROC: 0.5773 F1: 0.5412 | Project ROC: 0.6212 F1: 0.2766 
2026-02-15 14:05:12,548 - INFO - Round 571/1000
2026-02-15 14:05:12,864 - INFO -   Silhouette: 0.2584 | School ROC: 0.6241 F1: 0.5568 | Project ROC: 0.4910 F1: 0.1923 
2026-02-15 14:05:12,864 - INFO - Round 572/1000
2026-02-15 14:05:13,126 - INFO -   Silhouette: 0.2277 | School ROC: 0.5762 F1: 0.5763 | Project ROC: 0.5048 F1: 0.2000 
2026-02-15 14:05:13,126 - INFO - Round 573/1000
2026-02-15 14:05:13,386 - INFO -   Silhouette: 0.1887 | School ROC: 0.6054 F1: 0.5922 | Project ROC: 0.5359 F1: 0.2202 
2026-02-15 14:05:13,386 - INFO - Round 574/1000
2026-02-15 14:05:13,640 - INFO -   Silhouette: 0.2125 | School ROC: 0.5920 F1: 0.5529 | Project ROC: 0.4985 F1: 0.2020 
2026-02-15 14:05:13,641 - INFO - Round 575/1000
2026-02-15 14:05:14,079 - INFO -   Silhouette: 0.2209 | School ROC: 0.5746 F1: 0.5412 | Project ROC: 0.5093 F1: 0.1856 
2026-02-15 14:05:14,080 - INFO - Round 576/1000
2026-02-15 14:05:14,350 - INFO -   Silhouette: 0.2830 | School ROC: 0.6235 F1: 0.6054 | Project ROC: 0.5035 F1: 0.1835 
2026-02-15 14:05:14,350 - INFO - Round 577/1000
2026-02-15 14:05:14,596 - INFO -   Silhouette: 0.2600 | School ROC: 0.6409 F1: 0.6145 | Project ROC: 0.5849 F1: 0.2830 
2026-02-15 14:05:14,596 - INFO - Round 578/1000
2026-02-15 14:05:14,862 - INFO -   Silhouette: 0.2680 | School ROC: 0.6110 F1: 0.5618 | Project ROC: 0.5318 F1: 0.2321 
2026-02-15 14:05:14,862 - INFO - Round 579/1000
2026-02-15 14:05:15,150 - INFO -   Silhouette: 0.2134 | School ROC: 0.6223 F1: 0.5909 | Project ROC: 0.5057 F1: 0.2157 
2026-02-15 14:05:15,151 - INFO - Round 580/1000
2026-02-15 14:05:15,538 - INFO -   Silhouette: 0.2484 | School ROC: 0.6139 F1: 0.6000 | Project ROC: 0.5144 F1: 0.2243 
2026-02-15 14:05:15,539 - INFO - Round 581/1000
2026-02-15 14:05:15,752 - INFO -   Silhouette: 0.2650 | School ROC: 0.6220 F1: 0.6023 | Project ROC: 0.5762 F1: 0.2653 
2026-02-15 14:05:15,752 - INFO - Round 582/1000
2026-02-15 14:05:16,013 - INFO -   Silhouette: 0.2531 | School ROC: 0.6279 F1: 0.5902 | Project ROC: 0.5280 F1: 0.2000 
2026-02-15 14:05:16,013 - INFO - Round 583/1000
2026-02-15 14:05:16,287 - INFO -   Silhouette: 0.2164 | School ROC: 0.5861 F1: 0.6170 | Project ROC: 0.5295 F1: 0.1935 
2026-02-15 14:05:16,288 - INFO - Round 584/1000
2026-02-15 14:05:16,614 - INFO -   Silhouette: 0.2520 | School ROC: 0.6763 F1: 0.6304 | Project ROC: 0.5516 F1: 0.2281 
2026-02-15 14:05:16,615 - INFO - Round 585/1000
2026-02-15 14:05:16,879 - INFO -   Silhouette: 0.2492 | School ROC: 0.5813 F1: 0.5556 | Project ROC: 0.5346 F1: 0.1942 
2026-02-15 14:05:16,879 - INFO - Round 586/1000
2026-02-15 14:05:17,170 - INFO -   Silhouette: 0.1932 | School ROC: 0.6499 F1: 0.6000 | Project ROC: 0.5333 F1: 0.1935 
2026-02-15 14:05:17,171 - INFO - Round 587/1000
2026-02-15 14:05:17,425 - INFO -   Silhouette: 0.1949 | School ROC: 0.6214 F1: 0.6154 | Project ROC: 0.6069 F1: 0.2883 
2026-02-15 14:05:17,425 - INFO - Round 588/1000
2026-02-15 14:05:17,751 - INFO -   Silhouette: 0.2134 | School ROC: 0.6405 F1: 0.5943 | Project ROC: 0.5741 F1: 0.2308 
2026-02-15 14:05:17,752 - INFO - Round 589/1000
2026-02-15 14:05:18,022 - INFO -   Silhouette: 0.2270 | School ROC: 0.6183 F1: 0.5934 | Project ROC: 0.5800 F1: 0.2286 
2026-02-15 14:05:18,022 - INFO - Round 590/1000
2026-02-15 14:05:18,331 - INFO -   Silhouette: 0.2174 | School ROC: 0.6222 F1: 0.6011 | Project ROC: 0.5477 F1: 0.2391 
2026-02-15 14:05:18,331 - INFO - Round 591/1000
2026-02-15 14:05:18,569 - INFO -   Silhouette: 0.2562 | School ROC: 0.5694 F1: 0.5810 | Project ROC: 0.5314 F1: 0.2136 
2026-02-15 14:05:18,569 - INFO - Round 592/1000
2026-02-15 14:05:18,805 - INFO -   Silhouette: 0.2435 | School ROC: 0.6237 F1: 0.6054 | Project ROC: 0.5735 F1: 0.2364 
2026-02-15 14:05:18,805 - INFO - Round 593/1000
2026-02-15 14:05:19,180 - INFO -   Silhouette: 0.1988 | School ROC: 0.6254 F1: 0.5780 | Project ROC: 0.5533 F1: 0.2400 
2026-02-15 14:05:19,181 - INFO - Round 594/1000
2026-02-15 14:05:19,445 - INFO -   Silhouette: 0.1762 | School ROC: 0.6178 F1: 0.5862 | Project ROC: 0.5716 F1: 0.2222 
2026-02-15 14:05:19,446 - INFO - Round 595/1000
2026-02-15 14:05:19,744 - INFO -   Silhouette: 0.1764 | School ROC: 0.6190 F1: 0.6111 | Project ROC: 0.5506 F1: 0.2115 
2026-02-15 14:05:19,744 - INFO - Round 596/1000
2026-02-15 14:05:20,005 - INFO -   Silhouette: 0.2458 | School ROC: 0.6332 F1: 0.6087 | Project ROC: 0.5070 F1: 0.1982 
2026-02-15 14:05:20,005 - INFO - Round 597/1000
2026-02-15 14:05:20,298 - INFO -   Silhouette: 0.2059 | School ROC: 0.6226 F1: 0.5698 | Project ROC: 0.5382 F1: 0.2037 
2026-02-15 14:05:20,298 - INFO - Round 598/1000
2026-02-15 14:05:20,545 - INFO -   Silhouette: 0.3065 | School ROC: 0.6369 F1: 0.6064 | Project ROC: 0.5107 F1: 0.2342 
2026-02-15 14:05:20,545 - INFO - Round 599/1000
2026-02-15 14:05:20,855 - INFO -   Silhouette: 0.2282 | School ROC: 0.6130 F1: 0.5934 | Project ROC: 0.5694 F1: 0.2424 
2026-02-15 14:05:20,856 - INFO - Round 600/1000
2026-02-15 14:05:21,158 - INFO -   Silhouette: 0.2424 | School ROC: 0.6242 F1: 0.6321 | Project ROC: 0.5655 F1: 0.2655 
2026-02-15 14:05:21,159 - INFO - Round 601/1000
2026-02-15 14:05:21,361 - INFO -   Silhouette: 0.2275 | School ROC: 0.6556 F1: 0.6000 | Project ROC: 0.5680 F1: 0.2376 
2026-02-15 14:05:21,361 - INFO - Round 602/1000
2026-02-15 14:05:21,721 - INFO -   Silhouette: 0.2978 | School ROC: 0.6053 F1: 0.5699 | Project ROC: 0.5455 F1: 0.2308 
2026-02-15 14:05:21,721 - INFO - Round 603/1000
2026-02-15 14:05:22,040 - INFO -   Silhouette: 0.1486 | School ROC: 0.6110 F1: 0.5909 | Project ROC: 0.5086 F1: 0.2095 
2026-02-15 14:05:22,040 - INFO - Round 604/1000
2026-02-15 14:05:22,349 - INFO -   Silhouette: 0.1701 | School ROC: 0.6362 F1: 0.5917 | Project ROC: 0.5541 F1: 0.2268 
2026-02-15 14:05:22,349 - INFO - Round 605/1000
2026-02-15 14:05:22,560 - INFO -   Silhouette: 0.2585 | School ROC: 0.6243 F1: 0.6215 | Project ROC: 0.5197 F1: 0.2222 
2026-02-15 14:05:22,560 - INFO - Round 606/1000
2026-02-15 14:05:22,830 - INFO -   Silhouette: 0.2955 | School ROC: 0.6312 F1: 0.5763 | Project ROC: 0.6131 F1: 0.2941 
2026-02-15 14:05:22,830 - INFO - Round 607/1000
2026-02-15 14:05:23,064 - INFO -   Silhouette: 0.2380 | School ROC: 0.6714 F1: 0.6524 | Project ROC: 0.5884 F1: 0.2991 ✓
2026-02-15 14:05:23,180 - INFO - Results saved to /home/dev/work_main/random/assesment/k_means_selected/gemma3-12B_cv_results.json
2026-02-15 14:05:23,181 - INFO - Round 608/1000
2026-02-15 14:05:23,351 - INFO -   Silhouette: 0.2292 | School ROC: 0.6243 F1: 0.5614 | Project ROC: 0.4707 F1: 0.1495 
2026-02-15 14:05:23,351 - INFO - Round 609/1000
2026-02-15 14:05:23,558 - INFO -   Silhouette: 0.1732 | School ROC: 0.6028 F1: 0.5475 | Project ROC: 0.5709 F1: 0.2105 
2026-02-15 14:05:23,558 - INFO - Round 610/1000
2026-02-15 14:05:23,820 - INFO -   Silhouette: 0.2633 | School ROC: 0.6121 F1: 0.5989 | Project ROC: 0.5235 F1: 0.1947 
2026-02-15 14:05:23,820 - INFO - Round 611/1000
2026-02-15 14:05:24,070 - INFO -   Silhouette: 0.2051 | School ROC: 0.6141 F1: 0.5682 | Project ROC: 0.4802 F1: 0.1633 
2026-02-15 14:05:24,071 - INFO - Round 612/1000
2026-02-15 14:05:24,315 - INFO -   Silhouette: 0.2558 | School ROC: 0.6258 F1: 0.5889 | Project ROC: 0.5391 F1: 0.2136 
2026-02-15 14:05:24,315 - INFO - Round 613/1000
2026-02-15 14:05:24,571 - INFO -   Silhouette: 0.2674 | School ROC: 0.6428 F1: 0.5967 | Project ROC: 0.5238 F1: 0.2200 
2026-02-15 14:05:24,571 - INFO - Round 614/1000
2026-02-15 14:05:24,851 - INFO -   Silhouette: 0.2548 | School ROC: 0.6162 F1: 0.5856 | Project ROC: 0.5257 F1: 0.1961 
2026-02-15 14:05:24,851 - INFO - Round 615/1000
2026-02-15 14:05:25,125 - INFO -   Silhouette: 0.2753 | School ROC: 0.6152 F1: 0.5957 | Project ROC: 0.5376 F1: 0.2182 
2026-02-15 14:05:25,126 - INFO - Round 616/1000
2026-02-15 14:05:25,433 - INFO -   Silhouette: 0.2078 | School ROC: 0.6299 F1: 0.6237 | Project ROC: 0.5104 F1: 0.1887 
2026-02-15 14:05:25,434 - INFO - Round 617/1000
2026-02-15 14:05:25,668 - INFO -   Silhouette: 0.3043 | School ROC: 0.6090 F1: 0.5488 | Project ROC: 0.5524 F1: 0.2286 
2026-02-15 14:05:25,668 - INFO - Round 618/1000
2026-02-15 14:05:25,917 - INFO -   Silhouette: 0.2213 | School ROC: 0.6172 F1: 0.6145 | Project ROC: 0.5463 F1: 0.2268 
2026-02-15 14:05:25,918 - INFO - Round 619/1000
2026-02-15 14:05:26,190 - INFO -   Silhouette: 0.2312 | School ROC: 0.5630 F1: 0.5355 | Project ROC: 0.5217 F1: 0.1895 
2026-02-15 14:05:26,190 - INFO - Round 620/1000
2026-02-15 14:05:26,461 - INFO -   Silhouette: 0.2002 | School ROC: 0.6134 F1: 0.5529 | Project ROC: 0.6344 F1: 0.2424 
2026-02-15 14:05:26,462 - INFO - Round 621/1000
2026-02-15 14:05:26,779 - INFO -   Silhouette: 0.1959 | School ROC: 0.6570 F1: 0.6092 | Project ROC: 0.5506 F1: 0.2162 
2026-02-15 14:05:26,779 - INFO - Round 622/1000
2026-02-15 14:05:27,071 - INFO -   Silhouette: 0.2452 | School ROC: 0.6452 F1: 0.6032 | Project ROC: 0.5266 F1: 0.2222 
2026-02-15 14:05:27,072 - INFO - Round 623/1000
2026-02-15 14:05:27,307 - INFO -   Silhouette: 0.2340 | School ROC: 0.6318 F1: 0.5730 | Project ROC: 0.5792 F1: 0.2424 
2026-02-15 14:05:27,307 - INFO - Round 624/1000
2026-02-15 14:05:27,589 - INFO -   Silhouette: 0.2136 | School ROC: 0.6325 F1: 0.6129 | Project ROC: 0.5392 F1: 0.2178 
2026-02-15 14:05:27,589 - INFO - Round 625/1000
2026-02-15 14:05:27,851 - INFO -   Silhouette: 0.2277 | School ROC: 0.6379 F1: 0.6032 | Project ROC: 0.4720 F1: 0.2124 
2026-02-15 14:05:27,851 - INFO - Round 626/1000
2026-02-15 14:05:28,086 - INFO -   Silhouette: 0.2320 | School ROC: 0.6354 F1: 0.5870 | Project ROC: 0.5525 F1: 0.2476 
2026-02-15 14:05:28,087 - INFO - Round 627/1000
2026-02-15 14:05:28,345 - INFO -   Silhouette: 0.2506 | School ROC: 0.6528 F1: 0.6383 | Project ROC: 0.5541 F1: 0.2453 
2026-02-15 14:05:28,345 - INFO - Round 628/1000
2026-02-15 14:05:28,657 - INFO -   Silhouette: 0.2287 | School ROC: 0.5887 F1: 0.5600 | Project ROC: 0.5673 F1: 0.1905 
2026-02-15 14:05:28,657 - INFO - Round 629/1000
2026-02-15 14:05:28,898 - INFO -   Silhouette: 0.1948 | School ROC: 0.6124 F1: 0.5876 | Project ROC: 0.5805 F1: 0.2609 
2026-02-15 14:05:28,898 - INFO - Round 630/1000
2026-02-15 14:05:29,167 - INFO -   Silhouette: 0.2363 | School ROC: 0.6139 F1: 0.5747 | Project ROC: 0.4726 F1: 0.1698 
2026-02-15 14:05:29,167 - INFO - Round 631/1000
2026-02-15 14:05:29,427 - INFO -   Silhouette: 0.1906 | School ROC: 0.6017 F1: 0.5604 | Project ROC: 0.5063 F1: 0.1786 
2026-02-15 14:05:29,427 - INFO - Round 632/1000
2026-02-15 14:05:29,693 - INFO -   Silhouette: 0.2477 | School ROC: 0.6311 F1: 0.5810 | Project ROC: 0.5579 F1: 0.2075 
2026-02-15 14:05:29,693 - INFO - Round 633/1000
2026-02-15 14:05:30,078 - INFO -   Silhouette: 0.1990 | School ROC: 0.6165 F1: 0.5795 | Project ROC: 0.5184 F1: 0.2000 
2026-02-15 14:05:30,078 - INFO - Round 634/1000
2026-02-15 14:05:30,350 - INFO -   Silhouette: 0.2337 | School ROC: 0.6861 F1: 0.6277 | Project ROC: 0.5365 F1: 0.2143 
2026-02-15 14:05:30,351 - INFO - Round 635/1000
2026-02-15 14:05:30,599 - INFO -   Silhouette: 0.1919 | School ROC: 0.6567 F1: 0.6444 | Project ROC: 0.5261 F1: 0.2222 
2026-02-15 14:05:30,599 - INFO - Round 636/1000
2026-02-15 14:05:30,851 - INFO -   Silhouette: 0.2454 | School ROC: 0.6392 F1: 0.6154 | Project ROC: 0.5436 F1: 0.2202 
2026-02-15 14:05:30,852 - INFO - Round 637/1000
2026-02-15 14:05:31,155 - INFO -   Silhouette: 0.2399 | School ROC: 0.6150 F1: 0.6064 | Project ROC: 0.5684 F1: 0.2500 
2026-02-15 14:05:31,156 - INFO - Round 638/1000
2026-02-15 14:05:31,433 - INFO -   Silhouette: 0.2444 | School ROC: 0.6224 F1: 0.6203 | Project ROC: 0.5651 F1: 0.2430 
2026-02-15 14:05:31,433 - INFO - Round 639/1000
2026-02-15 14:05:31,702 - INFO -   Silhouette: 0.2231 | School ROC: 0.6056 F1: 0.5682 | Project ROC: 0.5188 F1: 0.2000 
2026-02-15 14:05:31,706 - INFO - Round 640/1000
2026-02-15 14:05:31,962 - INFO -   Silhouette: 0.2355 | School ROC: 0.6291 F1: 0.5843 | Project ROC: 0.5568 F1: 0.2261 
2026-02-15 14:05:31,962 - INFO - Round 641/1000
2026-02-15 14:05:32,218 - INFO -   Silhouette: 0.2647 | School ROC: 0.5849 F1: 0.5281 | Project ROC: 0.4920 F1: 0.1869 
2026-02-15 14:05:32,218 - INFO - Round 642/1000
2026-02-15 14:05:32,493 - INFO -   Silhouette: 0.3001 | School ROC: 0.5590 F1: 0.5475 | Project ROC: 0.4834 F1: 0.2037 
2026-02-15 14:05:32,494 - INFO - Round 643/1000
2026-02-15 14:05:32,712 - INFO -   Silhouette: 0.2516 | School ROC: 0.5929 F1: 0.5604 | Project ROC: 0.4818 F1: 0.1748 
2026-02-15 14:05:32,712 - INFO - Round 644/1000
2026-02-15 14:05:33,105 - INFO -   Silhouette: 0.2064 | School ROC: 0.6882 F1: 0.6480 | Project ROC: 0.5303 F1: 0.1731 
2026-02-15 14:05:33,105 - INFO - Round 645/1000
2026-02-15 14:05:33,354 - INFO -   Silhouette: 0.2745 | School ROC: 0.6146 F1: 0.5967 | Project ROC: 0.4692 F1: 0.1982 
2026-02-15 14:05:33,354 - INFO - Round 646/1000
2026-02-15 14:05:33,691 - INFO -   Silhouette: 0.2268 | School ROC: 0.6328 F1: 0.5747 | Project ROC: 0.5737 F1: 0.2308 
2026-02-15 14:05:33,692 - INFO - Round 647/1000
2026-02-15 14:05:34,010 - INFO -   Silhouette: 0.2053 | School ROC: 0.6563 F1: 0.6257 | Project ROC: 0.5394 F1: 0.2136 
2026-02-15 14:05:34,011 - INFO - Round 648/1000
2026-02-15 14:05:34,278 - INFO -   Silhouette: 0.2336 | School ROC: 0.5847 F1: 0.5444 | Project ROC: 0.4796 F1: 0.1633 
2026-02-15 14:05:34,278 - INFO - Round 649/1000
2026-02-15 14:05:34,549 - INFO -   Silhouette: 0.2469 | School ROC: 0.6493 F1: 0.6230 | Project ROC: 0.5426 F1: 0.2202 
2026-02-15 14:05:34,549 - INFO - Round 650/1000
2026-02-15 14:05:34,862 - INFO -   Silhouette: 0.3226 | School ROC: 0.5937 F1: 0.5514 | Project ROC: 0.4958 F1: 0.1835 
2026-02-15 14:05:34,862 - INFO - Round 651/1000
2026-02-15 14:05:35,158 - INFO -   Silhouette: 0.2928 | School ROC: 0.5554 F1: 0.5495 | Project ROC: 0.4953 F1: 0.1887 
2026-02-15 14:05:35,159 - INFO - Round 652/1000
2026-02-15 14:05:35,470 - INFO -   Silhouette: 0.2325 | School ROC: 0.6339 F1: 0.5934 | Project ROC: 0.5503 F1: 0.2449 
2026-02-15 14:05:35,470 - INFO - Round 653/1000
2026-02-15 14:05:35,697 - INFO -   Silhouette: 0.2886 | School ROC: 0.6205 F1: 0.5731 | Project ROC: 0.4542 F1: 0.1913 
2026-02-15 14:05:35,697 - INFO - Round 654/1000
2026-02-15 14:05:35,970 - INFO -   Silhouette: 0.2607 | School ROC: 0.6339 F1: 0.5876 | Project ROC: 0.6007 F1: 0.2800 
2026-02-15 14:05:35,970 - INFO - Round 655/1000
2026-02-15 14:05:36,217 - INFO -   Silhouette: 0.2414 | School ROC: 0.5889 F1: 0.5946 | Project ROC: 0.4933 F1: 0.1980 
2026-02-15 14:05:36,218 - INFO - Round 656/1000
2026-02-15 14:05:36,470 - INFO -   Silhouette: 0.2763 | School ROC: 0.6195 F1: 0.5665 | Project ROC: 0.5503 F1: 0.2292 
2026-02-15 14:05:36,470 - INFO - Round 657/1000
2026-02-15 14:05:36,771 - INFO -   Silhouette: 0.2545 | School ROC: 0.5936 F1: 0.5922 | Project ROC: 0.5566 F1: 0.2353 
2026-02-15 14:05:36,771 - INFO - Round 658/1000
2026-02-15 14:05:37,007 - INFO -   Silhouette: 0.2337 | School ROC: 0.6575 F1: 0.6378 | Project ROC: 0.5766 F1: 0.2549 
2026-02-15 14:05:37,007 - INFO - Round 659/1000
2026-02-15 14:05:37,263 - INFO -   Silhouette: 0.2436 | School ROC: 0.6303 F1: 0.5747 | Project ROC: 0.4879 F1: 0.1786 
2026-02-15 14:05:37,263 - INFO - Round 660/1000
2026-02-15 14:05:37,517 - INFO -   Silhouette: 0.2721 | School ROC: 0.5915 F1: 0.5622 | Project ROC: 0.5228 F1: 0.2182 
2026-02-15 14:05:37,517 - INFO - Round 661/1000
2026-02-15 14:05:37,786 - INFO -   Silhouette: 0.2264 | School ROC: 0.6097 F1: 0.6034 | Project ROC: 0.4822 F1: 0.2041 
2026-02-15 14:05:37,786 - INFO - Round 662/1000
2026-02-15 14:05:38,060 - INFO -   Silhouette: 0.2487 | School ROC: 0.6158 F1: 0.5444 | Project ROC: 0.4958 F1: 0.1731 
2026-02-15 14:05:38,061 - INFO - Round 663/1000
2026-02-15 14:05:38,306 - INFO -   Silhouette: 0.2200 | School ROC: 0.6703 F1: 0.6292 | Project ROC: 0.5986 F1: 0.2832 
2026-02-15 14:05:38,307 - INFO - Round 664/1000
2026-02-15 14:05:38,574 - INFO -   Silhouette: 0.2070 | School ROC: 0.6047 F1: 0.5698 | Project ROC: 0.4931 F1: 0.1837 
2026-02-15 14:05:38,575 - INFO - Round 665/1000
2026-02-15 14:05:38,854 - INFO -   Silhouette: 0.3148 | School ROC: 0.6202 F1: 0.5635 | Project ROC: 0.5016 F1: 0.1923 
2026-02-15 14:05:38,855 - INFO - Round 666/1000
2026-02-15 14:05:39,195 - INFO -   Silhouette: 0.2286 | School ROC: 0.6004 F1: 0.6000 | Project ROC: 0.5320 F1: 0.2143 
2026-02-15 14:05:39,195 - INFO - Round 667/1000
2026-02-15 14:05:39,477 - INFO -   Silhouette: 0.2855 | School ROC: 0.6230 F1: 0.6196 | Project ROC: 0.5595 F1: 0.2105 
2026-02-15 14:05:39,478 - INFO - Round 668/1000
2026-02-15 14:05:39,743 - INFO -   Silhouette: 0.2251 | School ROC: 0.6433 F1: 0.6034 | Project ROC: 0.5855 F1: 0.2526 
2026-02-15 14:05:39,743 - INFO - Round 669/1000
2026-02-15 14:05:40,013 - INFO -   Silhouette: 0.2307 | School ROC: 0.6390 F1: 0.5922 | Project ROC: 0.5712 F1: 0.2105 
2026-02-15 14:05:40,013 - INFO - Round 670/1000
2026-02-15 14:05:40,315 - INFO -   Silhouette: 0.2295 | School ROC: 0.6084 F1: 0.5943 | Project ROC: 0.5413 F1: 0.2020 
2026-02-15 14:05:40,315 - INFO - Round 671/1000
2026-02-15 14:05:40,586 - INFO -   Silhouette: 0.2761 | School ROC: 0.6538 F1: 0.6188 | Project ROC: 0.5776 F1: 0.2564 
2026-02-15 14:05:40,586 - INFO - Round 672/1000
2026-02-15 14:05:40,858 - INFO -   Silhouette: 0.1876 | School ROC: 0.6115 F1: 0.5806 | Project ROC: 0.5050 F1: 0.2000 
2026-02-15 14:05:40,858 - INFO - Round 673/1000
2026-02-15 14:05:41,169 - INFO -   Silhouette: 0.2104 | School ROC: 0.5866 F1: 0.5810 | Project ROC: 0.5330 F1: 0.1942 
2026-02-15 14:05:41,170 - INFO - Round 674/1000
2026-02-15 14:05:41,469 - INFO -   Silhouette: 0.2105 | School ROC: 0.6377 F1: 0.6298 | Project ROC: 0.5633 F1: 0.2524 
2026-02-15 14:05:41,470 - INFO - Round 675/1000
2026-02-15 14:05:41,712 - INFO -   Silhouette: 0.2139 | School ROC: 0.5846 F1: 0.5698 | Project ROC: 0.4907 F1: 0.2105 
2026-02-15 14:05:41,712 - INFO - Round 676/1000
2026-02-15 14:05:41,986 - INFO -   Silhouette: 0.2567 | School ROC: 0.5630 F1: 0.5227 | Project ROC: 0.4918 F1: 0.1837 
2026-02-15 14:05:41,986 - INFO - Round 677/1000
2026-02-15 14:05:42,246 - INFO -   Silhouette: 0.2824 | School ROC: 0.6314 F1: 0.5610 | Project ROC: 0.5932 F1: 0.2549 
2026-02-15 14:05:42,246 - INFO - Round 678/1000
2026-02-15 14:05:42,501 - INFO -   Silhouette: 0.2939 | School ROC: 0.6490 F1: 0.6000 | Project ROC: 0.5546 F1: 0.2430 
2026-02-15 14:05:42,501 - INFO - Round 679/1000
2026-02-15 14:05:42,725 - INFO -   Silhouette: 0.3113 | School ROC: 0.6186 F1: 0.5824 | Project ROC: 0.5247 F1: 0.2087 
2026-02-15 14:05:42,725 - INFO - Round 680/1000
2026-02-15 14:05:43,047 - INFO -   Silhouette: 0.2225 | School ROC: 0.5655 F1: 0.5902 | Project ROC: 0.5070 F1: 0.1887 
2026-02-15 14:05:43,047 - INFO - Round 681/1000
2026-02-15 14:05:43,262 - INFO -   Silhouette: 0.2067 | School ROC: 0.6173 F1: 0.5889 | Project ROC: 0.5489 F1: 0.2062 
2026-02-15 14:05:43,262 - INFO - Round 682/1000
2026-02-15 14:05:43,605 - INFO -   Silhouette: 0.2422 | School ROC: 0.6159 F1: 0.5574 | Project ROC: 0.5249 F1: 0.1905 
2026-02-15 14:05:43,606 - INFO - Round 683/1000
2026-02-15 14:05:43,867 - INFO -   Silhouette: 0.2082 | School ROC: 0.6617 F1: 0.5943 | Project ROC: 0.5827 F1: 0.2500 
2026-02-15 14:05:43,867 - INFO - Round 684/1000
2026-02-15 14:05:44,082 - INFO -   Silhouette: 0.2358 | School ROC: 0.6164 F1: 0.5843 | Project ROC: 0.5150 F1: 0.1905 
2026-02-15 14:05:44,083 - INFO - Round 685/1000
2026-02-15 14:05:44,366 - INFO -   Silhouette: 0.2151 | School ROC: 0.6688 F1: 0.6243 | Project ROC: 0.5314 F1: 0.2062 
2026-02-15 14:05:44,367 - INFO - Round 686/1000
2026-02-15 14:05:44,636 - INFO -   Silhouette: 0.2332 | School ROC: 0.6476 F1: 0.6455 | Project ROC: 0.5312 F1: 0.1923 
2026-02-15 14:05:44,636 - INFO - Round 687/1000
2026-02-15 14:05:45,017 - INFO -   Silhouette: 0.2097 | School ROC: 0.6549 F1: 0.6316 | Project ROC: 0.5734 F1: 0.2308 
2026-02-15 14:05:45,017 - INFO - Round 688/1000
2026-02-15 14:05:45,311 - INFO -   Silhouette: 0.2307 | School ROC: 0.6335 F1: 0.5732 | Project ROC: 0.5639 F1: 0.2308 
2026-02-15 14:05:45,312 - INFO - Round 689/1000
2026-02-15 14:05:45,589 - INFO -   Silhouette: 0.2205 | School ROC: 0.6448 F1: 0.6522 | Project ROC: 0.5601 F1: 0.2364 
2026-02-15 14:05:45,589 - INFO - Round 690/1000
2026-02-15 14:05:45,870 - INFO -   Silhouette: 0.2327 | School ROC: 0.6111 F1: 0.6196 | Project ROC: 0.4946 F1: 0.1538 
2026-02-15 14:05:45,870 - INFO - Round 691/1000
2026-02-15 14:05:46,166 - INFO -   Silhouette: 0.2565 | School ROC: 0.6257 F1: 0.5922 | Project ROC: 0.5410 F1: 0.1942 
2026-02-15 14:05:46,166 - INFO - Round 692/1000
2026-02-15 14:05:46,409 - INFO -   Silhouette: 0.2407 | School ROC: 0.6367 F1: 0.6096 | Project ROC: 0.5295 F1: 0.2456 
2026-02-15 14:05:46,409 - INFO - Round 693/1000
2026-02-15 14:05:46,762 - INFO -   Silhouette: 0.2180 | School ROC: 0.6163 F1: 0.6333 | Project ROC: 0.5868 F1: 0.2500 
2026-02-15 14:05:46,762 - INFO - Round 694/1000
2026-02-15 14:05:47,025 - INFO -   Silhouette: 0.2401 | School ROC: 0.5704 F1: 0.5402 | Project ROC: 0.5322 F1: 0.2083 
2026-02-15 14:05:47,026 - INFO - Round 695/1000
2026-02-15 14:05:47,303 - INFO -   Silhouette: 0.2144 | School ROC: 0.6143 F1: 0.6034 | Project ROC: 0.5810 F1: 0.2885 
2026-02-15 14:05:47,303 - INFO - Round 696/1000
2026-02-15 14:05:47,562 - INFO -   Silhouette: 0.2309 | School ROC: 0.6843 F1: 0.6559 | Project ROC: 0.5464 F1: 0.2162 
2026-02-15 14:05:47,562 - INFO - Round 697/1000
2026-02-15 14:05:47,889 - INFO -   Silhouette: 0.2054 | School ROC: 0.6268 F1: 0.5549 | Project ROC: 0.5063 F1: 0.2075 
2026-02-15 14:05:47,890 - INFO - Round 698/1000
2026-02-15 14:05:48,137 - INFO -   Silhouette: 0.2288 | School ROC: 0.6639 F1: 0.6292 | Project ROC: 0.5524 F1: 0.2178 
2026-02-15 14:05:48,137 - INFO - Round 699/1000
2026-02-15 14:05:48,514 - INFO -   Silhouette: 0.2698 | School ROC: 0.6267 F1: 0.6011 | Project ROC: 0.5123 F1: 0.2167 
2026-02-15 14:05:48,514 - INFO - Round 700/1000
2026-02-15 14:05:48,780 - INFO -   Silhouette: 0.2425 | School ROC: 0.6365 F1: 0.6127 | Project ROC: 0.5467 F1: 0.2407 
2026-02-15 14:05:48,780 - INFO - Round 701/1000
2026-02-15 14:05:49,204 - INFO -   Silhouette: 0.1834 | School ROC: 0.6053 F1: 0.5969 | Project ROC: 0.5303 F1: 0.2095 
2026-02-15 14:05:49,205 - INFO - Round 702/1000
2026-02-15 14:05:49,549 - INFO -   Silhouette: 0.2383 | School ROC: 0.6932 F1: 0.6374 | Project ROC: 0.5595 F1: 0.2478 
2026-02-15 14:05:49,549 - INFO - Round 703/1000
2026-02-15 14:05:49,769 - INFO -   Silhouette: 0.2169 | School ROC: 0.6081 F1: 0.6064 | Project ROC: 0.5054 F1: 0.1802 
2026-02-15 14:05:49,769 - INFO - Round 704/1000
2026-02-15 14:05:50,089 - INFO -   Silhouette: 0.2737 | School ROC: 0.6321 F1: 0.6211 | Project ROC: 0.4775 F1: 0.1724 
2026-02-15 14:05:50,089 - INFO - Round 705/1000
2026-02-15 14:05:50,453 - INFO -   Silhouette: 0.1960 | School ROC: 0.6151 F1: 0.5650 | Project ROC: 0.5270 F1: 0.2200 
2026-02-15 14:05:50,453 - INFO - Round 706/1000
2026-02-15 14:05:50,709 - INFO -   Silhouette: 0.2557 | School ROC: 0.6899 F1: 0.6557 | Project ROC: 0.5166 F1: 0.2222 
2026-02-15 14:05:50,709 - INFO - Round 707/1000
2026-02-15 14:05:50,953 - INFO -   Silhouette: 0.2525 | School ROC: 0.6405 F1: 0.6270 | Project ROC: 0.4889 F1: 0.1947 
2026-02-15 14:05:50,954 - INFO - Round 708/1000
2026-02-15 14:05:51,262 - INFO -   Silhouette: 0.2234 | School ROC: 0.5855 F1: 0.5902 | Project ROC: 0.5012 F1: 0.1731 
2026-02-15 14:05:51,262 - INFO - Round 709/1000
2026-02-15 14:05:51,550 - INFO -   Silhouette: 0.2250 | School ROC: 0.6321 F1: 0.5698 | Project ROC: 0.6040 F1: 0.2679 
2026-02-15 14:05:51,550 - INFO - Round 710/1000
2026-02-15 14:05:51,827 - INFO -   Silhouette: 0.2669 | School ROC: 0.6287 F1: 0.6283 | Project ROC: 0.5178 F1: 0.2069 
2026-02-15 14:05:51,827 - INFO - Round 711/1000
2026-02-15 14:05:52,110 - INFO -   Silhouette: 0.2293 | School ROC: 0.6173 F1: 0.6000 | Project ROC: 0.5680 F1: 0.2353 
2026-02-15 14:05:52,110 - INFO - Round 712/1000
2026-02-15 14:05:52,381 - INFO -   Silhouette: 0.1671 | School ROC: 0.6009 F1: 0.5698 | Project ROC: 0.4837 F1: 0.1304 
2026-02-15 14:05:52,382 - INFO - Round 713/1000
2026-02-15 14:05:52,686 - INFO -   Silhouette: 0.2313 | School ROC: 0.6089 F1: 0.5795 | Project ROC: 0.5820 F1: 0.2680 
2026-02-15 14:05:52,686 - INFO - Round 714/1000
2026-02-15 14:05:52,961 - INFO -   Silhouette: 0.2483 | School ROC: 0.5979 F1: 0.5650 | Project ROC: 0.5299 F1: 0.2292 
2026-02-15 14:05:52,961 - INFO - Round 715/1000
2026-02-15 14:05:53,217 - INFO -   Silhouette: 0.2486 | School ROC: 0.6629 F1: 0.6044 | Project ROC: 0.5565 F1: 0.2095 
2026-02-15 14:05:53,217 - INFO - Round 716/1000
2026-02-15 14:05:53,458 - INFO -   Silhouette: 0.2902 | School ROC: 0.6239 F1: 0.6102 | Project ROC: 0.4502 F1: 0.1698 
2026-02-15 14:05:53,458 - INFO - Round 717/1000
2026-02-15 14:05:53,737 - INFO -   Silhouette: 0.2060 | School ROC: 0.6114 F1: 0.5632 | Project ROC: 0.6198 F1: 0.3119 
2026-02-15 14:05:53,738 - INFO - Round 718/1000
2026-02-15 14:05:54,014 - INFO -   Silhouette: 0.2127 | School ROC: 0.5883 F1: 0.5730 | Project ROC: 0.4949 F1: 0.1765 
2026-02-15 14:05:54,015 - INFO - Round 719/1000
2026-02-15 14:05:54,273 - INFO -   Silhouette: 0.2250 | School ROC: 0.6344 F1: 0.6034 | Project ROC: 0.5972 F1: 0.2804 
2026-02-15 14:05:54,273 - INFO - Round 720/1000
2026-02-15 14:05:54,574 - INFO -   Silhouette: 0.2488 | School ROC: 0.6159 F1: 0.6492 | Project ROC: 0.5565 F1: 0.2500 
2026-02-15 14:05:54,574 - INFO - Round 721/1000
2026-02-15 14:05:54,815 - INFO -   Silhouette: 0.1957 | School ROC: 0.6927 F1: 0.6489 | Project ROC: 0.5754 F1: 0.2703 
2026-02-15 14:05:54,815 - INFO - Round 722/1000
2026-02-15 14:05:55,068 - INFO -   Silhouette: 0.2873 | School ROC: 0.6013 F1: 0.5746 | Project ROC: 0.5209 F1: 0.2202 
2026-02-15 14:05:55,068 - INFO - Round 723/1000
2026-02-15 14:05:55,311 - INFO -   Silhouette: 0.3173 | School ROC: 0.5992 F1: 0.6129 | Project ROC: 0.4707 F1: 0.1607 
2026-02-15 14:05:55,311 - INFO - Round 724/1000
2026-02-15 14:05:55,662 - INFO -   Silhouette: 0.2308 | School ROC: 0.5716 F1: 0.5820 | Project ROC: 0.5133 F1: 0.1887 
2026-02-15 14:05:55,662 - INFO - Round 725/1000
2026-02-15 14:05:55,936 - INFO -   Silhouette: 0.2349 | School ROC: 0.6477 F1: 0.6230 | Project ROC: 0.5360 F1: 0.2330 
2026-02-15 14:05:55,936 - INFO - Round 726/1000
2026-02-15 14:05:56,216 - INFO -   Silhouette: 0.2700 | School ROC: 0.6337 F1: 0.5731 | Project ROC: 0.4876 F1: 0.1913 
2026-02-15 14:05:56,216 - INFO - Round 727/1000
2026-02-15 14:05:56,480 - INFO -   Silhouette: 0.2702 | School ROC: 0.6364 F1: 0.5843 | Project ROC: 0.5055 F1: 0.2056 
2026-02-15 14:05:56,480 - INFO - Round 728/1000
2026-02-15 14:05:56,773 - INFO -   Silhouette: 0.2347 | School ROC: 0.5932 F1: 0.5604 | Project ROC: 0.5560 F1: 0.2453 
2026-02-15 14:05:56,773 - INFO - Round 729/1000
2026-02-15 14:05:57,029 - INFO -   Silhouette: 0.2673 | School ROC: 0.6183 F1: 0.5946 | Project ROC: 0.5228 F1: 0.2202 
2026-02-15 14:05:57,029 - INFO - Round 730/1000
2026-02-15 14:05:57,307 - INFO -   Silhouette: 0.2378 | School ROC: 0.6702 F1: 0.6034 | Project ROC: 0.5622 F1: 0.2476 
2026-02-15 14:05:57,307 - INFO - Round 731/1000
2026-02-15 14:05:57,618 - INFO -   Silhouette: 0.2142 | School ROC: 0.6063 F1: 0.5946 | Project ROC: 0.4988 F1: 0.1905 
2026-02-15 14:05:57,619 - INFO - Round 732/1000
2026-02-15 14:05:57,877 - INFO -   Silhouette: 0.2454 | School ROC: 0.6215 F1: 0.6270 | Project ROC: 0.5309 F1: 0.2430 
2026-02-15 14:05:57,877 - INFO - Round 733/1000
2026-02-15 14:05:58,191 - INFO -   Silhouette: 0.2441 | School ROC: 0.6550 F1: 0.5780 | Project ROC: 0.5867 F1: 0.2804 
2026-02-15 14:05:58,191 - INFO - Round 734/1000
2026-02-15 14:05:58,519 - INFO -   Silhouette: 0.2045 | School ROC: 0.6076 F1: 0.6162 | Project ROC: 0.6193 F1: 0.2804 
2026-02-15 14:05:58,519 - INFO - Round 735/1000
2026-02-15 14:05:58,789 - INFO -   Silhouette: 0.1808 | School ROC: 0.6273 F1: 0.6034 | Project ROC: 0.5098 F1: 0.1964 
2026-02-15 14:05:58,789 - INFO - Round 736/1000
2026-02-15 14:05:59,164 - INFO -   Silhouette: 0.1771 | School ROC: 0.5812 F1: 0.5618 | Project ROC: 0.5289 F1: 0.2222 
2026-02-15 14:05:59,164 - INFO - Round 737/1000
2026-02-15 14:05:59,549 - INFO -   Silhouette: 0.2651 | School ROC: 0.6196 F1: 0.6064 | Project ROC: 0.5495 F1: 0.2364 
2026-02-15 14:05:59,549 - INFO - Round 738/1000
2026-02-15 14:05:59,866 - INFO -   Silhouette: 0.2896 | School ROC: 0.5928 F1: 0.5683 | Project ROC: 0.4961 F1: 0.1835 
2026-02-15 14:05:59,866 - INFO - Round 739/1000
2026-02-15 14:06:00,263 - INFO -   Silhouette: 0.2223 | School ROC: 0.6353 F1: 0.6077 | Project ROC: 0.5765 F1: 0.2430 
2026-02-15 14:06:00,263 - INFO - Round 740/1000
2026-02-15 14:06:00,502 - INFO -   Silhouette: 0.2460 | School ROC: 0.7002 F1: 0.6630 | Project ROC: 0.5204 F1: 0.2261 ✓
2026-02-15 14:06:00,646 - INFO - Results saved to /home/dev/work_main/random/assesment/k_means_selected/gemma3-12B_cv_results.json
2026-02-15 14:06:00,647 - INFO - Round 741/1000
2026-02-15 14:06:00,882 - INFO -   Silhouette: 0.2421 | School ROC: 0.6090 F1: 0.5714 | Project ROC: 0.5301 F1: 0.1905 
2026-02-15 14:06:00,882 - INFO - Round 742/1000
2026-02-15 14:06:01,121 - INFO -   Silhouette: 0.2700 | School ROC: 0.5898 F1: 0.5806 | Project ROC: 0.5343 F1: 0.1835 
2026-02-15 14:06:01,122 - INFO - Round 743/1000
2026-02-15 14:06:01,408 - INFO -   Silhouette: 0.2613 | School ROC: 0.6416 F1: 0.6378 | Project ROC: 0.5270 F1: 0.1835 
2026-02-15 14:06:01,408 - INFO - Round 744/1000
2026-02-15 14:06:01,694 - INFO -   Silhouette: 0.2293 | School ROC: 0.6113 F1: 0.5870 | Project ROC: 0.5535 F1: 0.2286 
2026-02-15 14:06:01,694 - INFO - Round 745/1000
2026-02-15 14:06:01,990 - INFO -   Silhouette: 0.2602 | School ROC: 0.5898 F1: 0.5587 | Project ROC: 0.6236 F1: 0.2800 
2026-02-15 14:06:01,990 - INFO - Round 746/1000
2026-02-15 14:06:02,264 - INFO -   Silhouette: 0.2241 | School ROC: 0.5852 F1: 0.6011 | Project ROC: 0.5344 F1: 0.2245 
2026-02-15 14:06:02,264 - INFO - Round 747/1000
2026-02-15 14:06:02,561 - INFO -   Silhouette: 0.1897 | School ROC: 0.5969 F1: 0.6087 | Project ROC: 0.5191 F1: 0.2182 
2026-02-15 14:06:02,562 - INFO - Round 748/1000
2026-02-15 14:06:02,787 - INFO -   Silhouette: 0.2020 | School ROC: 0.6552 F1: 0.6304 | Project ROC: 0.5592 F1: 0.2435 
2026-02-15 14:06:02,787 - INFO - Round 749/1000
2026-02-15 14:06:03,080 - INFO -   Silhouette: 0.1658 | School ROC: 0.6213 F1: 0.5943 | Project ROC: 0.5972 F1: 0.2680 
2026-02-15 14:06:03,080 - INFO - Round 750/1000
2026-02-15 14:06:03,385 - INFO -   Silhouette: 0.2400 | School ROC: 0.6299 F1: 0.5977 | Project ROC: 0.5875 F1: 0.2609 
2026-02-15 14:06:03,385 - INFO - Round 751/1000
2026-02-15 14:06:03,662 - INFO -   Silhouette: 0.2134 | School ROC: 0.5732 F1: 0.5281 | Project ROC: 0.4853 F1: 0.1961 
2026-02-15 14:06:03,663 - INFO - Round 752/1000
2026-02-15 14:06:03,923 - INFO -   Silhouette: 0.2088 | School ROC: 0.6614 F1: 0.6036 | Project ROC: 0.5260 F1: 0.2202 
2026-02-15 14:06:03,924 - INFO - Round 753/1000
2026-02-15 14:06:04,221 - INFO -   Silhouette: 0.2350 | School ROC: 0.6424 F1: 0.6170 | Project ROC: 0.4734 F1: 0.1770 
2026-02-15 14:06:04,221 - INFO - Round 754/1000
2026-02-15 14:06:04,505 - INFO -   Silhouette: 0.2576 | School ROC: 0.6156 F1: 0.6096 | Project ROC: 0.5178 F1: 0.2037 
2026-02-15 14:06:04,505 - INFO - Round 755/1000
2026-02-15 14:06:04,780 - INFO -   Silhouette: 0.2348 | School ROC: 0.6386 F1: 0.6111 | Project ROC: 0.5385 F1: 0.2075 
2026-02-15 14:06:04,780 - INFO - Round 756/1000
2026-02-15 14:06:05,057 - INFO -   Silhouette: 0.2444 | School ROC: 0.6101 F1: 0.5778 | Project ROC: 0.5572 F1: 0.2609 
2026-02-15 14:06:05,057 - INFO - Round 757/1000
2026-02-15 14:06:05,320 - INFO -   Silhouette: 0.2052 | School ROC: 0.6009 F1: 0.5778 | Project ROC: 0.5811 F1: 0.2617 
2026-02-15 14:06:05,320 - INFO - Round 758/1000
2026-02-15 14:06:05,577 - INFO -   Silhouette: 0.2673 | School ROC: 0.6001 F1: 0.6067 | Project ROC: 0.5668 F1: 0.2308 
2026-02-15 14:06:05,577 - INFO - Round 759/1000
2026-02-15 14:06:05,841 - INFO -   Silhouette: 0.2777 | School ROC: 0.6371 F1: 0.5967 | Project ROC: 0.4737 F1: 0.1538 
2026-02-15 14:06:05,842 - INFO - Round 760/1000
2026-02-15 14:06:06,098 - INFO -   Silhouette: 0.2182 | School ROC: 0.5931 F1: 0.5587 | Project ROC: 0.5371 F1: 0.2000 
2026-02-15 14:06:06,098 - INFO - Round 761/1000
2026-02-15 14:06:06,301 - INFO -   Silhouette: 0.2062 | School ROC: 0.6002 F1: 0.6120 | Project ROC: 0.5546 F1: 0.2243 
2026-02-15 14:06:06,301 - INFO - Round 762/1000
2026-02-15 14:06:06,610 - INFO -   Silhouette: 0.1939 | School ROC: 0.6301 F1: 0.5829 | Project ROC: 0.5455 F1: 0.2202 
2026-02-15 14:06:06,610 - INFO - Round 763/1000
2026-02-15 14:06:06,906 - INFO -   Silhouette: 0.2554 | School ROC: 0.6084 F1: 0.5650 | Project ROC: 0.5261 F1: 0.2222 
2026-02-15 14:06:06,906 - INFO - Round 764/1000
2026-02-15 14:06:07,141 - INFO -   Silhouette: 0.3053 | School ROC: 0.6704 F1: 0.6339 | Project ROC: 0.5881 F1: 0.2545 
2026-02-15 14:06:07,142 - INFO - Round 765/1000
2026-02-15 14:06:07,377 - INFO -   Silhouette: 0.2774 | School ROC: 0.6432 F1: 0.6222 | Project ROC: 0.5709 F1: 0.2703 
2026-02-15 14:06:07,377 - INFO - Round 766/1000
2026-02-15 14:06:07,709 - INFO -   Silhouette: 0.2663 | School ROC: 0.6463 F1: 0.6237 | Project ROC: 0.5409 F1: 0.2143 
2026-02-15 14:06:07,710 - INFO - Round 767/1000
2026-02-15 14:06:07,958 - INFO -   Silhouette: 0.2586 | School ROC: 0.6547 F1: 0.6211 | Project ROC: 0.5353 F1: 0.2385 
2026-02-15 14:06:07,958 - INFO - Round 768/1000
2026-02-15 14:06:08,311 - INFO -   Silhouette: 0.2252 | School ROC: 0.5813 F1: 0.5902 | Project ROC: 0.4755 F1: 0.1923 
2026-02-15 14:06:08,311 - INFO - Round 769/1000
2026-02-15 14:06:08,603 - INFO -   Silhouette: 0.2427 | School ROC: 0.6168 F1: 0.5902 | Project ROC: 0.6347 F1: 0.2963 
2026-02-15 14:06:08,603 - INFO - Round 770/1000
2026-02-15 14:06:08,808 - INFO -   Silhouette: 0.2092 | School ROC: 0.6620 F1: 0.6413 | Project ROC: 0.6169 F1: 0.2807 
2026-02-15 14:06:08,809 - INFO - Round 771/1000
2026-02-15 14:06:09,096 - INFO -   Silhouette: 0.2704 | School ROC: 0.6333 F1: 0.5549 | Project ROC: 0.4800 F1: 0.2034 
2026-02-15 14:06:09,096 - INFO - Round 772/1000
2026-02-15 14:06:09,366 - INFO -   Silhouette: 0.2602 | School ROC: 0.6073 F1: 0.5635 | Project ROC: 0.5055 F1: 0.1982 
2026-02-15 14:06:09,366 - INFO - Round 773/1000
2026-02-15 14:06:09,663 - INFO -   Silhouette: 0.2247 | School ROC: 0.5772 F1: 0.5587 | Project ROC: 0.5371 F1: 0.2075 
2026-02-15 14:06:09,664 - INFO - Round 774/1000
2026-02-15 14:06:09,908 - INFO -   Silhouette: 0.2569 | School ROC: 0.6190 F1: 0.5806 | Project ROC: 0.4745 F1: 0.1731 
2026-02-15 14:06:09,908 - INFO - Round 775/1000
2026-02-15 14:06:10,178 - INFO -   Silhouette: 0.3001 | School ROC: 0.6034 F1: 0.5682 | Project ROC: 0.4907 F1: 0.1923 
2026-02-15 14:06:10,178 - INFO - Round 776/1000
2026-02-15 14:06:10,413 - INFO -   Silhouette: 0.1909 | School ROC: 0.6754 F1: 0.6409 | Project ROC: 0.5614 F1: 0.2435 
2026-02-15 14:06:10,413 - INFO - Round 777/1000
2026-02-15 14:06:10,673 - INFO -   Silhouette: 0.2186 | School ROC: 0.6313 F1: 0.6129 | Project ROC: 0.5226 F1: 0.2143 
2026-02-15 14:06:10,674 - INFO - Round 778/1000
2026-02-15 14:06:10,863 - INFO -   Silhouette: 0.1926 | School ROC: 0.6215 F1: 0.6000 | Project ROC: 0.4680 F1: 0.1765 
2026-02-15 14:06:10,863 - INFO - Round 779/1000
2026-02-15 14:06:11,168 - INFO -   Silhouette: 0.2578 | School ROC: 0.5957 F1: 0.5795 | Project ROC: 0.5080 F1: 0.1887 
2026-02-15 14:06:11,169 - INFO - Round 780/1000
2026-02-15 14:06:11,434 - INFO -   Silhouette: 0.2115 | School ROC: 0.6329 F1: 0.6243 | Project ROC: 0.4794 F1: 0.1852 
2026-02-15 14:06:11,435 - INFO - Round 781/1000
2026-02-15 14:06:11,737 - INFO -   Silhouette: 0.2373 | School ROC: 0.5580 F1: 0.5525 | Project ROC: 0.5006 F1: 0.1714 
2026-02-15 14:06:11,737 - INFO - Round 782/1000
2026-02-15 14:06:11,986 - INFO -   Silhouette: 0.2534 | School ROC: 0.5817 F1: 0.5618 | Project ROC: 0.4933 F1: 0.1887 
2026-02-15 14:06:11,987 - INFO - Round 783/1000
2026-02-15 14:06:12,205 - INFO -   Silhouette: 0.2366 | School ROC: 0.5968 F1: 0.5587 | Project ROC: 0.5570 F1: 0.2524 
2026-02-15 14:06:12,206 - INFO - Round 784/1000
2026-02-15 14:06:12,510 - INFO -   Silhouette: 0.2053 | School ROC: 0.5936 F1: 0.5647 | Project ROC: 0.5509 F1: 0.1957 
2026-02-15 14:06:12,510 - INFO - Round 785/1000
2026-02-15 14:06:12,750 - INFO -   Silhouette: 0.3105 | School ROC: 0.6411 F1: 0.6188 | Project ROC: 0.5775 F1: 0.2524 
2026-02-15 14:06:12,750 - INFO - Round 786/1000
2026-02-15 14:06:13,011 - INFO -   Silhouette: 0.2449 | School ROC: 0.6254 F1: 0.5882 | Project ROC: 0.5680 F1: 0.2245 
2026-02-15 14:06:13,011 - INFO - Round 787/1000
2026-02-15 14:06:13,282 - INFO -   Silhouette: 0.2169 | School ROC: 0.6041 F1: 0.5810 | Project ROC: 0.5414 F1: 0.2222 
2026-02-15 14:06:13,283 - INFO - Round 788/1000
2026-02-15 14:06:13,568 - INFO -   Silhouette: 0.3000 | School ROC: 0.6288 F1: 0.5989 | Project ROC: 0.5572 F1: 0.2143 
2026-02-15 14:06:13,568 - INFO - Round 789/1000
2026-02-15 14:06:13,805 - INFO -   Silhouette: 0.2495 | School ROC: 0.5891 F1: 0.5517 | Project ROC: 0.6042 F1: 0.2947 
2026-02-15 14:06:13,805 - INFO - Round 790/1000
2026-02-15 14:06:14,054 - INFO -   Silhouette: 0.2286 | School ROC: 0.6642 F1: 0.6145 | Project ROC: 0.5314 F1: 0.2500 
2026-02-15 14:06:14,054 - INFO - Round 791/1000
2026-02-15 14:06:14,356 - INFO -   Silhouette: 0.2561 | School ROC: 0.5872 F1: 0.5851 | Project ROC: 0.5123 F1: 0.1964 
2026-02-15 14:06:14,356 - INFO - Round 792/1000
2026-02-15 14:06:14,587 - INFO -   Silhouette: 0.2085 | School ROC: 0.5692 F1: 0.5119 | Project ROC: 0.5185 F1: 0.1915 
2026-02-15 14:06:14,587 - INFO - Round 793/1000
2026-02-15 14:06:14,867 - INFO -   Silhouette: 0.2266 | School ROC: 0.5781 F1: 0.5824 | Project ROC: 0.5757 F1: 0.2245 
2026-02-15 14:06:14,867 - INFO - Round 794/1000
2026-02-15 14:06:15,154 - INFO -   Silhouette: 0.2795 | School ROC: 0.6352 F1: 0.6257 | Project ROC: 0.5502 F1: 0.2202 
2026-02-15 14:06:15,154 - INFO - Round 795/1000
2026-02-15 14:06:15,458 - INFO -   Silhouette: 0.2020 | School ROC: 0.5962 F1: 0.6492 | Project ROC: 0.5737 F1: 0.2609 
2026-02-15 14:06:15,459 - INFO - Round 796/1000
2026-02-15 14:06:15,705 - INFO -   Silhouette: 0.2459 | School ROC: 0.5789 F1: 0.5838 | Project ROC: 0.4877 F1: 0.2056 
2026-02-15 14:06:15,706 - INFO - Round 797/1000
2026-02-15 14:06:15,978 - INFO -   Silhouette: 0.2110 | School ROC: 0.6109 F1: 0.5946 | Project ROC: 0.5220 F1: 0.2087 
2026-02-15 14:06:15,978 - INFO - Round 798/1000
2026-02-15 14:06:16,319 - INFO -   Silhouette: 0.2278 | School ROC: 0.6033 F1: 0.6105 | Project ROC: 0.5292 F1: 0.1802 
2026-02-15 14:06:16,320 - INFO - Round 799/1000
2026-02-15 14:06:16,530 - INFO -   Silhouette: 0.3079 | School ROC: 0.6211 F1: 0.5763 | Project ROC: 0.6110 F1: 0.2772 
2026-02-15 14:06:16,530 - INFO - Round 800/1000
2026-02-15 14:06:16,791 - INFO -   Silhouette: 0.1850 | School ROC: 0.6418 F1: 0.5780 | Project ROC: 0.5986 F1: 0.2745 
2026-02-15 14:06:16,792 - INFO - Round 801/1000
2026-02-15 14:06:17,116 - INFO -   Silhouette: 0.2486 | School ROC: 0.6031 F1: 0.5614 | Project ROC: 0.5050 F1: 0.2222 
2026-02-15 14:06:17,116 - INFO - Round 802/1000
2026-02-15 14:06:17,482 - INFO -   Silhouette: 0.2659 | School ROC: 0.6472 F1: 0.6129 | Project ROC: 0.5280 F1: 0.2364 
2026-02-15 14:06:17,483 - INFO - Round 803/1000
2026-02-15 14:06:17,762 - INFO -   Silhouette: 0.2333 | School ROC: 0.6316 F1: 0.6000 | Project ROC: 0.5442 F1: 0.2222 
2026-02-15 14:06:17,762 - INFO - Round 804/1000
2026-02-15 14:06:17,999 - INFO -   Silhouette: 0.1904 | School ROC: 0.6402 F1: 0.6047 | Project ROC: 0.5676 F1: 0.2400 
2026-02-15 14:06:17,999 - INFO - Round 805/1000
2026-02-15 14:06:18,298 - INFO -   Silhouette: 0.2475 | School ROC: 0.6547 F1: 0.6349 | Project ROC: 0.5521 F1: 0.2407 
2026-02-15 14:06:18,299 - INFO - Round 806/1000
2026-02-15 14:06:18,562 - INFO -   Silhouette: 0.1827 | School ROC: 0.6123 F1: 0.5529 | Project ROC: 0.6164 F1: 0.2500 
2026-02-15 14:06:18,562 - INFO - Round 807/1000
2026-02-15 14:06:18,850 - INFO -   Silhouette: 0.2643 | School ROC: 0.6073 F1: 0.5856 | Project ROC: 0.4940 F1: 0.2000 
2026-02-15 14:06:18,850 - INFO - Round 808/1000
2026-02-15 14:06:19,166 - INFO -   Silhouette: 0.3098 | School ROC: 0.6173 F1: 0.5730 | Project ROC: 0.6230 F1: 0.2970 
2026-02-15 14:06:19,167 - INFO - Round 809/1000
2026-02-15 14:06:19,595 - INFO -   Silhouette: 0.2346 | School ROC: 0.6262 F1: 0.6022 | Project ROC: 0.4838 F1: 0.1875 
2026-02-15 14:06:19,595 - INFO - Round 810/1000
2026-02-15 14:06:19,823 - INFO -   Silhouette: 0.2371 | School ROC: 0.6066 F1: 0.6196 | Project ROC: 0.5979 F1: 0.2593 
2026-02-15 14:06:19,824 - INFO - Round 811/1000
2026-02-15 14:06:20,113 - INFO -   Silhouette: 0.2270 | School ROC: 0.6410 F1: 0.5955 | Project ROC: 0.5769 F1: 0.2321 
2026-02-15 14:06:20,114 - INFO - Round 812/1000
2026-02-15 14:06:20,353 - INFO -   Silhouette: 0.2133 | School ROC: 0.6021 F1: 0.6096 | Project ROC: 0.5627 F1: 0.2545 
2026-02-15 14:06:20,354 - INFO - Round 813/1000
2026-02-15 14:06:20,604 - INFO -   Silhouette: 0.2913 | School ROC: 0.6271 F1: 0.6064 | Project ROC: 0.5080 F1: 0.2222 
2026-02-15 14:06:20,604 - INFO - Round 814/1000
2026-02-15 14:06:20,858 - INFO -   Silhouette: 0.2564 | School ROC: 0.6051 F1: 0.5600 | Project ROC: 0.5228 F1: 0.2385 
2026-02-15 14:06:20,858 - INFO - Round 815/1000
2026-02-15 14:06:21,114 - INFO -   Silhouette: 0.3123 | School ROC: 0.6253 F1: 0.5618 | Project ROC: 0.4813 F1: 0.1818 
2026-02-15 14:06:21,114 - INFO - Round 816/1000
2026-02-15 14:06:21,442 - INFO -   Silhouette: 0.2477 | School ROC: 0.5849 F1: 0.5943 | Project ROC: 0.5537 F1: 0.2526 
2026-02-15 14:06:21,442 - INFO - Round 817/1000
2026-02-15 14:06:21,693 - INFO -   Silhouette: 0.2595 | School ROC: 0.6426 F1: 0.6237 | Project ROC: 0.5371 F1: 0.2264 
2026-02-15 14:06:21,694 - INFO - Round 818/1000
2026-02-15 14:06:21,992 - INFO -   Silhouette: 0.2644 | School ROC: 0.5965 F1: 0.5497 | Project ROC: 0.5015 F1: 0.1731 
2026-02-15 14:06:21,992 - INFO - Round 819/1000
2026-02-15 14:06:22,209 - INFO -   Silhouette: 0.2497 | School ROC: 0.6387 F1: 0.5978 | Project ROC: 0.5028 F1: 0.1947 
2026-02-15 14:06:22,210 - INFO - Round 820/1000
2026-02-15 14:06:22,482 - INFO -   Silhouette: 0.2523 | School ROC: 0.6543 F1: 0.6404 | Project ROC: 0.5303 F1: 0.1982 
2026-02-15 14:06:22,482 - INFO - Round 821/1000
2026-02-15 14:06:22,737 - INFO -   Silhouette: 0.1820 | School ROC: 0.6001 F1: 0.5856 | Project ROC: 0.5232 F1: 0.2087 
2026-02-15 14:06:22,738 - INFO - Round 822/1000
2026-02-15 14:06:23,035 - INFO -   Silhouette: 0.2150 | School ROC: 0.6167 F1: 0.5714 | Project ROC: 0.5251 F1: 0.2162 
2026-02-15 14:06:23,035 - INFO - Round 823/1000
2026-02-15 14:06:23,283 - INFO -   Silhouette: 0.2896 | School ROC: 0.6345 F1: 0.5934 | Project ROC: 0.5372 F1: 0.2124 
2026-02-15 14:06:23,283 - INFO - Round 824/1000
2026-02-15 14:06:23,559 - INFO -   Silhouette: 0.2199 | School ROC: 0.6066 F1: 0.5587 | Project ROC: 0.4835 F1: 0.1887 
2026-02-15 14:06:23,560 - INFO - Round 825/1000
2026-02-15 14:06:23,839 - INFO -   Silhouette: 0.2137 | School ROC: 0.6011 F1: 0.5635 | Project ROC: 0.5128 F1: 0.1852 
2026-02-15 14:06:23,840 - INFO - Round 826/1000
2026-02-15 14:06:24,151 - INFO -   Silhouette: 0.2299 | School ROC: 0.6932 F1: 0.6316 | Project ROC: 0.5566 F1: 0.2545 
2026-02-15 14:06:24,151 - INFO - Round 827/1000
2026-02-15 14:06:24,402 - INFO -   Silhouette: 0.2908 | School ROC: 0.6049 F1: 0.5587 | Project ROC: 0.5732 F1: 0.2453 
2026-02-15 14:06:24,402 - INFO - Round 828/1000
2026-02-15 14:06:24,656 - INFO -   Silhouette: 0.2202 | School ROC: 0.6138 F1: 0.5829 | Project ROC: 0.4886 F1: 0.2075 
2026-02-15 14:06:24,656 - INFO - Round 829/1000
2026-02-15 14:06:24,993 - INFO -   Silhouette: 0.2708 | School ROC: 0.6326 F1: 0.5838 | Project ROC: 0.5587 F1: 0.2600 
2026-02-15 14:06:24,993 - INFO - Round 830/1000
2026-02-15 14:06:25,306 - INFO -   Silhouette: 0.2600 | School ROC: 0.6093 F1: 0.5870 | Project ROC: 0.5082 F1: 0.2136 
2026-02-15 14:06:25,307 - INFO - Round 831/1000
2026-02-15 14:06:25,674 - INFO -   Silhouette: 0.1901 | School ROC: 0.6704 F1: 0.6067 | Project ROC: 0.5044 F1: 0.1951 
2026-02-15 14:06:25,675 - INFO - Round 832/1000
2026-02-15 14:06:25,886 - INFO -   Silhouette: 0.2438 | School ROC: 0.6162 F1: 0.5876 | Project ROC: 0.5404 F1: 0.2062 
2026-02-15 14:06:25,886 - INFO - Round 833/1000
2026-02-15 14:06:26,165 - INFO -   Silhouette: 0.2345 | School ROC: 0.6423 F1: 0.6067 | Project ROC: 0.5289 F1: 0.2000 
2026-02-15 14:06:26,166 - INFO - Round 834/1000
2026-02-15 14:06:26,518 - INFO -   Silhouette: 0.2380 | School ROC: 0.6134 F1: 0.5922 | Project ROC: 0.5463 F1: 0.2400 
2026-02-15 14:06:26,518 - INFO - Round 835/1000
2026-02-15 14:06:26,751 - INFO -   Silhouette: 0.2819 | School ROC: 0.6200 F1: 0.6087 | Project ROC: 0.5299 F1: 0.2124 
2026-02-15 14:06:26,752 - INFO - Round 836/1000
2026-02-15 14:06:26,987 - INFO -   Silhouette: 0.2093 | School ROC: 0.6460 F1: 0.6136 | Project ROC: 0.5865 F1: 0.2062 
2026-02-15 14:06:26,987 - INFO - Round 837/1000
2026-02-15 14:06:27,247 - INFO -   Silhouette: 0.2309 | School ROC: 0.5751 F1: 0.5746 | Project ROC: 0.5166 F1: 0.2376 
2026-02-15 14:06:27,247 - INFO - Round 838/1000
2026-02-15 14:06:27,483 - INFO -   Silhouette: 0.2584 | School ROC: 0.6107 F1: 0.5792 | Project ROC: 0.4965 F1: 0.1923 
2026-02-15 14:06:27,484 - INFO - Round 839/1000
2026-02-15 14:06:27,774 - INFO -   Silhouette: 0.1858 | School ROC: 0.6145 F1: 0.5665 | Project ROC: 0.5646 F1: 0.2222 
2026-02-15 14:06:27,774 - INFO - Round 840/1000
2026-02-15 14:06:28,046 - INFO -   Silhouette: 0.2503 | School ROC: 0.6509 F1: 0.6054 | Project ROC: 0.5451 F1: 0.2202 
2026-02-15 14:06:28,046 - INFO - Round 841/1000
2026-02-15 14:06:28,315 - INFO -   Silhouette: 0.2243 | School ROC: 0.6170 F1: 0.5506 | Project ROC: 0.5355 F1: 0.2075 
2026-02-15 14:06:28,315 - INFO - Round 842/1000
2026-02-15 14:06:28,562 - INFO -   Silhouette: 0.1893 | School ROC: 0.6054 F1: 0.5934 | Project ROC: 0.5659 F1: 0.2200 
2026-02-15 14:06:28,562 - INFO - Round 843/1000
2026-02-15 14:06:28,846 - INFO -   Silhouette: 0.1684 | School ROC: 0.5857 F1: 0.5714 | Project ROC: 0.5344 F1: 0.1957 
2026-02-15 14:06:28,846 - INFO - Round 844/1000
2026-02-15 14:06:29,129 - INFO -   Silhouette: 0.2189 | School ROC: 0.6178 F1: 0.5799 | Project ROC: 0.5217 F1: 0.2115 
2026-02-15 14:06:29,130 - INFO - Round 845/1000
2026-02-15 14:06:29,363 - INFO -   Silhouette: 0.2573 | School ROC: 0.6292 F1: 0.5914 | Project ROC: 0.5101 F1: 0.1923 
2026-02-15 14:06:29,363 - INFO - Round 846/1000
2026-02-15 14:06:29,579 - INFO -   Silhouette: 0.2639 | School ROC: 0.6305 F1: 0.6011 | Project ROC: 0.5219 F1: 0.2330 
2026-02-15 14:06:29,580 - INFO - Round 847/1000
2026-02-15 14:06:30,018 - INFO -   Silhouette: 0.2304 | School ROC: 0.6447 F1: 0.6349 | Project ROC: 0.5534 F1: 0.2162 
2026-02-15 14:06:30,027 - INFO - Round 848/1000
2026-02-15 14:06:30,336 - INFO -   Silhouette: 0.2335 | School ROC: 0.5826 F1: 0.5622 | Project ROC: 0.5684 F1: 0.2449 
2026-02-15 14:06:30,337 - INFO - Round 849/1000
2026-02-15 14:06:30,582 - INFO -   Silhouette: 0.2192 | School ROC: 0.6578 F1: 0.6145 | Project ROC: 0.5298 F1: 0.2034 
2026-02-15 14:06:30,582 - INFO - Round 850/1000
2026-02-15 14:06:30,874 - INFO -   Silhouette: 0.2737 | School ROC: 0.6143 F1: 0.5618 | Project ROC: 0.5587 F1: 0.2157 
2026-02-15 14:06:30,874 - INFO - Round 851/1000
2026-02-15 14:06:31,114 - INFO -   Silhouette: 0.2008 | School ROC: 0.6214 F1: 0.6230 | Project ROC: 0.5576 F1: 0.2182 
2026-02-15 14:06:31,114 - INFO - Round 852/1000
2026-02-15 14:06:31,479 - INFO -   Silhouette: 0.1813 | School ROC: 0.6358 F1: 0.5904 | Project ROC: 0.5721 F1: 0.2752 
2026-02-15 14:06:31,484 - INFO - Round 853/1000
2026-02-15 14:06:31,719 - INFO -   Silhouette: 0.2323 | School ROC: 0.6043 F1: 0.5795 | Project ROC: 0.5435 F1: 0.2316 
2026-02-15 14:06:31,719 - INFO - Round 854/1000
2026-02-15 14:06:31,976 - INFO -   Silhouette: 0.2410 | School ROC: 0.6261 F1: 0.5902 | Project ROC: 0.5249 F1: 0.2203 
2026-02-15 14:06:31,976 - INFO - Round 855/1000
2026-02-15 14:06:32,292 - INFO -   Silhouette: 0.2033 | School ROC: 0.6085 F1: 0.5967 | Project ROC: 0.5530 F1: 0.2286 
2026-02-15 14:06:32,293 - INFO - Round 856/1000
2026-02-15 14:06:32,586 - INFO -   Silhouette: 0.2370 | School ROC: 0.6045 F1: 0.5810 | Project ROC: 0.5338 F1: 0.1698 
2026-02-15 14:06:32,586 - INFO - Round 857/1000
2026-02-15 14:06:32,847 - INFO -   Silhouette: 0.2873 | School ROC: 0.6147 F1: 0.5978 | Project ROC: 0.4918 F1: 0.2105 
2026-02-15 14:06:32,847 - INFO - Round 858/1000
2026-02-15 14:06:33,132 - INFO -   Silhouette: 0.1972 | School ROC: 0.6241 F1: 0.6054 | Project ROC: 0.5204 F1: 0.1930 
2026-02-15 14:06:33,132 - INFO - Round 859/1000
2026-02-15 14:06:33,427 - INFO -   Silhouette: 0.2210 | School ROC: 0.6381 F1: 0.5955 | Project ROC: 0.5295 F1: 0.1980 
2026-02-15 14:06:33,427 - INFO - Round 860/1000
2026-02-15 14:06:33,792 - INFO -   Silhouette: 0.2072 | School ROC: 0.6085 F1: 0.5843 | Project ROC: 0.5442 F1: 0.1980 
2026-02-15 14:06:33,792 - INFO - Round 861/1000
2026-02-15 14:06:34,049 - INFO -   Silhouette: 0.2848 | School ROC: 0.6326 F1: 0.6034 | Project ROC: 0.5945 F1: 0.2772 
2026-02-15 14:06:34,050 - INFO - Round 862/1000
2026-02-15 14:06:34,320 - INFO -   Silhouette: 0.2463 | School ROC: 0.6610 F1: 0.6298 | Project ROC: 0.6199 F1: 0.2800 ✓
2026-02-15 14:06:34,485 - INFO - Results saved to /home/dev/work_main/random/assesment/k_means_selected/gemma3-12B_cv_results.json
2026-02-15 14:06:34,486 - INFO - Round 863/1000
2026-02-15 14:06:34,676 - INFO -   Silhouette: 0.2035 | School ROC: 0.5997 F1: 0.6044 | Project ROC: 0.5340 F1: 0.2268 
2026-02-15 14:06:34,676 - INFO - Round 864/1000
2026-02-15 14:06:34,951 - INFO -   Silhouette: 0.2238 | School ROC: 0.6341 F1: 0.5829 | Project ROC: 0.5824 F1: 0.2424 
2026-02-15 14:06:34,951 - INFO - Round 865/1000
2026-02-15 14:06:35,246 - INFO -   Silhouette: 0.2199 | School ROC: 0.6414 F1: 0.6057 | Project ROC: 0.5432 F1: 0.2385 
2026-02-15 14:06:35,246 - INFO - Round 866/1000
2026-02-15 14:06:35,506 - INFO -   Silhouette: 0.2666 | School ROC: 0.5818 F1: 0.6032 | Project ROC: 0.5406 F1: 0.2364 
2026-02-15 14:06:35,507 - INFO - Round 867/1000
2026-02-15 14:06:35,739 - INFO -   Silhouette: 0.2477 | School ROC: 0.6106 F1: 0.5349 | Project ROC: 0.5509 F1: 0.2286 
2026-02-15 14:06:35,739 - INFO - Round 868/1000
2026-02-15 14:06:36,010 - INFO -   Silhouette: 0.1772 | School ROC: 0.6612 F1: 0.6071 | Project ROC: 0.5149 F1: 0.2308 
2026-02-15 14:06:36,010 - INFO - Round 869/1000
2026-02-15 14:06:36,374 - INFO -   Silhouette: 0.2136 | School ROC: 0.6041 F1: 0.5747 | Project ROC: 0.4914 F1: 0.2095 
2026-02-15 14:06:36,374 - INFO - Round 870/1000
2026-02-15 14:06:36,594 - INFO -   Silhouette: 0.2010 | School ROC: 0.5924 F1: 0.5810 | Project ROC: 0.6123 F1: 0.2718 
2026-02-15 14:06:36,594 - INFO - Round 871/1000
2026-02-15 14:06:36,863 - INFO -   Silhouette: 0.2468 | School ROC: 0.5915 F1: 0.5775 | Project ROC: 0.5614 F1: 0.2162 
2026-02-15 14:06:36,863 - INFO - Round 872/1000
2026-02-15 14:06:37,142 - INFO -   Silhouette: 0.1868 | School ROC: 0.6439 F1: 0.5614 | Project ROC: 0.5786 F1: 0.2737 
2026-02-15 14:06:37,142 - INFO - Round 873/1000
2026-02-15 14:06:37,414 - INFO -   Silhouette: 0.2322 | School ROC: 0.5979 F1: 0.5856 | Project ROC: 0.5305 F1: 0.2264 
2026-02-15 14:06:37,415 - INFO - Round 874/1000
2026-02-15 14:06:37,689 - INFO -   Silhouette: 0.2799 | School ROC: 0.5818 F1: 0.5311 | Project ROC: 0.4813 F1: 0.1887 
2026-02-15 14:06:37,690 - INFO - Round 875/1000
2026-02-15 14:06:37,985 - INFO -   Silhouette: 0.2219 | School ROC: 0.5892 F1: 0.5455 | Project ROC: 0.5223 F1: 0.2202 
2026-02-15 14:06:37,985 - INFO - Round 876/1000
2026-02-15 14:06:38,270 - INFO -   Silhouette: 0.2271 | School ROC: 0.6227 F1: 0.5876 | Project ROC: 0.4787 F1: 0.1852 
2026-02-15 14:06:38,270 - INFO - Round 877/1000
2026-02-15 14:06:38,497 - INFO -   Silhouette: 0.1805 | School ROC: 0.6077 F1: 0.5843 | Project ROC: 0.5524 F1: 0.2340 
2026-02-15 14:06:38,498 - INFO - Round 878/1000
2026-02-15 14:06:38,769 - INFO -   Silhouette: 0.2448 | School ROC: 0.5766 F1: 0.5838 | Project ROC: 0.5029 F1: 0.1835 
2026-02-15 14:06:38,769 - INFO - Round 879/1000
2026-02-15 14:06:39,041 - INFO -   Silhouette: 0.1880 | School ROC: 0.5883 F1: 0.5862 | Project ROC: 0.5553 F1: 0.2062 
2026-02-15 14:06:39,041 - INFO - Round 880/1000
2026-02-15 14:06:39,326 - INFO -   Silhouette: 0.1909 | School ROC: 0.5960 F1: 0.5747 | Project ROC: 0.5120 F1: 0.1875 
2026-02-15 14:06:39,326 - INFO - Round 881/1000
2026-02-15 14:06:39,624 - INFO -   Silhouette: 0.2471 | School ROC: 0.6214 F1: 0.5838 | Project ROC: 0.5095 F1: 0.1905 
2026-02-15 14:06:39,625 - INFO - Round 882/1000
2026-02-15 14:06:39,881 - INFO -   Silhouette: 0.2095 | School ROC: 0.5543 F1: 0.5385 | Project ROC: 0.5403 F1: 0.2136 
2026-02-15 14:06:39,881 - INFO - Round 883/1000
2026-02-15 14:06:40,188 - INFO -   Silhouette: 0.2419 | School ROC: 0.6025 F1: 0.5650 | Project ROC: 0.5285 F1: 0.1961 
2026-02-15 14:06:40,188 - INFO - Round 884/1000
2026-02-15 14:06:40,436 - INFO -   Silhouette: 0.2562 | School ROC: 0.6416 F1: 0.6270 | Project ROC: 0.5938 F1: 0.2857 
2026-02-15 14:06:40,436 - INFO - Round 885/1000
2026-02-15 14:06:40,710 - INFO -   Silhouette: 0.2061 | School ROC: 0.5838 F1: 0.5778 | Project ROC: 0.5446 F1: 0.2330 
2026-02-15 14:06:40,710 - INFO - Round 886/1000
2026-02-15 14:06:40,945 - INFO -   Silhouette: 0.2660 | School ROC: 0.5951 F1: 0.6000 | Project ROC: 0.5010 F1: 0.1930 
2026-02-15 14:06:40,946 - INFO - Round 887/1000
2026-02-15 14:06:41,195 - INFO -   Silhouette: 0.2735 | School ROC: 0.5997 F1: 0.6000 | Project ROC: 0.6030 F1: 0.2885 
2026-02-15 14:06:41,196 - INFO - Round 888/1000
2026-02-15 14:06:41,451 - INFO -   Silhouette: 0.2215 | School ROC: 0.6272 F1: 0.6120 | Project ROC: 0.5327 F1: 0.2202 
2026-02-15 14:06:41,451 - INFO - Round 889/1000
2026-02-15 14:06:41,730 - INFO -   Silhouette: 0.1728 | School ROC: 0.6135 F1: 0.6022 | Project ROC: 0.5495 F1: 0.2500 
2026-02-15 14:06:41,730 - INFO - Round 890/1000
2026-02-15 14:06:42,006 - INFO -   Silhouette: 0.2643 | School ROC: 0.6145 F1: 0.5761 | Project ROC: 0.5251 F1: 0.2069 
2026-02-15 14:06:42,006 - INFO - Round 891/1000
2026-02-15 14:06:42,314 - INFO -   Silhouette: 0.2530 | School ROC: 0.6128 F1: 0.5269 | Project ROC: 0.4802 F1: 0.2000 
2026-02-15 14:06:42,314 - INFO - Round 892/1000
2026-02-15 14:06:42,562 - INFO -   Silhouette: 0.2825 | School ROC: 0.6014 F1: 0.5486 | Project ROC: 0.4502 F1: 0.1569 
2026-02-15 14:06:42,562 - INFO - Round 893/1000
2026-02-15 14:06:42,821 - INFO -   Silhouette: 0.1910 | School ROC: 0.5819 F1: 0.5650 | Project ROC: 0.4632 F1: 0.1489 
2026-02-15 14:06:42,821 - INFO - Round 894/1000
2026-02-15 14:06:43,123 - INFO -   Silhouette: 0.2238 | School ROC: 0.6035 F1: 0.5699 | Project ROC: 0.5719 F1: 0.2222 
2026-02-15 14:06:43,123 - INFO - Round 895/1000
2026-02-15 14:06:43,386 - INFO -   Silhouette: 0.1986 | School ROC: 0.6270 F1: 0.6145 | Project ROC: 0.5639 F1: 0.2626 
2026-02-15 14:06:43,386 - INFO - Round 896/1000
2026-02-15 14:06:43,674 - INFO -   Silhouette: 0.2674 | School ROC: 0.5996 F1: 0.6044 | Project ROC: 0.5417 F1: 0.2340 
2026-02-15 14:06:43,675 - INFO - Round 897/1000
2026-02-15 14:06:43,946 - INFO -   Silhouette: 0.2682 | School ROC: 0.6141 F1: 0.5618 | Project ROC: 0.5776 F1: 0.2600 
2026-02-15 14:06:43,947 - INFO - Round 898/1000
2026-02-15 14:06:44,236 - INFO -   Silhouette: 0.2000 | School ROC: 0.5878 F1: 0.5635 | Project ROC: 0.5079 F1: 0.2178 
2026-02-15 14:06:44,236 - INFO - Round 899/1000
2026-02-15 14:06:44,576 - INFO -   Silhouette: 0.2170 | School ROC: 0.5773 F1: 0.5667 | Project ROC: 0.6493 F1: 0.3030 ✓
2026-02-15 14:06:44,786 - INFO - Results saved to /home/dev/work_main/random/assesment/k_means_selected/gemma3-12B_cv_results.json
2026-02-15 14:06:44,789 - INFO - Round 900/1000
2026-02-15 14:06:44,976 - INFO -   Silhouette: 0.2502 | School ROC: 0.6196 F1: 0.5778 | Project ROC: 0.5403 F1: 0.2301 
2026-02-15 14:06:44,976 - INFO - Round 901/1000
2026-02-15 14:06:45,359 - INFO -   Silhouette: 0.2554 | School ROC: 0.6081 F1: 0.5902 | Project ROC: 0.5112 F1: 0.1982 
2026-02-15 14:06:45,359 - INFO - Round 902/1000
2026-02-15 14:06:45,640 - INFO -   Silhouette: 0.2524 | School ROC: 0.6368 F1: 0.6170 | Project ROC: 0.5378 F1: 0.2286 
2026-02-15 14:06:45,640 - INFO - Round 903/1000
2026-02-15 14:06:45,891 - INFO -   Silhouette: 0.2263 | School ROC: 0.6394 F1: 0.5902 | Project ROC: 0.5435 F1: 0.2182 
2026-02-15 14:06:45,891 - INFO - Round 904/1000
2026-02-15 14:06:46,113 - INFO -   Silhouette: 0.1831 | School ROC: 0.5708 F1: 0.5568 | Project ROC: 0.5498 F1: 0.2353 
2026-02-15 14:06:46,113 - INFO - Round 905/1000
2026-02-15 14:06:46,384 - INFO -   Silhouette: 0.2086 | School ROC: 0.6519 F1: 0.6036 | Project ROC: 0.5107 F1: 0.2178 
2026-02-15 14:06:46,385 - INFO - Round 906/1000
2026-02-15 14:06:46,747 - INFO -   Silhouette: 0.2517 | School ROC: 0.6428 F1: 0.6188 | Project ROC: 0.4950 F1: 0.2095 
2026-02-15 14:06:46,747 - INFO - Round 907/1000
2026-02-15 14:06:47,042 - INFO -   Silhouette: 0.2530 | School ROC: 0.6505 F1: 0.5889 | Project ROC: 0.4921 F1: 0.1714 
2026-02-15 14:06:47,054 - INFO - Round 908/1000
2026-02-15 14:06:47,311 - INFO -   Silhouette: 0.1881 | School ROC: 0.5690 F1: 0.5810 | Project ROC: 0.5435 F1: 0.2340 
2026-02-15 14:06:47,311 - INFO - Round 909/1000
2026-02-15 14:06:47,645 - INFO -   Silhouette: 0.2011 | School ROC: 0.6403 F1: 0.5896 | Project ROC: 0.6212 F1: 0.2692 
2026-02-15 14:06:47,645 - INFO - Round 910/1000
2026-02-15 14:06:47,945 - INFO -   Silhouette: 0.1734 | School ROC: 0.6445 F1: 0.6077 | Project ROC: 0.5239 F1: 0.2574 
2026-02-15 14:06:47,946 - INFO - Round 911/1000
2026-02-15 14:06:48,325 - INFO -   Silhouette: 0.2231 | School ROC: 0.6182 F1: 0.5792 | Project ROC: 0.5076 F1: 0.2075 
2026-02-15 14:06:48,325 - INFO - Round 912/1000
2026-02-15 14:06:48,611 - INFO -   Silhouette: 0.2625 | School ROC: 0.6592 F1: 0.6277 | Project ROC: 0.5433 F1: 0.2430 
2026-02-15 14:06:48,611 - INFO - Round 913/1000
2026-02-15 14:06:48,950 - INFO -   Silhouette: 0.2901 | School ROC: 0.6264 F1: 0.6067 | Project ROC: 0.5039 F1: 0.1682 
2026-02-15 14:06:48,951 - INFO - Round 914/1000
2026-02-15 14:06:49,216 - INFO -   Silhouette: 0.2228 | School ROC: 0.6597 F1: 0.5943 | Project ROC: 0.5009 F1: 0.1982 
2026-02-15 14:06:49,216 - INFO - Round 915/1000
2026-02-15 14:06:49,478 - INFO -   Silhouette: 0.1997 | School ROC: 0.6079 F1: 0.5714 | Project ROC: 0.5801 F1: 0.2353 
2026-02-15 14:06:49,478 - INFO - Round 916/1000
2026-02-15 14:06:49,761 - INFO -   Silhouette: 0.2353 | School ROC: 0.6181 F1: 0.5909 | Project ROC: 0.5776 F1: 0.2222 
2026-02-15 14:06:49,761 - INFO - Round 917/1000
2026-02-15 14:06:50,015 - INFO -   Silhouette: 0.2124 | School ROC: 0.5970 F1: 0.5838 | Project ROC: 0.5257 F1: 0.2264 
2026-02-15 14:06:50,016 - INFO - Round 918/1000
2026-02-15 14:06:50,310 - INFO -   Silhouette: 0.2344 | School ROC: 0.5988 F1: 0.5810 | Project ROC: 0.5563 F1: 0.2136 
2026-02-15 14:06:50,310 - INFO - Round 919/1000
2026-02-15 14:06:50,577 - INFO -   Silhouette: 0.2076 | School ROC: 0.5977 F1: 0.5574 | Project ROC: 0.5471 F1: 0.1961 
2026-02-15 14:06:50,578 - INFO - Round 920/1000
2026-02-15 14:06:50,822 - INFO -   Silhouette: 0.2295 | School ROC: 0.6175 F1: 0.6196 | Project ROC: 0.5483 F1: 0.2366 
2026-02-15 14:06:50,823 - INFO - Round 921/1000
2026-02-15 14:06:51,124 - INFO -   Silhouette: 0.2158 | School ROC: 0.6208 F1: 0.5682 | Project ROC: 0.5301 F1: 0.2453 
2026-02-15 14:06:51,124 - INFO - Round 922/1000
2026-02-15 14:06:51,386 - INFO -   Silhouette: 0.2098 | School ROC: 0.6330 F1: 0.6011 | Project ROC: 0.5213 F1: 0.2095 
2026-02-15 14:06:51,386 - INFO - Round 923/1000
2026-02-15 14:06:51,732 - INFO -   Silhouette: 0.1905 | School ROC: 0.5719 F1: 0.5587 | Project ROC: 0.5770 F1: 0.2453 
2026-02-15 14:06:51,732 - INFO - Round 924/1000
2026-02-15 14:06:51,969 - INFO -   Silhouette: 0.1927 | School ROC: 0.6113 F1: 0.5922 | Project ROC: 0.5753 F1: 0.2330 
2026-02-15 14:06:51,970 - INFO - Round 925/1000
2026-02-15 14:06:52,310 - INFO -   Silhouette: 0.1960 | School ROC: 0.6428 F1: 0.6111 | Project ROC: 0.5004 F1: 0.1782 
2026-02-15 14:06:52,310 - INFO - Round 926/1000
2026-02-15 14:06:52,551 - INFO -   Silhouette: 0.2284 | School ROC: 0.5835 F1: 0.5587 | Project ROC: 0.4799 F1: 0.1731 
2026-02-15 14:06:52,551 - INFO - Round 927/1000
2026-02-15 14:06:52,806 - INFO -   Silhouette: 0.2395 | School ROC: 0.5898 F1: 0.5698 | Project ROC: 0.5477 F1: 0.1923 
2026-02-15 14:06:52,806 - INFO - Round 928/1000
2026-02-15 14:06:53,124 - INFO -   Silhouette: 0.2621 | School ROC: 0.6620 F1: 0.6369 | Project ROC: 0.5490 F1: 0.2264 
2026-02-15 14:06:53,124 - INFO - Round 929/1000
2026-02-15 14:06:53,478 - INFO -   Silhouette: 0.1852 | School ROC: 0.6117 F1: 0.5731 | Project ROC: 0.5610 F1: 0.2642 
2026-02-15 14:06:53,478 - INFO - Round 930/1000
2026-02-15 14:06:53,810 - INFO -   Silhouette: 0.2192 | School ROC: 0.5860 F1: 0.5746 | Project ROC: 0.5120 F1: 0.2178 
2026-02-15 14:06:53,810 - INFO - Round 931/1000
2026-02-15 14:06:54,198 - INFO -   Silhouette: 0.2192 | School ROC: 0.5976 F1: 0.5683 | Project ROC: 0.5201 F1: 0.1852 
2026-02-15 14:06:54,198 - INFO - Round 932/1000
2026-02-15 14:06:54,505 - INFO -   Silhouette: 0.2215 | School ROC: 0.5689 F1: 0.5650 | Project ROC: 0.5322 F1: 0.2136 
2026-02-15 14:06:54,505 - INFO - Round 933/1000
2026-02-15 14:06:54,853 - INFO -   Silhouette: 0.2521 | School ROC: 0.5929 F1: 0.5475 | Project ROC: 0.5174 F1: 0.2286 
2026-02-15 14:06:54,853 - INFO - Round 934/1000
2026-02-15 14:06:55,130 - INFO -   Silhouette: 0.2266 | School ROC: 0.5920 F1: 0.6136 | Project ROC: 0.5693 F1: 0.2500 
2026-02-15 14:06:55,130 - INFO - Round 935/1000
2026-02-15 14:06:55,391 - INFO -   Silhouette: 0.3031 | School ROC: 0.6540 F1: 0.6077 | Project ROC: 0.5258 F1: 0.2222 
2026-02-15 14:06:55,391 - INFO - Round 936/1000
2026-02-15 14:06:55,698 - INFO -   Silhouette: 0.2652 | School ROC: 0.6151 F1: 0.6270 | Project ROC: 0.6077 F1: 0.2593 
2026-02-15 14:06:55,698 - INFO - Round 937/1000
2026-02-15 14:06:55,958 - INFO -   Silhouette: 0.3057 | School ROC: 0.6343 F1: 0.5714 | Project ROC: 0.5160 F1: 0.2202 
2026-02-15 14:06:55,958 - INFO - Round 938/1000
2026-02-15 14:06:56,134 - INFO -   Silhouette: 0.2026 | School ROC: 0.5714 F1: 0.5363 | Project ROC: 0.5375 F1: 0.2182 
2026-02-15 14:06:56,134 - INFO - Round 939/1000
2026-02-15 14:06:56,397 - INFO -   Silhouette: 0.2263 | School ROC: 0.6004 F1: 0.6120 | Project ROC: 0.5598 F1: 0.2330 
2026-02-15 14:06:56,397 - INFO - Round 940/1000
2026-02-15 14:06:56,702 - INFO -   Silhouette: 0.1845 | School ROC: 0.5985 F1: 0.6154 | Project ROC: 0.5416 F1: 0.2115 
2026-02-15 14:06:56,702 - INFO - Round 941/1000
2026-02-15 14:06:56,966 - INFO -   Silhouette: 0.2084 | School ROC: 0.6221 F1: 0.6067 | Project ROC: 0.5239 F1: 0.2353 
2026-02-15 14:06:56,966 - INFO - Round 942/1000
2026-02-15 14:06:57,261 - INFO -   Silhouette: 0.2206 | School ROC: 0.5941 F1: 0.5814 | Project ROC: 0.5722 F1: 0.2268 
2026-02-15 14:06:57,262 - INFO - Round 943/1000
2026-02-15 14:06:57,558 - INFO -   Silhouette: 0.2774 | School ROC: 0.6281 F1: 0.6087 | Project ROC: 0.5191 F1: 0.1698 
2026-02-15 14:06:57,558 - INFO - Round 944/1000
2026-02-15 14:06:57,861 - INFO -   Silhouette: 0.1837 | School ROC: 0.6195 F1: 0.5806 | Project ROC: 0.5020 F1: 0.2301 
2026-02-15 14:06:57,861 - INFO - Round 945/1000
2026-02-15 14:06:58,185 - INFO -   Silhouette: 0.2050 | School ROC: 0.6140 F1: 0.5843 | Project ROC: 0.5506 F1: 0.2308 
2026-02-15 14:06:58,185 - INFO - Round 946/1000
2026-02-15 14:06:58,420 - INFO -   Silhouette: 0.2122 | School ROC: 0.6237 F1: 0.5763 | Project ROC: 0.5438 F1: 0.2124 
2026-02-15 14:06:58,420 - INFO - Round 947/1000
2026-02-15 14:06:58,681 - INFO -   Silhouette: 0.2440 | School ROC: 0.6526 F1: 0.6120 | Project ROC: 0.5235 F1: 0.2018 
2026-02-15 14:06:58,681 - INFO - Round 948/1000
2026-02-15 14:06:58,977 - INFO -   Silhouette: 0.1994 | School ROC: 0.6616 F1: 0.6277 | Project ROC: 0.5773 F1: 0.2364 
2026-02-15 14:06:58,977 - INFO - Round 949/1000
2026-02-15 14:06:59,272 - INFO -   Silhouette: 0.2441 | School ROC: 0.5902 F1: 0.5537 | Project ROC: 0.5375 F1: 0.2105 
2026-02-15 14:06:59,273 - INFO - Round 950/1000
2026-02-15 14:06:59,537 - INFO -   Silhouette: 0.2784 | School ROC: 0.6136 F1: 0.6010 | Project ROC: 0.5197 F1: 0.1802 
2026-02-15 14:06:59,538 - INFO - Round 951/1000
2026-02-15 14:06:59,830 - INFO -   Silhouette: 0.2056 | School ROC: 0.6331 F1: 0.6237 | Project ROC: 0.5107 F1: 0.2087 
2026-02-15 14:06:59,830 - INFO - Round 952/1000
2026-02-15 14:07:00,109 - INFO -   Silhouette: 0.2043 | School ROC: 0.6210 F1: 0.5876 | Project ROC: 0.5785 F1: 0.2424 
2026-02-15 14:07:00,109 - INFO - Round 953/1000
2026-02-15 14:07:00,429 - INFO -   Silhouette: 0.2868 | School ROC: 0.6224 F1: 0.6087 | Project ROC: 0.4624 F1: 0.2034 
2026-02-15 14:07:00,429 - INFO - Round 954/1000
2026-02-15 14:07:00,717 - INFO -   Silhouette: 0.2116 | School ROC: 0.6118 F1: 0.6120 | Project ROC: 0.5638 F1: 0.2500 
2026-02-15 14:07:00,718 - INFO - Round 955/1000
2026-02-15 14:07:00,956 - INFO -   Silhouette: 0.2822 | School ROC: 0.6403 F1: 0.6011 | Project ROC: 0.4790 F1: 0.2017 
2026-02-15 14:07:00,956 - INFO - Round 956/1000
2026-02-15 14:07:01,237 - INFO -   Silhouette: 0.2659 | School ROC: 0.6232 F1: 0.5862 | Project ROC: 0.5719 F1: 0.2202 
2026-02-15 14:07:01,238 - INFO - Round 957/1000
2026-02-15 14:07:01,537 - INFO -   Silhouette: 0.2333 | School ROC: 0.6127 F1: 0.5876 | Project ROC: 0.5101 F1: 0.2087 
2026-02-15 14:07:01,538 - INFO - Round 958/1000
2026-02-15 14:07:01,770 - INFO -   Silhouette: 0.2800 | School ROC: 0.6081 F1: 0.5587 | Project ROC: 0.5191 F1: 0.2182 
2026-02-15 14:07:01,770 - INFO - Round 959/1000
2026-02-15 14:07:02,069 - INFO -   Silhouette: 0.2014 | School ROC: 0.6137 F1: 0.5889 | Project ROC: 0.5142 F1: 0.2020 
2026-02-15 14:07:02,069 - INFO - Round 960/1000
2026-02-15 14:07:02,332 - INFO -   Silhouette: 0.2215 | School ROC: 0.6128 F1: 0.6000 | Project ROC: 0.4987 F1: 0.2037 
2026-02-15 14:07:02,332 - INFO - Round 961/1000
2026-02-15 14:07:02,558 - INFO -   Silhouette: 0.3016 | School ROC: 0.6196 F1: 0.6034 | Project ROC: 0.6357 F1: 0.2941 
2026-02-15 14:07:02,558 - INFO - Round 962/1000
2026-02-15 14:07:02,870 - INFO -   Silhouette: 0.2681 | School ROC: 0.6490 F1: 0.6129 | Project ROC: 0.5557 F1: 0.2342 
2026-02-15 14:07:02,870 - INFO - Round 963/1000
2026-02-15 14:07:03,188 - INFO -   Silhouette: 0.1917 | School ROC: 0.6235 F1: 0.5529 | Project ROC: 0.5932 F1: 0.2692 
2026-02-15 14:07:03,189 - INFO - Round 964/1000
2026-02-15 14:07:03,484 - INFO -   Silhouette: 0.2235 | School ROC: 0.6067 F1: 0.5829 | Project ROC: 0.5223 F1: 0.2128 
2026-02-15 14:07:03,485 - INFO - Round 965/1000
2026-02-15 14:07:03,734 - INFO -   Silhouette: 0.2475 | School ROC: 0.6083 F1: 0.5682 | Project ROC: 0.4559 F1: 0.1636 
2026-02-15 14:07:03,734 - INFO - Round 966/1000
2026-02-15 14:07:04,043 - INFO -   Silhouette: 0.2219 | School ROC: 0.6033 F1: 0.5698 | Project ROC: 0.5552 F1: 0.2342 
2026-02-15 14:07:04,044 - INFO - Round 967/1000
2026-02-15 14:07:04,393 - INFO -   Silhouette: 0.2436 | School ROC: 0.6338 F1: 0.5714 | Project ROC: 0.5783 F1: 0.2478 
2026-02-15 14:07:04,394 - INFO - Round 968/1000
2026-02-15 14:07:04,646 - INFO -   Silhouette: 0.2060 | School ROC: 0.6367 F1: 0.6230 | Project ROC: 0.5070 F1: 0.2157 
2026-02-15 14:07:04,646 - INFO - Round 969/1000
2026-02-15 14:07:05,041 - INFO -   Silhouette: 0.2313 | School ROC: 0.6606 F1: 0.6120 | Project ROC: 0.5626 F1: 0.2632 
2026-02-15 14:07:05,041 - INFO - Round 970/1000
2026-02-15 14:07:05,364 - INFO -   Silhouette: 0.2804 | School ROC: 0.5836 F1: 0.5444 | Project ROC: 0.4933 F1: 0.2182 
2026-02-15 14:07:05,364 - INFO - Round 971/1000
2026-02-15 14:07:05,640 - INFO -   Silhouette: 0.1869 | School ROC: 0.6137 F1: 0.5902 | Project ROC: 0.5101 F1: 0.1887 
2026-02-15 14:07:05,641 - INFO - Round 972/1000
2026-02-15 14:07:05,946 - INFO -   Silhouette: 0.1938 | School ROC: 0.6239 F1: 0.5829 | Project ROC: 0.5835 F1: 0.2549 
2026-02-15 14:07:05,946 - INFO - Round 973/1000
2026-02-15 14:07:06,228 - INFO -   Silhouette: 0.2227 | School ROC: 0.5860 F1: 0.5537 | Project ROC: 0.5369 F1: 0.2182 
2026-02-15 14:07:06,228 - INFO - Round 974/1000
2026-02-15 14:07:06,470 - INFO -   Silhouette: 0.2659 | School ROC: 0.6621 F1: 0.6102 | Project ROC: 0.5817 F1: 0.2500 
2026-02-15 14:07:06,470 - INFO - Round 975/1000
2026-02-15 14:07:06,746 - INFO -   Silhouette: 0.2753 | School ROC: 0.6431 F1: 0.5862 | Project ROC: 0.4743 F1: 0.1636 
2026-02-15 14:07:06,746 - INFO - Round 976/1000
2026-02-15 14:07:06,992 - INFO -   Silhouette: 0.2225 | School ROC: 0.6015 F1: 0.5870 | Project ROC: 0.5471 F1: 0.2222 
2026-02-15 14:07:06,992 - INFO - Round 977/1000
2026-02-15 14:07:07,290 - INFO -   Silhouette: 0.1952 | School ROC: 0.6145 F1: 0.5650 | Project ROC: 0.5884 F1: 0.2800 
2026-02-15 14:07:07,290 - INFO - Round 978/1000
2026-02-15 14:07:07,622 - INFO -   Silhouette: 0.1929 | School ROC: 0.6347 F1: 0.6136 | Project ROC: 0.4920 F1: 0.2095 
2026-02-15 14:07:07,622 - INFO - Round 979/1000
2026-02-15 14:07:07,983 - INFO -   Silhouette: 0.2543 | School ROC: 0.6431 F1: 0.6129 | Project ROC: 0.5299 F1: 0.1887 
2026-02-15 14:07:07,983 - INFO - Round 980/1000
2026-02-15 14:07:08,344 - INFO -   Silhouette: 0.2665 | School ROC: 0.6125 F1: 0.6061 | Project ROC: 0.5508 F1: 0.2182 
2026-02-15 14:07:08,345 - INFO - Round 981/1000
2026-02-15 14:07:08,631 - INFO -   Silhouette: 0.3174 | School ROC: 0.6113 F1: 0.5926 | Project ROC: 0.5071 F1: 0.2056 
2026-02-15 14:07:08,631 - INFO - Round 982/1000
2026-02-15 14:07:08,871 - INFO -   Silhouette: 0.2346 | School ROC: 0.6399 F1: 0.5795 | Project ROC: 0.5058 F1: 0.1980 
2026-02-15 14:07:08,871 - INFO - Round 983/1000
2026-02-15 14:07:09,215 - INFO -   Silhouette: 0.2076 | School ROC: 0.6098 F1: 0.5667 | Project ROC: 0.5622 F1: 0.2136 
2026-02-15 14:07:09,215 - INFO - Round 984/1000
2026-02-15 14:07:09,466 - INFO -   Silhouette: 0.2098 | School ROC: 0.5936 F1: 0.5745 | Project ROC: 0.5341 F1: 0.2182 
2026-02-15 14:07:09,466 - INFO - Round 985/1000
2026-02-15 14:07:09,722 - INFO -   Silhouette: 0.2484 | School ROC: 0.6664 F1: 0.6292 | Project ROC: 0.5481 F1: 0.2342 
2026-02-15 14:07:09,723 - INFO - Round 986/1000
2026-02-15 14:07:09,979 - INFO -   Silhouette: 0.2232 | School ROC: 0.5770 F1: 0.5882 | Project ROC: 0.5810 F1: 0.2708 
2026-02-15 14:07:09,979 - INFO - Round 987/1000
2026-02-15 14:07:10,301 - INFO -   Silhouette: 0.2807 | School ROC: 0.6343 F1: 0.6000 | Project ROC: 0.6282 F1: 0.2391 
2026-02-15 14:07:10,301 - INFO - Round 988/1000
2026-02-15 14:07:10,553 - INFO -   Silhouette: 0.2056 | School ROC: 0.5928 F1: 0.5517 | Project ROC: 0.5814 F1: 0.2581 
2026-02-15 14:07:10,553 - INFO - Round 989/1000
2026-02-15 14:07:10,809 - INFO -   Silhouette: 0.2805 | School ROC: 0.6289 F1: 0.6022 | Project ROC: 0.5034 F1: 0.2143 
2026-02-15 14:07:10,810 - INFO - Round 990/1000
2026-02-15 14:07:11,063 - INFO -   Silhouette: 0.2538 | School ROC: 0.6203 F1: 0.5714 | Project ROC: 0.5455 F1: 0.2286 
2026-02-15 14:07:11,063 - INFO - Round 991/1000
2026-02-15 14:07:11,329 - INFO -   Silhouette: 0.2241 | School ROC: 0.6324 F1: 0.5957 | Project ROC: 0.5248 F1: 0.2075 
2026-02-15 14:07:11,330 - INFO - Round 992/1000
2026-02-15 14:07:11,606 - INFO -   Silhouette: 0.2295 | School ROC: 0.6178 F1: 0.6387 | Project ROC: 0.5633 F1: 0.2407 
2026-02-15 14:07:11,606 - INFO - Round 993/1000
2026-02-15 14:07:11,846 - INFO -   Silhouette: 0.2873 | School ROC: 0.6112 F1: 0.5843 | Project ROC: 0.5687 F1: 0.2407 
2026-02-15 14:07:11,846 - INFO - Round 994/1000
2026-02-15 14:07:12,131 - INFO -   Silhouette: 0.2291 | School ROC: 0.5734 F1: 0.5792 | Project ROC: 0.5508 F1: 0.2264 
2026-02-15 14:07:12,132 - INFO - Round 995/1000
2026-02-15 14:07:12,462 - INFO -   Silhouette: 0.3135 | School ROC: 0.5831 F1: 0.5810 | Project ROC: 0.4774 F1: 0.1818 
2026-02-15 14:07:12,462 - INFO - Round 996/1000
2026-02-15 14:07:12,722 - INFO -   Silhouette: 0.2060 | School ROC: 0.6294 F1: 0.5780 | Project ROC: 0.6113 F1: 0.2857 
2026-02-15 14:07:12,722 - INFO - Round 997/1000
2026-02-15 14:07:12,998 - INFO -   Silhouette: 0.2689 | School ROC: 0.5938 F1: 0.5632 | Project ROC: 0.4908 F1: 0.2000 
2026-02-15 14:07:12,998 - INFO - Round 998/1000
2026-02-15 14:07:13,251 - INFO -   Silhouette: 0.2095 | School ROC: 0.6174 F1: 0.5747 | Project ROC: 0.5696 F1: 0.2376 
2026-02-15 14:07:13,251 - INFO - Round 999/1000
2026-02-15 14:07:13,529 - INFO -   Silhouette: 0.2382 | School ROC: 0.6388 F1: 0.5780 | Project ROC: 0.6018 F1: 0.2617 
2026-02-15 14:07:13,529 - INFO - Round 1000/1000
2026-02-15 14:07:13,850 - INFO -   Silhouette: 0.2398 | School ROC: 0.6075 F1: 0.5870 | Project ROC: 0.5241 F1: 0.2095 
2026-02-15 14:07:14,069 - INFO - Results saved to /home/dev/work_main/random/assesment/k_means_selected/gemma3-12B_cv_results.json
2026-02-15 14:07:16,617 - INFO - Convergence plots saved to /home/dev/work_main/random/assesment/k_means_selected/gemma3-12B_cv_convergence_plots.png
2026-02-15 14:07:19,433 - INFO - Focused correlation analysis saved to /home/dev/work_main/random/assesment/k_means_selected/gemma3-12B_cv_silhouette_correlation.png
2026-02-15 14:07:19,433 - INFO - Correlation values saved to /home/dev/work_main/random/assesment/k_means_selected/gemma3-12B_cv_silhouette_correlations.json
2026-02-15 14:07:19,433 - INFO - Silhouette Correlation Summary:
2026-02-15 14:07:19,433 - INFO -   • Silhouette vs School ROC AUC: R=-0.021 (WEAK negative)
2026-02-15 14:07:19,433 - INFO -   • Silhouette vs Project ROC AUC: R=-0.180 (WEAK negative)
2026-02-15 14:07:19,433 - INFO -   • Silhouette vs Avg. ROC AUC: R=-0.143 (WEAK negative)
2026-02-15 14:07:19,433 - INFO -   • Silhouette vs School F1 Score: R=-0.021 (WEAK negative)
2026-02-15 14:07:19,433 - INFO -   • Silhouette vs Project F1 Score: R=-0.110 (WEAK negative)
2026-02-15 14:07:19,433 - INFO -   • Silhouette vs Avg. F1 Score: R=-0.086 (WEAK negative)
2026-02-15 14:07:19,434 - INFO - Experiment completed!
