2026-02-15 14:27:46,522 - INFO - 
======================================================================
2026-02-15 14:27:46,522 - INFO - CLASS DISTRIBUTION DIAGNOSTICS
2026-02-15 14:27:46,522 - INFO - ======================================================================
2026-02-15 14:27:46,523 - INFO - 
school_participation_flag:
2026-02-15 14:27:46,523 - INFO -   Class 0 (negative): 309 samples (54.12%)
2026-02-15 14:27:46,523 - INFO -   Class 1 (positive): 262 samples (45.88%)
2026-02-15 14:27:46,523 - INFO - 
project_participation_flag:
2026-02-15 14:27:46,523 - INFO -   Class 0 (negative): 494 samples (86.51%)
2026-02-15 14:27:46,523 - INFO -   Class 1 (positive): 77 samples (13.49%)
2026-02-15 14:27:46,523 - INFO - ======================================================================

2026-02-15 14:27:46,524 - INFO - Initialized experiment: K=10, feature_mode='mean'
2026-02-15 14:27:46,524 - INFO - Starting experiment: gemma3-12B_cv_evo
2026-02-15 14:27:46,524 - INFO - Research focus: Correlation between unsupervised clustering (Silhouette) and supervised metrics
2026-02-15 14:27:46,524 - INFO - Round 1/100
2026-02-15 14:27:46,807 - INFO -   Silhouette: 0.2315 | School ROC: 0.6307 F1: 0.5665 | Project ROC: 0.5357 F1: 0.1913 ✓
2026-02-15 14:27:46,808 - INFO -     📊 Silhouette improvement → Avg ROC: 0.5832 | Avg F1: 0.3789 | F1/ROC ratio: 0.6496 (F1 < ROC (conservative predictions))
2026-02-15 14:27:46,809 - INFO - Results saved to /home/dev/work_main/random/assesment/k_means_selected/gemma3-12B_cv_evo_results.json
2026-02-15 14:27:46,809 - INFO - Round 2/100
2026-02-15 14:27:47,103 - INFO -   Silhouette: 0.2264 | School ROC: 0.6408 F1: 0.6374 | Project ROC: 0.5795 F1: 0.2680 ✓
2026-02-15 14:27:47,105 - INFO - Results saved to /home/dev/work_main/random/assesment/k_means_selected/gemma3-12B_cv_evo_results.json
2026-02-15 14:27:47,105 - INFO - Round 3/100
2026-02-15 14:27:47,485 - INFO -   Silhouette: 0.2023 | School ROC: 0.6441 F1: 0.6042 | Project ROC: 0.5642 F1: 0.2523 ✓
2026-02-15 14:27:47,486 - INFO - Results saved to /home/dev/work_main/random/assesment/k_means_selected/gemma3-12B_cv_evo_results.json
2026-02-15 14:27:47,487 - INFO - Round 4/100
2026-02-15 14:27:47,858 - INFO -   Silhouette: 0.2353 | School ROC: 0.6323 F1: 0.5783 | Project ROC: 0.5652 F1: 0.2626 ✓
2026-02-15 14:27:47,858 - INFO -     📊 Silhouette improvement → Avg ROC: 0.5988 | Avg F1: 0.4205 | F1/ROC ratio: 0.7022 (F1 < ROC (conservative predictions))
2026-02-15 14:27:47,860 - INFO - Results saved to /home/dev/work_main/random/assesment/k_means_selected/gemma3-12B_cv_evo_results.json
2026-02-15 14:27:47,860 - INFO - Round 5/100
2026-02-15 14:27:48,222 - INFO -   Silhouette: 0.1948 | School ROC: 0.6406 F1: 0.5952 | Project ROC: 0.5480 F1: 0.2087 
2026-02-15 14:27:48,222 - INFO - Round 6/100
2026-02-15 14:27:48,547 - INFO -   Silhouette: 0.1880 | School ROC: 0.6239 F1: 0.5680 | Project ROC: 0.5506 F1: 0.2041 
2026-02-15 14:27:48,547 - INFO - Round 7/100
2026-02-15 14:27:48,818 - INFO -   Silhouette: 0.2157 | School ROC: 0.6633 F1: 0.6448 | Project ROC: 0.5619 F1: 0.2286 ✓
2026-02-15 14:27:48,821 - INFO - Results saved to /home/dev/work_main/random/assesment/k_means_selected/gemma3-12B_cv_evo_results.json
2026-02-15 14:27:48,821 - INFO - Round 8/100
2026-02-15 14:27:49,175 - INFO -   Silhouette: 0.2091 | School ROC: 0.6213 F1: 0.5714 | Project ROC: 0.5031 F1: 0.1682 
2026-02-15 14:27:49,175 - INFO - Round 9/100
2026-02-15 14:27:49,498 - INFO -   Silhouette: 0.2319 | School ROC: 0.6122 F1: 0.5967 | Project ROC: 0.5191 F1: 0.2056 
2026-02-15 14:27:49,498 - INFO - Round 10/100
2026-02-15 14:27:49,822 - INFO -   Silhouette: 0.2783 | School ROC: 0.6367 F1: 0.6237 | Project ROC: 0.5152 F1: 0.2018 ✓
2026-02-15 14:27:49,822 - INFO -     📊 Silhouette improvement → Avg ROC: 0.5759 | Avg F1: 0.4127 | F1/ROC ratio: 0.7167 (F1 < ROC (conservative predictions))
2026-02-15 14:27:49,825 - INFO - Results saved to /home/dev/work_main/random/assesment/k_means_selected/gemma3-12B_cv_evo_results.json
2026-02-15 14:27:49,825 - INFO - Round 11/100
2026-02-15 14:27:50,195 - INFO -   Silhouette: 0.2512 | School ROC: 0.6330 F1: 0.5978 | Project ROC: 0.5409 F1: 0.2435 
2026-02-15 14:27:50,195 - INFO - Round 12/100
2026-02-15 14:27:50,477 - INFO -   Silhouette: 0.2460 | School ROC: 0.6021 F1: 0.5876 | Project ROC: 0.5306 F1: 0.1818 
2026-02-15 14:27:50,478 - INFO - Round 13/100
2026-02-15 14:27:50,909 - INFO -   Silhouette: 0.2358 | School ROC: 0.5688 F1: 0.5745 | Project ROC: 0.5419 F1: 0.2202 
2026-02-15 14:27:50,910 - INFO - Round 14/100
2026-02-15 14:27:51,231 - INFO -   Silhouette: 0.1881 | School ROC: 0.6286 F1: 0.6087 | Project ROC: 0.5607 F1: 0.2430 
2026-02-15 14:27:51,231 - INFO - Round 15/100
2026-02-15 14:27:51,588 - INFO -   Silhouette: 0.2089 | School ROC: 0.6776 F1: 0.6444 | Project ROC: 0.5810 F1: 0.2456 ✓
2026-02-15 14:27:51,593 - INFO - Results saved to /home/dev/work_main/random/assesment/k_means_selected/gemma3-12B_cv_evo_results.json
2026-02-15 14:27:51,593 - INFO - Round 16/100
2026-02-15 14:27:51,863 - INFO -   Silhouette: 0.2730 | School ROC: 0.6095 F1: 0.5824 | Project ROC: 0.5337 F1: 0.2321 
2026-02-15 14:27:51,863 - INFO - Round 17/100
2026-02-15 14:27:52,235 - INFO -   Silhouette: 0.2462 | School ROC: 0.6627 F1: 0.6180 | Project ROC: 0.5344 F1: 0.2393 
2026-02-15 14:27:52,235 - INFO - Round 18/100
2026-02-15 14:27:52,607 - INFO -   Silhouette: 0.2077 | School ROC: 0.6456 F1: 0.6092 | Project ROC: 0.5781 F1: 0.2202 
2026-02-15 14:27:52,607 - INFO - Round 19/100
2026-02-15 14:27:52,990 - INFO -   Silhouette: 0.2472 | School ROC: 0.6261 F1: 0.5955 | Project ROC: 0.5607 F1: 0.2393 
2026-02-15 14:27:52,991 - INFO - Round 20/100
2026-02-15 14:27:53,326 - INFO -   Silhouette: 0.2626 | School ROC: 0.6258 F1: 0.5778 | Project ROC: 0.5273 F1: 0.2075 
2026-02-15 14:27:53,326 - INFO - Round 21/100
2026-02-15 14:27:53,606 - INFO -   Silhouette: 0.2026 | School ROC: 0.6241 F1: 0.6196 | Project ROC: 0.4917 F1: 0.2000 
2026-02-15 14:27:53,607 - INFO - Round 22/100
2026-02-15 14:27:53,855 - INFO -   Silhouette: 0.2676 | School ROC: 0.6073 F1: 0.6032 | Project ROC: 0.4818 F1: 0.1852 
2026-02-15 14:27:53,856 - INFO - Round 23/100
2026-02-15 14:27:54,088 - INFO -   Silhouette: 0.2598 | School ROC: 0.6408 F1: 0.5682 | Project ROC: 0.5645 F1: 0.2182 
2026-02-15 14:27:54,088 - INFO - Round 24/100
2026-02-15 14:27:54,386 - INFO -   Silhouette: 0.2661 | School ROC: 0.6401 F1: 0.6105 | Project ROC: 0.5465 F1: 0.2202 
2026-02-15 14:27:54,387 - INFO - Round 25/100
2026-02-15 14:27:54,604 - INFO -   Silhouette: 0.2708 | School ROC: 0.6090 F1: 0.6092 | Project ROC: 0.5433 F1: 0.2222 
2026-02-15 14:27:54,605 - INFO - Round 26/100
2026-02-15 14:27:54,877 - INFO -   Silhouette: 0.2352 | School ROC: 0.5849 F1: 0.5424 | Project ROC: 0.5029 F1: 0.2083 
2026-02-15 14:27:54,878 - INFO - Round 27/100
2026-02-15 14:27:55,114 - INFO -   Silhouette: 0.2301 | School ROC: 0.6405 F1: 0.6180 | Project ROC: 0.4974 F1: 0.1961 
2026-02-15 14:27:55,115 - INFO - Round 28/100
2026-02-15 14:27:55,427 - INFO -   Silhouette: 0.2251 | School ROC: 0.5826 F1: 0.5946 | Project ROC: 0.5121 F1: 0.2095 
2026-02-15 14:27:55,427 - INFO - Round 29/100
2026-02-15 14:27:55,653 - INFO -   Silhouette: 0.2137 | School ROC: 0.6592 F1: 0.6593 | Project ROC: 0.5020 F1: 0.1869 ✓
2026-02-15 14:27:55,660 - INFO - Results saved to /home/dev/work_main/random/assesment/k_means_selected/gemma3-12B_cv_evo_results.json
2026-02-15 14:27:55,660 - INFO - Round 30/100
2026-02-15 14:27:55,939 - INFO -   Silhouette: 0.2789 | School ROC: 0.6015 F1: 0.5778 | Project ROC: 0.4628 F1: 0.1698 ✓
2026-02-15 14:27:55,939 - INFO -     📊 Silhouette improvement → Avg ROC: 0.5322 | Avg F1: 0.3738 | F1/ROC ratio: 0.7024 (F1 < ROC (conservative predictions))
2026-02-15 14:27:55,949 - INFO - Results saved to /home/dev/work_main/random/assesment/k_means_selected/gemma3-12B_cv_evo_results.json
2026-02-15 14:27:55,949 - INFO - Round 31/100
2026-02-15 14:27:56,290 - INFO -   Silhouette: 0.2074 | School ROC: 0.6179 F1: 0.5889 | Project ROC: 0.5347 F1: 0.2243 
2026-02-15 14:27:56,290 - INFO - Round 32/100
2026-02-15 14:27:56,636 - INFO -   Silhouette: 0.2038 | School ROC: 0.6136 F1: 0.5862 | Project ROC: 0.5537 F1: 0.2500 
2026-02-15 14:27:56,636 - INFO - Round 33/100
2026-02-15 14:27:57,152 - INFO -   Silhouette: 0.1889 | School ROC: 0.6040 F1: 0.6000 | Project ROC: 0.5481 F1: 0.2342 
2026-02-15 14:27:57,152 - INFO - Round 34/100
2026-02-15 14:27:57,598 - INFO -   Silhouette: 0.2273 | School ROC: 0.6213 F1: 0.5843 | Project ROC: 0.5925 F1: 0.2376 ✓
2026-02-15 14:27:57,606 - INFO - Results saved to /home/dev/work_main/random/assesment/k_means_selected/gemma3-12B_cv_evo_results.json
2026-02-15 14:27:57,606 - INFO - Round 35/100
2026-02-15 14:27:57,969 - INFO -   Silhouette: 0.1630 | School ROC: 0.5998 F1: 0.5595 | Project ROC: 0.5350 F1: 0.2268 
2026-02-15 14:27:57,969 - INFO - Round 36/100
2026-02-15 14:27:58,235 - INFO -   Silhouette: 0.2319 | School ROC: 0.5895 F1: 0.5902 | Project ROC: 0.5554 F1: 0.2200 
2026-02-15 14:27:58,236 - INFO - Round 37/100
2026-02-15 14:27:58,479 - INFO -   Silhouette: 0.1999 | School ROC: 0.6454 F1: 0.6304 | Project ROC: 0.5881 F1: 0.2456 
2026-02-15 14:27:58,479 - INFO - Round 38/100
2026-02-15 14:27:58,752 - INFO -   Silhouette: 0.2314 | School ROC: 0.6092 F1: 0.5889 | Project ROC: 0.5454 F1: 0.2321 
2026-02-15 14:27:58,752 - INFO - Round 39/100
2026-02-15 14:27:58,996 - INFO -   Silhouette: 0.2159 | School ROC: 0.6254 F1: 0.6145 | Project ROC: 0.5333 F1: 0.2200 
2026-02-15 14:27:58,996 - INFO - Round 40/100
2026-02-15 14:27:59,247 - INFO -   Silhouette: 0.2601 | School ROC: 0.5672 F1: 0.5730 | Project ROC: 0.5061 F1: 0.1569 
2026-02-15 14:27:59,248 - INFO - Round 41/100
2026-02-15 14:27:59,614 - INFO -   Silhouette: 0.2639 | School ROC: 0.6267 F1: 0.6243 | Project ROC: 0.5255 F1: 0.1982 
2026-02-15 14:27:59,614 - INFO - Round 42/100
2026-02-15 14:27:59,854 - INFO -   Silhouette: 0.2500 | School ROC: 0.6032 F1: 0.5730 | Project ROC: 0.5610 F1: 0.2243 
2026-02-15 14:27:59,855 - INFO - Round 43/100
2026-02-15 14:28:00,112 - INFO -   Silhouette: 0.2581 | School ROC: 0.6600 F1: 0.6092 | Project ROC: 0.5490 F1: 0.2586 
2026-02-15 14:28:00,113 - INFO - Round 44/100
2026-02-15 14:28:00,401 - INFO -   Silhouette: 0.2121 | School ROC: 0.6254 F1: 0.5635 | Project ROC: 0.5214 F1: 0.2115 
2026-02-15 14:28:00,401 - INFO - Round 45/100
2026-02-15 14:28:00,715 - INFO -   Silhouette: 0.1922 | School ROC: 0.6069 F1: 0.5967 | Project ROC: 0.5528 F1: 0.2157 
2026-02-15 14:28:00,715 - INFO - Round 46/100
2026-02-15 14:28:01,038 - INFO -   Silhouette: 0.2066 | School ROC: 0.5708 F1: 0.5926 | Project ROC: 0.5305 F1: 0.1935 
2026-02-15 14:28:01,038 - INFO - Round 47/100
2026-02-15 14:28:01,326 - INFO -   Silhouette: 0.2542 | School ROC: 0.6676 F1: 0.6111 | Project ROC: 0.5718 F1: 0.2162 
2026-02-15 14:28:01,326 - INFO - Round 48/100
2026-02-15 14:28:01,604 - INFO -   Silhouette: 0.2629 | School ROC: 0.5959 F1: 0.5909 | Project ROC: 0.6094 F1: 0.2574 ✓
2026-02-15 14:28:01,616 - INFO - Results saved to /home/dev/work_main/random/assesment/k_means_selected/gemma3-12B_cv_evo_results.json
2026-02-15 14:28:01,616 - INFO - Round 49/100
2026-02-15 14:28:01,875 - INFO -   Silhouette: 0.2204 | School ROC: 0.6349 F1: 0.5848 | Project ROC: 0.5559 F1: 0.2157 
2026-02-15 14:28:01,875 - INFO - Round 50/100
2026-02-15 14:28:02,140 - INFO -   Silhouette: 0.2538 | School ROC: 0.6217 F1: 0.5652 | Project ROC: 0.5477 F1: 0.2124 
2026-02-15 14:28:02,140 - INFO - Round 51/100
2026-02-15 14:28:02,421 - INFO -   Silhouette: 0.2696 | School ROC: 0.5444 F1: 0.5318 | Project ROC: 0.4648 F1: 0.1905 
2026-02-15 14:28:02,422 - INFO - Round 52/100
2026-02-15 14:28:02,679 - INFO -   Silhouette: 0.2287 | School ROC: 0.6610 F1: 0.6171 | Project ROC: 0.5719 F1: 0.2342 
2026-02-15 14:28:02,680 - INFO - Round 53/100
2026-02-15 14:28:02,974 - INFO -   Silhouette: 0.2522 | School ROC: 0.6356 F1: 0.6224 | Project ROC: 0.5338 F1: 0.2203 
2026-02-15 14:28:02,975 - INFO - Round 54/100
2026-02-15 14:28:03,222 - INFO -   Silhouette: 0.2736 | School ROC: 0.6415 F1: 0.5909 | Project ROC: 0.5953 F1: 0.2500 
2026-02-15 14:28:03,222 - INFO - Round 55/100
2026-02-15 14:28:03,472 - INFO -   Silhouette: 0.2551 | School ROC: 0.6197 F1: 0.5922 | Project ROC: 0.5388 F1: 0.2542 
2026-02-15 14:28:03,472 - INFO - Round 56/100
2026-02-15 14:28:03,764 - INFO -   Silhouette: 0.2324 | School ROC: 0.6215 F1: 0.6237 | Project ROC: 0.5333 F1: 0.1869 
2026-02-15 14:28:03,764 - INFO - Round 57/100
2026-02-15 14:28:04,013 - INFO -   Silhouette: 0.2228 | School ROC: 0.6110 F1: 0.5667 | Project ROC: 0.5064 F1: 0.1980 
2026-02-15 14:28:04,013 - INFO - Round 58/100
2026-02-15 14:28:04,268 - INFO -   Silhouette: 0.2461 | School ROC: 0.5768 F1: 0.5902 | Project ROC: 0.5274 F1: 0.2083 
2026-02-15 14:28:04,269 - INFO - Round 59/100
2026-02-15 14:28:04,528 - INFO -   Silhouette: 0.2672 | School ROC: 0.5531 F1: 0.5287 | Project ROC: 0.4994 F1: 0.1923 
2026-02-15 14:28:04,528 - INFO - Round 60/100
2026-02-15 14:28:04,851 - INFO -   Silhouette: 0.2160 | School ROC: 0.6064 F1: 0.5889 | Project ROC: 0.5053 F1: 0.2264 
2026-02-15 14:28:04,851 - INFO - Round 61/100
2026-02-15 14:28:05,144 - INFO -   Silhouette: 0.2211 | School ROC: 0.6192 F1: 0.5882 | Project ROC: 0.5324 F1: 0.2453 
2026-02-15 14:28:05,145 - INFO - Round 62/100
2026-02-15 14:28:05,464 - INFO -   Silhouette: 0.1612 | School ROC: 0.6860 F1: 0.6413 | Project ROC: 0.5258 F1: 0.2308 ✓
2026-02-15 14:28:05,485 - INFO - Results saved to /home/dev/work_main/random/assesment/k_means_selected/gemma3-12B_cv_evo_results.json
2026-02-15 14:28:05,485 - INFO - Round 63/100
2026-02-15 14:28:05,779 - INFO -   Silhouette: 0.3103 | School ROC: 0.5976 F1: 0.5746 | Project ROC: 0.5661 F1: 0.2745 ✓
2026-02-15 14:28:05,779 - INFO -     📊 Silhouette improvement → Avg ROC: 0.5818 | Avg F1: 0.4245 | F1/ROC ratio: 0.7297 (F1 < ROC (conservative predictions))
2026-02-15 14:28:05,800 - INFO - Results saved to /home/dev/work_main/random/assesment/k_means_selected/gemma3-12B_cv_evo_results.json
2026-02-15 14:28:05,801 - INFO - Round 64/100
2026-02-15 14:28:06,033 - INFO -   Silhouette: 0.1746 | School ROC: 0.6234 F1: 0.5967 | Project ROC: 0.5810 F1: 0.2143 
2026-02-15 14:28:06,034 - INFO - Round 65/100
2026-02-15 14:28:06,311 - INFO -   Silhouette: 0.2434 | School ROC: 0.5830 F1: 0.5778 | Project ROC: 0.5677 F1: 0.2524 
2026-02-15 14:28:06,312 - INFO - Round 66/100
2026-02-15 14:28:06,597 - INFO -   Silhouette: 0.2270 | School ROC: 0.6467 F1: 0.6170 | Project ROC: 0.5353 F1: 0.2056 
2026-02-15 14:28:06,598 - INFO - Round 67/100
2026-02-15 14:28:06,851 - INFO -   Silhouette: 0.2865 | School ROC: 0.6378 F1: 0.6044 | Project ROC: 0.5344 F1: 0.2301 
2026-02-15 14:28:06,851 - INFO - Round 68/100
2026-02-15 14:28:07,088 - INFO -   Silhouette: 0.2368 | School ROC: 0.5975 F1: 0.5424 | Project ROC: 0.4825 F1: 0.1942 
2026-02-15 14:28:07,088 - INFO - Round 69/100
2026-02-15 14:28:07,425 - INFO -   Silhouette: 0.2630 | School ROC: 0.6335 F1: 0.6145 | Project ROC: 0.5544 F1: 0.1923 
2026-02-15 14:28:07,425 - INFO - Round 70/100
2026-02-15 14:28:07,633 - INFO -   Silhouette: 0.2222 | School ROC: 0.5964 F1: 0.5838 | Project ROC: 0.5045 F1: 0.1835 
2026-02-15 14:28:07,633 - INFO - Round 71/100
2026-02-15 14:28:07,881 - INFO -   Silhouette: 0.1885 | School ROC: 0.6171 F1: 0.5595 | Project ROC: 0.6033 F1: 0.2637 
2026-02-15 14:28:07,882 - INFO - Round 72/100
2026-02-15 14:28:08,241 - INFO -   Silhouette: 0.2275 | School ROC: 0.6578 F1: 0.6146 | Project ROC: 0.5712 F1: 0.2308 
2026-02-15 14:28:08,241 - INFO - Round 73/100
2026-02-15 14:28:08,572 - INFO -   Silhouette: 0.2801 | School ROC: 0.6569 F1: 0.5824 | Project ROC: 0.4946 F1: 0.2182 
2026-02-15 14:28:08,572 - INFO - Round 74/100
2026-02-15 14:28:08,826 - INFO -   Silhouette: 0.2338 | School ROC: 0.5847 F1: 0.5698 | Project ROC: 0.4851 F1: 0.1600 
2026-02-15 14:28:08,826 - INFO - Round 75/100
2026-02-15 14:28:09,064 - INFO -   Silhouette: 0.2345 | School ROC: 0.6040 F1: 0.5938 | Project ROC: 0.5392 F1: 0.2105 
2026-02-15 14:28:09,064 - INFO - Round 76/100
2026-02-15 14:28:09,288 - INFO -   Silhouette: 0.2049 | School ROC: 0.6619 F1: 0.6196 | Project ROC: 0.5716 F1: 0.2435 
2026-02-15 14:28:09,288 - INFO - Round 77/100
2026-02-15 14:28:09,615 - INFO -   Silhouette: 0.2897 | School ROC: 0.5870 F1: 0.5667 | Project ROC: 0.5105 F1: 0.1782 
2026-02-15 14:28:09,615 - INFO - Round 78/100
2026-02-15 14:28:09,842 - INFO -   Silhouette: 0.2484 | School ROC: 0.6297 F1: 0.6154 | Project ROC: 0.5552 F1: 0.2095 
2026-02-15 14:28:09,842 - INFO - Round 79/100
2026-02-15 14:28:10,094 - INFO -   Silhouette: 0.2283 | School ROC: 0.6023 F1: 0.5902 | Project ROC: 0.5200 F1: 0.2000 
2026-02-15 14:28:10,094 - INFO - Round 80/100
2026-02-15 14:28:10,464 - INFO -   Silhouette: 0.2618 | School ROC: 0.6307 F1: 0.6448 | Project ROC: 0.5684 F1: 0.2243 
2026-02-15 14:28:10,464 - INFO - Round 81/100
2026-02-15 14:28:10,746 - INFO -   Silhouette: 0.1991 | School ROC: 0.6356 F1: 0.6118 | Project ROC: 0.5641 F1: 0.2476 
2026-02-15 14:28:10,746 - INFO - Round 82/100
2026-02-15 14:28:11,101 - INFO -   Silhouette: 0.2192 | School ROC: 0.6566 F1: 0.6127 | Project ROC: 0.5559 F1: 0.2407 
2026-02-15 14:28:11,101 - INFO - Round 83/100
2026-02-15 14:28:11,380 - INFO -   Silhouette: 0.2316 | School ROC: 0.5936 F1: 0.6011 | Project ROC: 0.5277 F1: 0.1782 
2026-02-15 14:28:11,380 - INFO - Round 84/100
2026-02-15 14:28:11,700 - INFO -   Silhouette: 0.2274 | School ROC: 0.6952 F1: 0.6630 | Project ROC: 0.5546 F1: 0.2105 ✓
2026-02-15 14:28:11,728 - INFO - Results saved to /home/dev/work_main/random/assesment/k_means_selected/gemma3-12B_cv_evo_results.json
2026-02-15 14:28:11,729 - INFO - Round 85/100
2026-02-15 14:28:11,969 - INFO -   Silhouette: 0.3270 | School ROC: 0.6439 F1: 0.6413 | Project ROC: 0.5535 F1: 0.2095 ✓
2026-02-15 14:28:11,969 - INFO -     📊 Silhouette improvement → Avg ROC: 0.5987 | Avg F1: 0.4254 | F1/ROC ratio: 0.7105 (F1 < ROC (conservative predictions))
2026-02-15 14:28:11,987 - INFO - Results saved to /home/dev/work_main/random/assesment/k_means_selected/gemma3-12B_cv_evo_results.json
2026-02-15 14:28:11,987 - INFO - Round 86/100
2026-02-15 14:28:12,241 - INFO -   Silhouette: 0.2576 | School ROC: 0.6335 F1: 0.5978 | Project ROC: 0.5133 F1: 0.2264 
2026-02-15 14:28:12,241 - INFO - Round 87/100
2026-02-15 14:28:12,492 - INFO -   Silhouette: 0.2293 | School ROC: 0.6158 F1: 0.6129 | Project ROC: 0.5165 F1: 0.2202 
2026-02-15 14:28:12,492 - INFO - Round 88/100
2026-02-15 14:28:12,849 - INFO -   Silhouette: 0.2263 | School ROC: 0.6197 F1: 0.5763 | Project ROC: 0.5276 F1: 0.1887 
2026-02-15 14:28:12,849 - INFO - Round 89/100
2026-02-15 14:28:13,242 - INFO -   Silhouette: 0.2172 | School ROC: 0.6485 F1: 0.6524 | Project ROC: 0.5731 F1: 0.2609 ✓
2026-02-15 14:28:13,260 - INFO - Results saved to /home/dev/work_main/random/assesment/k_means_selected/gemma3-12B_cv_evo_results.json
2026-02-15 14:28:13,260 - INFO - Round 90/100
2026-02-15 14:28:13,570 - INFO -   Silhouette: 0.2026 | School ROC: 0.6028 F1: 0.5402 | Project ROC: 0.5715 F1: 0.2264 
2026-02-15 14:28:13,570 - INFO - Round 91/100
2026-02-15 14:28:13,841 - INFO -   Silhouette: 0.2046 | School ROC: 0.6498 F1: 0.6022 | Project ROC: 0.5692 F1: 0.2342 
2026-02-15 14:28:13,841 - INFO - Round 92/100
2026-02-15 14:28:14,199 - INFO -   Silhouette: 0.1760 | School ROC: 0.5712 F1: 0.5792 | Project ROC: 0.4837 F1: 0.1731 
2026-02-15 14:28:14,199 - INFO - Round 93/100
2026-02-15 14:28:14,429 - INFO -   Silhouette: 0.2965 | School ROC: 0.6552 F1: 0.6032 | Project ROC: 0.5279 F1: 0.1930 
2026-02-15 14:28:14,429 - INFO - Round 94/100
2026-02-15 14:28:14,694 - INFO -   Silhouette: 0.2294 | School ROC: 0.6353 F1: 0.5714 | Project ROC: 0.5104 F1: 0.1835 
2026-02-15 14:28:14,694 - INFO - Round 95/100
2026-02-15 14:28:14,994 - INFO -   Silhouette: 0.1936 | School ROC: 0.6397 F1: 0.5876 | Project ROC: 0.5124 F1: 0.2200 
2026-02-15 14:28:14,994 - INFO - Round 96/100
2026-02-15 14:28:15,279 - INFO -   Silhouette: 0.2176 | School ROC: 0.6145 F1: 0.5814 | Project ROC: 0.5197 F1: 0.2136 
2026-02-15 14:28:15,279 - INFO - Round 97/100
2026-02-15 14:28:15,541 - INFO -   Silhouette: 0.1956 | School ROC: 0.6392 F1: 0.5829 | Project ROC: 0.5088 F1: 0.2200 
2026-02-15 14:28:15,541 - INFO - Round 98/100
2026-02-15 14:28:15,795 - INFO -   Silhouette: 0.2385 | School ROC: 0.6184 F1: 0.6044 | Project ROC: 0.5204 F1: 0.1964 
2026-02-15 14:28:15,796 - INFO - Round 99/100
2026-02-15 14:28:16,124 - INFO -   Silhouette: 0.2216 | School ROC: 0.6383 F1: 0.5943 | Project ROC: 0.5414 F1: 0.2385 
2026-02-15 14:28:16,124 - INFO - Round 100/100
2026-02-15 14:28:16,388 - INFO -   Silhouette: 0.2006 | School ROC: 0.6568 F1: 0.6054 | Project ROC: 0.5673 F1: 0.2500 
2026-02-15 14:28:16,411 - INFO - Results saved to /home/dev/work_main/random/assesment/k_means_selected/gemma3-12B_cv_evo_results.json
2026-02-15 14:28:18,877 - INFO - Convergence plots saved to /home/dev/work_main/random/assesment/k_means_selected/gemma3-12B_cv_evo_convergence_plots.png
2026-02-15 14:28:21,475 - INFO - Focused correlation analysis saved to /home/dev/work_main/random/assesment/k_means_selected/gemma3-12B_cv_evo_silhouette_correlation.png
2026-02-15 14:28:21,475 - INFO - Correlation values saved to /home/dev/work_main/random/assesment/k_means_selected/gemma3-12B_cv_evo_silhouette_correlations.json
2026-02-15 14:28:21,475 - INFO - Silhouette Correlation Summary:
2026-02-15 14:28:21,475 - INFO -   • Silhouette vs School ROC AUC: R=-0.121 (WEAK negative)
2026-02-15 14:28:21,475 - INFO -   • Silhouette vs Project ROC AUC: R=-0.139 (WEAK negative)
2026-02-15 14:28:21,475 - INFO -   • Silhouette vs Avg. ROC AUC: R=-0.156 (WEAK negative)
2026-02-15 14:28:21,475 - INFO -   • Silhouette vs School F1 Score: R=-0.044 (WEAK negative)
2026-02-15 14:28:21,475 - INFO -   • Silhouette vs Project F1 Score: R=-0.125 (WEAK negative)
2026-02-15 14:28:21,475 - INFO -   • Silhouette vs Avg. F1 Score: R=-0.107 (WEAK negative)
2026-02-15 14:28:21,476 - INFO - Experiment completed!
2026-02-15 14:29:26,398 - INFO - 
======================================================================
2026-02-15 14:29:26,398 - INFO - CLASS DISTRIBUTION DIAGNOSTICS
2026-02-15 14:29:26,398 - INFO - ======================================================================
2026-02-15 14:29:26,399 - INFO - 
school_participation_flag:
2026-02-15 14:29:26,399 - INFO -   Class 0 (negative): 309 samples (54.12%)
2026-02-15 14:29:26,399 - INFO -   Class 1 (positive): 262 samples (45.88%)
2026-02-15 14:29:26,400 - INFO - 
project_participation_flag:
2026-02-15 14:29:26,400 - INFO -   Class 0 (negative): 494 samples (86.51%)
2026-02-15 14:29:26,400 - INFO -   Class 1 (positive): 77 samples (13.49%)
2026-02-15 14:29:26,400 - INFO - ======================================================================

2026-02-15 14:29:26,400 - INFO - Initialized experiment: K=10, feature_mode='mean'
2026-02-15 14:29:26,400 - INFO - Starting experiment: gemma3-12B_cv_evo
2026-02-15 14:29:26,400 - INFO - Research focus: Correlation between unsupervised clustering (Silhouette) and supervised metrics
2026-02-15 14:29:26,401 - INFO - Round 1/1000
2026-02-15 14:29:26,593 - INFO -   Silhouette: 0.2315 | School ROC: 0.6307 F1: 0.5665 | Project ROC: 0.5357 F1: 0.1913 ✓
2026-02-15 14:29:26,594 - INFO -     📊 Silhouette improvement → Avg ROC: 0.5832 | Avg F1: 0.3789 | F1/ROC ratio: 0.6496 (F1 < ROC (conservative predictions))
2026-02-15 14:29:26,595 - INFO - Results saved to /home/dev/work_main/random/assesment/k_means_selected/gemma3-12B_cv_evo_results.json
2026-02-15 14:29:26,595 - INFO - Round 2/1000
2026-02-15 14:29:26,939 - INFO -   Silhouette: 0.2264 | School ROC: 0.6408 F1: 0.6374 | Project ROC: 0.5795 F1: 0.2680 ✓
2026-02-15 14:29:26,941 - INFO - Results saved to /home/dev/work_main/random/assesment/k_means_selected/gemma3-12B_cv_evo_results.json
2026-02-15 14:29:26,942 - INFO - Round 3/1000
2026-02-15 14:29:27,288 - INFO -   Silhouette: 0.2023 | School ROC: 0.6441 F1: 0.6042 | Project ROC: 0.5642 F1: 0.2523 ✓
2026-02-15 14:29:27,291 - INFO - Results saved to /home/dev/work_main/random/assesment/k_means_selected/gemma3-12B_cv_evo_results.json
2026-02-15 14:29:27,291 - INFO - Round 4/1000
2026-02-15 14:29:27,644 - INFO -   Silhouette: 0.2353 | School ROC: 0.6323 F1: 0.5783 | Project ROC: 0.5652 F1: 0.2626 ✓
2026-02-15 14:29:27,644 - INFO -     📊 Silhouette improvement → Avg ROC: 0.5988 | Avg F1: 0.4205 | F1/ROC ratio: 0.7022 (F1 < ROC (conservative predictions))
2026-02-15 14:29:27,646 - INFO - Results saved to /home/dev/work_main/random/assesment/k_means_selected/gemma3-12B_cv_evo_results.json
2026-02-15 14:29:27,646 - INFO - Round 5/1000
2026-02-15 14:29:27,910 - INFO -   Silhouette: 0.1948 | School ROC: 0.6406 F1: 0.5952 | Project ROC: 0.5480 F1: 0.2087 
2026-02-15 14:29:27,910 - INFO - Round 6/1000
2026-02-15 14:29:28,293 - INFO -   Silhouette: 0.1880 | School ROC: 0.6239 F1: 0.5680 | Project ROC: 0.5506 F1: 0.2041 
2026-02-15 14:29:28,293 - INFO - Round 7/1000
2026-02-15 14:29:28,568 - INFO -   Silhouette: 0.2157 | School ROC: 0.6633 F1: 0.6448 | Project ROC: 0.5619 F1: 0.2286 ✓
2026-02-15 14:29:28,570 - INFO - Results saved to /home/dev/work_main/random/assesment/k_means_selected/gemma3-12B_cv_evo_results.json
2026-02-15 14:29:28,570 - INFO - Round 8/1000
2026-02-15 14:29:28,908 - INFO -   Silhouette: 0.2091 | School ROC: 0.6213 F1: 0.5714 | Project ROC: 0.5031 F1: 0.1682 
2026-02-15 14:29:28,908 - INFO - Round 9/1000
2026-02-15 14:29:29,320 - INFO -   Silhouette: 0.2319 | School ROC: 0.6122 F1: 0.5967 | Project ROC: 0.5191 F1: 0.2056 
2026-02-15 14:29:29,320 - INFO - Round 10/1000
2026-02-15 14:29:29,702 - INFO -   Silhouette: 0.2783 | School ROC: 0.6367 F1: 0.6237 | Project ROC: 0.5152 F1: 0.2018 ✓
2026-02-15 14:29:29,702 - INFO -     📊 Silhouette improvement → Avg ROC: 0.5759 | Avg F1: 0.4127 | F1/ROC ratio: 0.7167 (F1 < ROC (conservative predictions))
2026-02-15 14:29:29,705 - INFO - Results saved to /home/dev/work_main/random/assesment/k_means_selected/gemma3-12B_cv_evo_results.json
2026-02-15 14:29:29,705 - INFO - Round 11/1000
2026-02-15 14:29:30,061 - INFO -   Silhouette: 0.2512 | School ROC: 0.6330 F1: 0.5978 | Project ROC: 0.5409 F1: 0.2435 
2026-02-15 14:29:30,062 - INFO - Round 12/1000
2026-02-15 14:29:30,423 - INFO -   Silhouette: 0.2460 | School ROC: 0.6021 F1: 0.5876 | Project ROC: 0.5306 F1: 0.1818 
2026-02-15 14:29:30,423 - INFO - Round 13/1000
2026-02-15 14:29:30,821 - INFO -   Silhouette: 0.2358 | School ROC: 0.5688 F1: 0.5745 | Project ROC: 0.5419 F1: 0.2202 
2026-02-15 14:29:30,830 - INFO - Round 14/1000
2026-02-15 14:29:31,176 - INFO -   Silhouette: 0.1881 | School ROC: 0.6286 F1: 0.6087 | Project ROC: 0.5607 F1: 0.2430 
2026-02-15 14:29:31,176 - INFO - Round 15/1000
2026-02-15 14:29:31,522 - INFO -   Silhouette: 0.2089 | School ROC: 0.6776 F1: 0.6444 | Project ROC: 0.5810 F1: 0.2456 ✓
2026-02-15 14:29:31,526 - INFO - Results saved to /home/dev/work_main/random/assesment/k_means_selected/gemma3-12B_cv_evo_results.json
2026-02-15 14:29:31,526 - INFO - Round 16/1000
2026-02-15 14:29:31,821 - INFO -   Silhouette: 0.2730 | School ROC: 0.6095 F1: 0.5824 | Project ROC: 0.5337 F1: 0.2321 
2026-02-15 14:29:31,821 - INFO - Round 17/1000
2026-02-15 14:29:32,183 - INFO -   Silhouette: 0.2462 | School ROC: 0.6627 F1: 0.6180 | Project ROC: 0.5344 F1: 0.2393 
2026-02-15 14:29:32,183 - INFO - Round 18/1000
2026-02-15 14:29:32,426 - INFO -   Silhouette: 0.2077 | School ROC: 0.6456 F1: 0.6092 | Project ROC: 0.5781 F1: 0.2202 
2026-02-15 14:29:32,427 - INFO - Round 19/1000
2026-02-15 14:29:32,767 - INFO -   Silhouette: 0.2472 | School ROC: 0.6261 F1: 0.5955 | Project ROC: 0.5607 F1: 0.2393 
2026-02-15 14:29:32,767 - INFO - Round 20/1000
2026-02-15 14:29:33,025 - INFO -   Silhouette: 0.2626 | School ROC: 0.6258 F1: 0.5778 | Project ROC: 0.5273 F1: 0.2075 
2026-02-15 14:29:33,025 - INFO - Round 21/1000
2026-02-15 14:29:33,381 - INFO -   Silhouette: 0.2026 | School ROC: 0.6241 F1: 0.6196 | Project ROC: 0.4917 F1: 0.2000 
2026-02-15 14:29:33,381 - INFO - Round 22/1000
2026-02-15 14:29:33,637 - INFO -   Silhouette: 0.2676 | School ROC: 0.6073 F1: 0.6032 | Project ROC: 0.4818 F1: 0.1852 
2026-02-15 14:29:33,637 - INFO - Round 23/1000
2026-02-15 14:29:33,963 - INFO -   Silhouette: 0.2598 | School ROC: 0.6408 F1: 0.5682 | Project ROC: 0.5645 F1: 0.2182 
2026-02-15 14:29:33,963 - INFO - Round 24/1000
2026-02-15 14:29:34,205 - INFO -   Silhouette: 0.2661 | School ROC: 0.6401 F1: 0.6105 | Project ROC: 0.5465 F1: 0.2202 
2026-02-15 14:29:34,205 - INFO - Round 25/1000
2026-02-15 14:29:34,517 - INFO -   Silhouette: 0.2708 | School ROC: 0.6090 F1: 0.6092 | Project ROC: 0.5433 F1: 0.2222 
2026-02-15 14:29:34,518 - INFO - Round 26/1000
2026-02-15 14:29:34,849 - INFO -   Silhouette: 0.2352 | School ROC: 0.5849 F1: 0.5424 | Project ROC: 0.5029 F1: 0.2083 
2026-02-15 14:29:34,850 - INFO - Round 27/1000
2026-02-15 14:29:35,154 - INFO -   Silhouette: 0.2301 | School ROC: 0.6405 F1: 0.6180 | Project ROC: 0.4974 F1: 0.1961 
2026-02-15 14:29:35,155 - INFO - Round 28/1000
2026-02-15 14:29:35,494 - INFO -   Silhouette: 0.2251 | School ROC: 0.5826 F1: 0.5946 | Project ROC: 0.5121 F1: 0.2095 
2026-02-15 14:29:35,494 - INFO - Round 29/1000
2026-02-15 14:29:35,733 - INFO -   Silhouette: 0.2137 | School ROC: 0.6592 F1: 0.6593 | Project ROC: 0.5020 F1: 0.1869 ✓
2026-02-15 14:29:35,744 - INFO - Results saved to /home/dev/work_main/random/assesment/k_means_selected/gemma3-12B_cv_evo_results.json
2026-02-15 14:29:35,745 - INFO - Round 30/1000
2026-02-15 14:29:35,973 - INFO -   Silhouette: 0.2789 | School ROC: 0.6015 F1: 0.5778 | Project ROC: 0.4628 F1: 0.1698 ✓
2026-02-15 14:29:35,974 - INFO -     📊 Silhouette improvement → Avg ROC: 0.5322 | Avg F1: 0.3738 | F1/ROC ratio: 0.7024 (F1 < ROC (conservative predictions))
2026-02-15 14:29:35,980 - INFO - Results saved to /home/dev/work_main/random/assesment/k_means_selected/gemma3-12B_cv_evo_results.json
2026-02-15 14:29:35,980 - INFO - Round 31/1000
2026-02-15 14:29:36,288 - INFO -   Silhouette: 0.2074 | School ROC: 0.6179 F1: 0.5889 | Project ROC: 0.5347 F1: 0.2243 
2026-02-15 14:29:36,288 - INFO - Round 32/1000
2026-02-15 14:29:36,529 - INFO -   Silhouette: 0.2038 | School ROC: 0.6136 F1: 0.5862 | Project ROC: 0.5537 F1: 0.2500 
2026-02-15 14:29:36,529 - INFO - Round 33/1000
2026-02-15 14:29:36,771 - INFO -   Silhouette: 0.1889 | School ROC: 0.6040 F1: 0.6000 | Project ROC: 0.5481 F1: 0.2342 
2026-02-15 14:29:36,772 - INFO - Round 34/1000
2026-02-15 14:29:37,021 - INFO -   Silhouette: 0.2273 | School ROC: 0.6213 F1: 0.5843 | Project ROC: 0.5925 F1: 0.2376 ✓
2026-02-15 14:29:37,032 - INFO - Results saved to /home/dev/work_main/random/assesment/k_means_selected/gemma3-12B_cv_evo_results.json
2026-02-15 14:29:37,032 - INFO - Round 35/1000
2026-02-15 14:29:37,289 - INFO -   Silhouette: 0.1630 | School ROC: 0.5998 F1: 0.5595 | Project ROC: 0.5350 F1: 0.2268 
2026-02-15 14:29:37,289 - INFO - Round 36/1000
2026-02-15 14:29:37,570 - INFO -   Silhouette: 0.2319 | School ROC: 0.5895 F1: 0.5902 | Project ROC: 0.5554 F1: 0.2200 
2026-02-15 14:29:37,571 - INFO - Round 37/1000
2026-02-15 14:29:37,861 - INFO -   Silhouette: 0.1999 | School ROC: 0.6454 F1: 0.6304 | Project ROC: 0.5881 F1: 0.2456 
2026-02-15 14:29:37,862 - INFO - Round 38/1000
2026-02-15 14:29:38,195 - INFO -   Silhouette: 0.2314 | School ROC: 0.6092 F1: 0.5889 | Project ROC: 0.5454 F1: 0.2321 
2026-02-15 14:29:38,195 - INFO - Round 39/1000
2026-02-15 14:29:38,462 - INFO -   Silhouette: 0.2159 | School ROC: 0.6254 F1: 0.6145 | Project ROC: 0.5333 F1: 0.2200 
2026-02-15 14:29:38,462 - INFO - Round 40/1000
2026-02-15 14:29:38,782 - INFO -   Silhouette: 0.2601 | School ROC: 0.5672 F1: 0.5730 | Project ROC: 0.5061 F1: 0.1569 
2026-02-15 14:29:38,782 - INFO - Round 41/1000
2026-02-15 14:29:39,067 - INFO -   Silhouette: 0.2639 | School ROC: 0.6267 F1: 0.6243 | Project ROC: 0.5255 F1: 0.1982 
2026-02-15 14:29:39,067 - INFO - Round 42/1000
2026-02-15 14:29:39,328 - INFO -   Silhouette: 0.2500 | School ROC: 0.6032 F1: 0.5730 | Project ROC: 0.5610 F1: 0.2243 
2026-02-15 14:29:39,329 - INFO - Round 43/1000
2026-02-15 14:29:39,586 - INFO -   Silhouette: 0.2581 | School ROC: 0.6600 F1: 0.6092 | Project ROC: 0.5490 F1: 0.2586 
2026-02-15 14:29:39,587 - INFO - Round 44/1000
2026-02-15 14:29:39,855 - INFO -   Silhouette: 0.2121 | School ROC: 0.6254 F1: 0.5635 | Project ROC: 0.5214 F1: 0.2115 
2026-02-15 14:29:39,855 - INFO - Round 45/1000
2026-02-15 14:29:40,181 - INFO -   Silhouette: 0.1922 | School ROC: 0.6069 F1: 0.5967 | Project ROC: 0.5528 F1: 0.2157 
2026-02-15 14:29:40,193 - INFO - Round 46/1000
2026-02-15 14:29:40,486 - INFO -   Silhouette: 0.2066 | School ROC: 0.5708 F1: 0.5926 | Project ROC: 0.5305 F1: 0.1935 
2026-02-15 14:29:40,486 - INFO - Round 47/1000
2026-02-15 14:29:40,767 - INFO -   Silhouette: 0.2542 | School ROC: 0.6676 F1: 0.6111 | Project ROC: 0.5718 F1: 0.2162 
2026-02-15 14:29:40,767 - INFO - Round 48/1000
2026-02-15 14:29:41,055 - INFO -   Silhouette: 0.2629 | School ROC: 0.5959 F1: 0.5909 | Project ROC: 0.6094 F1: 0.2574 ✓
2026-02-15 14:29:41,066 - INFO - Results saved to /home/dev/work_main/random/assesment/k_means_selected/gemma3-12B_cv_evo_results.json
2026-02-15 14:29:41,067 - INFO - Round 49/1000
2026-02-15 14:29:41,371 - INFO -   Silhouette: 0.2204 | School ROC: 0.6349 F1: 0.5848 | Project ROC: 0.5559 F1: 0.2157 
2026-02-15 14:29:41,371 - INFO - Round 50/1000
2026-02-15 14:29:41,632 - INFO -   Silhouette: 0.2538 | School ROC: 0.6217 F1: 0.5652 | Project ROC: 0.5477 F1: 0.2124 
2026-02-15 14:29:41,632 - INFO - Round 51/1000
2026-02-15 14:29:41,930 - INFO -   Silhouette: 0.2696 | School ROC: 0.5444 F1: 0.5318 | Project ROC: 0.4648 F1: 0.1905 
2026-02-15 14:29:41,931 - INFO - Round 52/1000
2026-02-15 14:29:42,174 - INFO -   Silhouette: 0.2287 | School ROC: 0.6610 F1: 0.6171 | Project ROC: 0.5719 F1: 0.2342 
2026-02-15 14:29:42,174 - INFO - Round 53/1000
2026-02-15 14:29:42,523 - INFO -   Silhouette: 0.2522 | School ROC: 0.6356 F1: 0.6224 | Project ROC: 0.5338 F1: 0.2203 
2026-02-15 14:29:42,523 - INFO - Round 54/1000
2026-02-15 14:29:42,712 - INFO -   Silhouette: 0.2736 | School ROC: 0.6415 F1: 0.5909 | Project ROC: 0.5953 F1: 0.2500 
2026-02-15 14:29:42,713 - INFO - Round 55/1000
2026-02-15 14:29:43,006 - INFO -   Silhouette: 0.2551 | School ROC: 0.6197 F1: 0.5922 | Project ROC: 0.5388 F1: 0.2542 
2026-02-15 14:29:43,006 - INFO - Round 56/1000
2026-02-15 14:29:43,247 - INFO -   Silhouette: 0.2324 | School ROC: 0.6215 F1: 0.6237 | Project ROC: 0.5333 F1: 0.1869 
2026-02-15 14:29:43,247 - INFO - Round 57/1000
2026-02-15 14:29:43,591 - INFO -   Silhouette: 0.2228 | School ROC: 0.6110 F1: 0.5667 | Project ROC: 0.5064 F1: 0.1980 
2026-02-15 14:29:43,591 - INFO - Round 58/1000
2026-02-15 14:29:43,854 - INFO -   Silhouette: 0.2461 | School ROC: 0.5768 F1: 0.5902 | Project ROC: 0.5274 F1: 0.2083 
2026-02-15 14:29:43,854 - INFO - Round 59/1000
2026-02-15 14:29:44,051 - INFO -   Silhouette: 0.2672 | School ROC: 0.5531 F1: 0.5287 | Project ROC: 0.4994 F1: 0.1923 
2026-02-15 14:29:44,052 - INFO - Round 60/1000
2026-02-15 14:29:44,388 - INFO -   Silhouette: 0.2160 | School ROC: 0.6064 F1: 0.5889 | Project ROC: 0.5053 F1: 0.2264 
2026-02-15 14:29:44,388 - INFO - Round 61/1000
2026-02-15 14:29:44,684 - INFO -   Silhouette: 0.2211 | School ROC: 0.6192 F1: 0.5882 | Project ROC: 0.5324 F1: 0.2453 
2026-02-15 14:29:44,684 - INFO - Round 62/1000
2026-02-15 14:29:44,942 - INFO -   Silhouette: 0.1612 | School ROC: 0.6860 F1: 0.6413 | Project ROC: 0.5258 F1: 0.2308 ✓
2026-02-15 14:29:44,956 - INFO - Results saved to /home/dev/work_main/random/assesment/k_means_selected/gemma3-12B_cv_evo_results.json
2026-02-15 14:29:44,956 - INFO - Round 63/1000
2026-02-15 14:29:45,158 - INFO -   Silhouette: 0.3103 | School ROC: 0.5976 F1: 0.5746 | Project ROC: 0.5661 F1: 0.2745 ✓
2026-02-15 14:29:45,158 - INFO -     📊 Silhouette improvement → Avg ROC: 0.5818 | Avg F1: 0.4245 | F1/ROC ratio: 0.7297 (F1 < ROC (conservative predictions))
2026-02-15 14:29:45,174 - INFO - Results saved to /home/dev/work_main/random/assesment/k_means_selected/gemma3-12B_cv_evo_results.json
2026-02-15 14:29:45,174 - INFO - Round 64/1000
2026-02-15 14:29:45,393 - INFO -   Silhouette: 0.1746 | School ROC: 0.6234 F1: 0.5967 | Project ROC: 0.5810 F1: 0.2143 
2026-02-15 14:29:45,393 - INFO - Round 65/1000
2026-02-15 14:29:45,633 - INFO -   Silhouette: 0.2434 | School ROC: 0.5830 F1: 0.5778 | Project ROC: 0.5677 F1: 0.2524 
2026-02-15 14:29:45,633 - INFO - Round 66/1000
2026-02-15 14:29:45,866 - INFO -   Silhouette: 0.2270 | School ROC: 0.6467 F1: 0.6170 | Project ROC: 0.5353 F1: 0.2056 
2026-02-15 14:29:45,866 - INFO - Round 67/1000
2026-02-15 14:29:46,178 - INFO -   Silhouette: 0.2865 | School ROC: 0.6378 F1: 0.6044 | Project ROC: 0.5344 F1: 0.2301 
2026-02-15 14:29:46,178 - INFO - Round 68/1000
2026-02-15 14:29:46,407 - INFO -   Silhouette: 0.2368 | School ROC: 0.5975 F1: 0.5424 | Project ROC: 0.4825 F1: 0.1942 
2026-02-15 14:29:46,407 - INFO - Round 69/1000
2026-02-15 14:29:46,654 - INFO -   Silhouette: 0.2630 | School ROC: 0.6335 F1: 0.6145 | Project ROC: 0.5544 F1: 0.1923 
2026-02-15 14:29:46,654 - INFO - Round 70/1000
2026-02-15 14:29:46,900 - INFO -   Silhouette: 0.2222 | School ROC: 0.5964 F1: 0.5838 | Project ROC: 0.5045 F1: 0.1835 
2026-02-15 14:29:46,900 - INFO - Round 71/1000
2026-02-15 14:29:47,158 - INFO -   Silhouette: 0.1885 | School ROC: 0.6171 F1: 0.5595 | Project ROC: 0.6033 F1: 0.2637 
2026-02-15 14:29:47,158 - INFO - Round 72/1000
2026-02-15 14:29:47,412 - INFO -   Silhouette: 0.2275 | School ROC: 0.6578 F1: 0.6146 | Project ROC: 0.5712 F1: 0.2308 
2026-02-15 14:29:47,412 - INFO - Round 73/1000
2026-02-15 14:29:47,713 - INFO -   Silhouette: 0.2801 | School ROC: 0.6569 F1: 0.5824 | Project ROC: 0.4946 F1: 0.2182 
2026-02-15 14:29:47,713 - INFO - Round 74/1000
2026-02-15 14:29:47,964 - INFO -   Silhouette: 0.2338 | School ROC: 0.5847 F1: 0.5698 | Project ROC: 0.4851 F1: 0.1600 
2026-02-15 14:29:47,964 - INFO - Round 75/1000
2026-02-15 14:29:48,210 - INFO -   Silhouette: 0.2345 | School ROC: 0.6040 F1: 0.5938 | Project ROC: 0.5392 F1: 0.2105 
2026-02-15 14:29:48,210 - INFO - Round 76/1000
2026-02-15 14:29:48,453 - INFO -   Silhouette: 0.2049 | School ROC: 0.6619 F1: 0.6196 | Project ROC: 0.5716 F1: 0.2435 
2026-02-15 14:29:48,453 - INFO - Round 77/1000
2026-02-15 14:29:48,709 - INFO -   Silhouette: 0.2897 | School ROC: 0.5870 F1: 0.5667 | Project ROC: 0.5105 F1: 0.1782 
2026-02-15 14:29:48,710 - INFO - Round 78/1000
2026-02-15 14:29:49,003 - INFO -   Silhouette: 0.2484 | School ROC: 0.6297 F1: 0.6154 | Project ROC: 0.5552 F1: 0.2095 
2026-02-15 14:29:49,003 - INFO - Round 79/1000
2026-02-15 14:29:49,386 - INFO -   Silhouette: 0.2283 | School ROC: 0.6023 F1: 0.5902 | Project ROC: 0.5200 F1: 0.2000 
2026-02-15 14:29:49,386 - INFO - Round 80/1000
2026-02-15 14:29:49,583 - INFO -   Silhouette: 0.2618 | School ROC: 0.6307 F1: 0.6448 | Project ROC: 0.5684 F1: 0.2243 
2026-02-15 14:29:49,583 - INFO - Round 81/1000
2026-02-15 14:29:49,850 - INFO -   Silhouette: 0.1991 | School ROC: 0.6356 F1: 0.6118 | Project ROC: 0.5641 F1: 0.2476 
2026-02-15 14:29:49,851 - INFO - Round 82/1000
2026-02-15 14:29:50,175 - INFO -   Silhouette: 0.2192 | School ROC: 0.6566 F1: 0.6127 | Project ROC: 0.5559 F1: 0.2407 
2026-02-15 14:29:50,175 - INFO - Round 83/1000
2026-02-15 14:29:50,484 - INFO -   Silhouette: 0.2316 | School ROC: 0.5936 F1: 0.6011 | Project ROC: 0.5277 F1: 0.1782 
2026-02-15 14:29:50,485 - INFO - Round 84/1000
2026-02-15 14:29:50,743 - INFO -   Silhouette: 0.2274 | School ROC: 0.6952 F1: 0.6630 | Project ROC: 0.5546 F1: 0.2105 ✓
2026-02-15 14:29:50,761 - INFO - Results saved to /home/dev/work_main/random/assesment/k_means_selected/gemma3-12B_cv_evo_results.json
2026-02-15 14:29:50,762 - INFO - Round 85/1000
2026-02-15 14:29:51,083 - INFO -   Silhouette: 0.3270 | School ROC: 0.6439 F1: 0.6413 | Project ROC: 0.5535 F1: 0.2095 ✓
2026-02-15 14:29:51,084 - INFO -     📊 Silhouette improvement → Avg ROC: 0.5987 | Avg F1: 0.4254 | F1/ROC ratio: 0.7105 (F1 < ROC (conservative predictions))
2026-02-15 14:29:51,100 - INFO - Results saved to /home/dev/work_main/random/assesment/k_means_selected/gemma3-12B_cv_evo_results.json
2026-02-15 14:29:51,100 - INFO - Round 86/1000
2026-02-15 14:29:51,372 - INFO -   Silhouette: 0.2576 | School ROC: 0.6335 F1: 0.5978 | Project ROC: 0.5133 F1: 0.2264 
2026-02-15 14:29:51,372 - INFO - Round 87/1000
2026-02-15 14:29:51,620 - INFO -   Silhouette: 0.2293 | School ROC: 0.6158 F1: 0.6129 | Project ROC: 0.5165 F1: 0.2202 
2026-02-15 14:29:51,620 - INFO - Round 88/1000
2026-02-15 14:29:51,867 - INFO -   Silhouette: 0.2263 | School ROC: 0.6197 F1: 0.5763 | Project ROC: 0.5276 F1: 0.1887 
2026-02-15 14:29:51,867 - INFO - Round 89/1000
2026-02-15 14:29:52,150 - INFO -   Silhouette: 0.2172 | School ROC: 0.6485 F1: 0.6524 | Project ROC: 0.5731 F1: 0.2609 ✓
2026-02-15 14:29:52,169 - INFO - Results saved to /home/dev/work_main/random/assesment/k_means_selected/gemma3-12B_cv_evo_results.json
2026-02-15 14:29:52,169 - INFO - Round 90/1000
2026-02-15 14:29:52,402 - INFO -   Silhouette: 0.2026 | School ROC: 0.6028 F1: 0.5402 | Project ROC: 0.5715 F1: 0.2264 
2026-02-15 14:29:52,402 - INFO - Round 91/1000
2026-02-15 14:29:52,730 - INFO -   Silhouette: 0.2046 | School ROC: 0.6498 F1: 0.6022 | Project ROC: 0.5692 F1: 0.2342 
2026-02-15 14:29:52,730 - INFO - Round 92/1000
2026-02-15 14:29:52,977 - INFO -   Silhouette: 0.1760 | School ROC: 0.5712 F1: 0.5792 | Project ROC: 0.4837 F1: 0.1731 
2026-02-15 14:29:52,978 - INFO - Round 93/1000
2026-02-15 14:29:53,239 - INFO -   Silhouette: 0.2965 | School ROC: 0.6552 F1: 0.6032 | Project ROC: 0.5279 F1: 0.1930 
2026-02-15 14:29:53,239 - INFO - Round 94/1000
2026-02-15 14:29:53,578 - INFO -   Silhouette: 0.2294 | School ROC: 0.6353 F1: 0.5714 | Project ROC: 0.5104 F1: 0.1835 
2026-02-15 14:29:53,578 - INFO - Round 95/1000
2026-02-15 14:29:53,827 - INFO -   Silhouette: 0.1936 | School ROC: 0.6397 F1: 0.5876 | Project ROC: 0.5124 F1: 0.2200 
2026-02-15 14:29:53,827 - INFO - Round 96/1000
2026-02-15 14:29:54,073 - INFO -   Silhouette: 0.2176 | School ROC: 0.6145 F1: 0.5814 | Project ROC: 0.5197 F1: 0.2136 
2026-02-15 14:29:54,073 - INFO - Round 97/1000
2026-02-15 14:29:54,348 - INFO -   Silhouette: 0.1956 | School ROC: 0.6392 F1: 0.5829 | Project ROC: 0.5088 F1: 0.2200 
2026-02-15 14:29:54,348 - INFO - Round 98/1000
2026-02-15 14:29:54,574 - INFO -   Silhouette: 0.2385 | School ROC: 0.6184 F1: 0.6044 | Project ROC: 0.5204 F1: 0.1964 
2026-02-15 14:29:54,574 - INFO - Round 99/1000
2026-02-15 14:29:54,877 - INFO -   Silhouette: 0.2216 | School ROC: 0.6383 F1: 0.5943 | Project ROC: 0.5414 F1: 0.2385 
2026-02-15 14:29:54,878 - INFO - Round 100/1000
2026-02-15 14:29:55,294 - INFO -   Silhouette: 0.2006 | School ROC: 0.6568 F1: 0.6054 | Project ROC: 0.5673 F1: 0.2500 
2026-02-15 14:29:55,295 - INFO - Round 101/1000
2026-02-15 14:29:55,498 - INFO -   Silhouette: 0.2248 | School ROC: 0.6252 F1: 0.6044 | Project ROC: 0.5748 F1: 0.2376 
2026-02-15 14:29:55,499 - INFO - Round 102/1000
2026-02-15 14:29:55,790 - INFO -   Silhouette: 0.2370 | School ROC: 0.6369 F1: 0.5896 | Project ROC: 0.5298 F1: 0.2083 
2026-02-15 14:29:55,791 - INFO - Round 103/1000
2026-02-15 14:29:56,067 - INFO -   Silhouette: 0.2476 | School ROC: 0.6152 F1: 0.5780 | Project ROC: 0.5533 F1: 0.2105 
2026-02-15 14:29:56,067 - INFO - Round 104/1000
2026-02-15 14:29:56,351 - INFO -   Silhouette: 0.2124 | School ROC: 0.6072 F1: 0.5650 | Project ROC: 0.5025 F1: 0.1748 
2026-02-15 14:29:56,351 - INFO - Round 105/1000
2026-02-15 14:29:56,621 - INFO -   Silhouette: 0.2431 | School ROC: 0.6553 F1: 0.6180 | Project ROC: 0.5643 F1: 0.2308 
2026-02-15 14:29:56,622 - INFO - Round 106/1000
2026-02-15 14:29:56,854 - INFO -   Silhouette: 0.2754 | School ROC: 0.6265 F1: 0.5746 | Project ROC: 0.5225 F1: 0.2222 
2026-02-15 14:29:56,855 - INFO - Round 107/1000
2026-02-15 14:29:57,230 - INFO -   Silhouette: 0.2662 | School ROC: 0.5681 F1: 0.5668 | Project ROC: 0.4891 F1: 0.1980 
2026-02-15 14:29:57,231 - INFO - Round 108/1000
2026-02-15 14:29:57,474 - INFO -   Silhouette: 0.2466 | School ROC: 0.6291 F1: 0.6270 | Project ROC: 0.5725 F1: 0.2376 
2026-02-15 14:29:57,474 - INFO - Round 109/1000
2026-02-15 14:29:57,772 - INFO -   Silhouette: 0.2222 | School ROC: 0.6344 F1: 0.6222 | Project ROC: 0.5646 F1: 0.2281 
2026-02-15 14:29:57,773 - INFO - Round 110/1000
2026-02-15 14:29:58,009 - INFO -   Silhouette: 0.2245 | School ROC: 0.6485 F1: 0.5965 | Project ROC: 0.5833 F1: 0.2569 
2026-02-15 14:29:58,010 - INFO - Round 111/1000
2026-02-15 14:29:58,288 - INFO -   Silhouette: 0.3195 | School ROC: 0.5812 F1: 0.5537 | Project ROC: 0.4656 F1: 0.1835 
2026-02-15 14:29:58,288 - INFO - Round 112/1000
2026-02-15 14:29:58,721 - INFO -   Silhouette: 0.2256 | School ROC: 0.5985 F1: 0.5896 | Project ROC: 0.5684 F1: 0.1887 
2026-02-15 14:29:58,722 - INFO - Round 113/1000
2026-02-15 14:29:58,953 - INFO -   Silhouette: 0.2242 | School ROC: 0.6373 F1: 0.6044 | Project ROC: 0.5314 F1: 0.2333 
2026-02-15 14:29:58,954 - INFO - Round 114/1000
2026-02-15 14:29:59,276 - INFO -   Silhouette: 0.2495 | School ROC: 0.5764 F1: 0.6011 | Project ROC: 0.5266 F1: 0.2222 
2026-02-15 14:29:59,276 - INFO - Round 115/1000
2026-02-15 14:29:59,555 - INFO -   Silhouette: 0.1917 | School ROC: 0.6277 F1: 0.6064 | Project ROC: 0.5678 F1: 0.2593 
2026-02-15 14:29:59,555 - INFO - Round 116/1000
2026-02-15 14:29:59,817 - INFO -   Silhouette: 0.2854 | School ROC: 0.5849 F1: 0.5795 | Project ROC: 0.4338 F1: 0.1053 
2026-02-15 14:29:59,817 - INFO - Round 117/1000
2026-02-15 14:30:00,071 - INFO -   Silhouette: 0.2395 | School ROC: 0.6542 F1: 0.6127 | Project ROC: 0.5429 F1: 0.1923 
2026-02-15 14:30:00,071 - INFO - Round 118/1000
2026-02-15 14:30:00,438 - INFO -   Silhouette: 0.2606 | School ROC: 0.5614 F1: 0.5829 | Project ROC: 0.5422 F1: 0.1856 
2026-02-15 14:30:00,439 - INFO - Round 119/1000
2026-02-15 14:30:00,741 - INFO -   Silhouette: 0.2117 | School ROC: 0.6292 F1: 0.5789 | Project ROC: 0.4867 F1: 0.1818 
2026-02-15 14:30:00,742 - INFO - Round 120/1000
2026-02-15 14:30:01,106 - INFO -   Silhouette: 0.2570 | School ROC: 0.6095 F1: 0.6211 | Project ROC: 0.5266 F1: 0.2202 
2026-02-15 14:30:01,106 - INFO - Round 121/1000
2026-02-15 14:30:01,343 - INFO -   Silhouette: 0.2898 | School ROC: 0.5941 F1: 0.5843 | Project ROC: 0.5872 F1: 0.2708 
2026-02-15 14:30:01,343 - INFO - Round 122/1000
2026-02-15 14:30:01,571 - INFO -   Silhouette: 0.1926 | School ROC: 0.6071 F1: 0.5632 | Project ROC: 0.5064 F1: 0.2162 
2026-02-15 14:30:01,572 - INFO - Round 123/1000
2026-02-15 14:30:01,893 - INFO -   Silhouette: 0.1930 | School ROC: 0.6572 F1: 0.6047 | Project ROC: 0.5811 F1: 0.2424 
2026-02-15 14:30:01,893 - INFO - Round 124/1000
2026-02-15 14:30:02,224 - INFO -   Silhouette: 0.3154 | School ROC: 0.6204 F1: 0.6154 | Project ROC: 0.5944 F1: 0.2593 
2026-02-15 14:30:02,224 - INFO - Round 125/1000
2026-02-15 14:30:02,577 - INFO -   Silhouette: 0.2366 | School ROC: 0.6036 F1: 0.5537 | Project ROC: 0.5639 F1: 0.2524 
2026-02-15 14:30:02,578 - INFO - Round 126/1000
2026-02-15 14:30:02,844 - INFO -   Silhouette: 0.2548 | School ROC: 0.6117 F1: 0.5876 | Project ROC: 0.4961 F1: 0.2000 
2026-02-15 14:30:02,845 - INFO - Round 127/1000
2026-02-15 14:30:03,157 - INFO -   Silhouette: 0.2301 | School ROC: 0.6122 F1: 0.5714 | Project ROC: 0.4869 F1: 0.1930 
2026-02-15 14:30:03,158 - INFO - Round 128/1000
2026-02-15 14:30:03,423 - INFO -   Silhouette: 0.2177 | School ROC: 0.6135 F1: 0.5424 | Project ROC: 0.5108 F1: 0.1856 
2026-02-15 14:30:03,423 - INFO - Round 129/1000
2026-02-15 14:30:03,671 - INFO -   Silhouette: 0.2851 | School ROC: 0.6236 F1: 0.6023 | Project ROC: 0.4580 F1: 0.1636 
2026-02-15 14:30:03,671 - INFO - Round 130/1000
2026-02-15 14:30:03,941 - INFO -   Silhouette: 0.1758 | School ROC: 0.6162 F1: 0.5632 | Project ROC: 0.5894 F1: 0.2653 
2026-02-15 14:30:03,942 - INFO - Round 131/1000
2026-02-15 14:30:04,215 - INFO -   Silhouette: 0.3150 | School ROC: 0.6007 F1: 0.5806 | Project ROC: 0.4784 F1: 0.1651 
2026-02-15 14:30:04,215 - INFO - Round 132/1000
2026-02-15 14:30:04,520 - INFO -   Silhouette: 0.1930 | School ROC: 0.6012 F1: 0.5763 | Project ROC: 0.5460 F1: 0.2157 
2026-02-15 14:30:04,520 - INFO - Round 133/1000
2026-02-15 14:30:04,795 - INFO -   Silhouette: 0.2169 | School ROC: 0.5836 F1: 0.5556 | Project ROC: 0.5274 F1: 0.2286 
2026-02-15 14:30:04,795 - INFO - Round 134/1000
2026-02-15 14:30:05,062 - INFO -   Silhouette: 0.2131 | School ROC: 0.6228 F1: 0.5914 | Project ROC: 0.5554 F1: 0.2500 
2026-02-15 14:30:05,063 - INFO - Round 135/1000
2026-02-15 14:30:05,367 - INFO -   Silhouette: 0.2013 | School ROC: 0.6431 F1: 0.5833 | Project ROC: 0.6071 F1: 0.2745 
2026-02-15 14:30:05,367 - INFO - Round 136/1000
2026-02-15 14:30:05,591 - INFO -   Silhouette: 0.2776 | School ROC: 0.6025 F1: 0.5434 | Project ROC: 0.4816 F1: 0.1584 
2026-02-15 14:30:05,592 - INFO - Round 137/1000
2026-02-15 14:30:05,855 - INFO -   Silhouette: 0.2086 | School ROC: 0.6047 F1: 0.5810 | Project ROC: 0.5616 F1: 0.2281 
2026-02-15 14:30:05,855 - INFO - Round 138/1000
2026-02-15 14:30:06,100 - INFO -   Silhouette: 0.2748 | School ROC: 0.6245 F1: 0.6129 | Project ROC: 0.5283 F1: 0.2342 
2026-02-15 14:30:06,100 - INFO - Round 139/1000
2026-02-15 14:30:06,397 - INFO -   Silhouette: 0.1851 | School ROC: 0.6223 F1: 0.5967 | Project ROC: 0.5506 F1: 0.1942 
2026-02-15 14:30:06,398 - INFO - Round 140/1000
2026-02-15 14:30:06,785 - INFO -   Silhouette: 0.2653 | School ROC: 0.6557 F1: 0.6000 | Project ROC: 0.4918 F1: 0.2500 
2026-02-15 14:30:06,785 - INFO - Round 141/1000
2026-02-15 14:30:07,062 - INFO -   Silhouette: 0.2506 | School ROC: 0.6646 F1: 0.6222 | Project ROC: 0.5706 F1: 0.2407 
2026-02-15 14:30:07,063 - INFO - Round 142/1000
2026-02-15 14:30:07,275 - INFO -   Silhouette: 0.2224 | School ROC: 0.5892 F1: 0.5824 | Project ROC: 0.5070 F1: 0.2400 
2026-02-15 14:30:07,275 - INFO - Round 143/1000
2026-02-15 14:30:07,670 - INFO -   Silhouette: 0.2280 | School ROC: 0.6163 F1: 0.5856 | Project ROC: 0.5239 F1: 0.2162 
2026-02-15 14:30:07,670 - INFO - Round 144/1000
2026-02-15 14:30:07,900 - INFO -   Silhouette: 0.2277 | School ROC: 0.6280 F1: 0.5780 | Project ROC: 0.5605 F1: 0.2308 
2026-02-15 14:30:07,901 - INFO - Round 145/1000
2026-02-15 14:30:08,290 - INFO -   Silhouette: 0.2011 | School ROC: 0.5615 F1: 0.5635 | Project ROC: 0.5282 F1: 0.1980 
2026-02-15 14:30:08,290 - INFO - Round 146/1000
2026-02-15 14:30:08,671 - INFO -   Silhouette: 0.1985 | School ROC: 0.5980 F1: 0.5843 | Project ROC: 0.5821 F1: 0.2549 
2026-02-15 14:30:08,671 - INFO - Round 147/1000
2026-02-15 14:30:08,925 - INFO -   Silhouette: 0.2535 | School ROC: 0.6183 F1: 0.6243 | Project ROC: 0.5619 F1: 0.2385 
2026-02-15 14:30:08,925 - INFO - Round 148/1000
2026-02-15 14:30:09,184 - INFO -   Silhouette: 0.2009 | School ROC: 0.6357 F1: 0.6196 | Project ROC: 0.5553 F1: 0.2524 
2026-02-15 14:30:09,185 - INFO - Round 149/1000
2026-02-15 14:30:09,441 - INFO -   Silhouette: 0.2281 | School ROC: 0.6236 F1: 0.5647 | Project ROC: 0.5372 F1: 0.2105 
2026-02-15 14:30:09,442 - INFO - Round 150/1000
2026-02-15 14:30:09,778 - INFO -   Silhouette: 0.2378 | School ROC: 0.5742 F1: 0.5455 | Project ROC: 0.4993 F1: 0.1782 
2026-02-15 14:30:09,778 - INFO - Round 151/1000
2026-02-15 14:30:10,074 - INFO -   Silhouette: 0.2208 | School ROC: 0.6535 F1: 0.6489 | Project ROC: 0.5505 F1: 0.1754 
2026-02-15 14:30:10,074 - INFO - Round 152/1000
2026-02-15 14:30:10,311 - INFO -   Silhouette: 0.2148 | School ROC: 0.5977 F1: 0.5635 | Project ROC: 0.5118 F1: 0.1935 
2026-02-15 14:30:10,311 - INFO - Round 153/1000
2026-02-15 14:30:10,565 - INFO -   Silhouette: 0.3023 | School ROC: 0.6067 F1: 0.5778 | Project ROC: 0.5134 F1: 0.2400 
2026-02-15 14:30:10,565 - INFO - Round 154/1000
2026-02-15 14:30:10,862 - INFO -   Silhouette: 0.2453 | School ROC: 0.6112 F1: 0.5934 | Project ROC: 0.5676 F1: 0.2549 
2026-02-15 14:30:10,862 - INFO - Round 155/1000
2026-02-15 14:30:11,117 - INFO -   Silhouette: 0.2297 | School ROC: 0.6188 F1: 0.5946 | Project ROC: 0.5530 F1: 0.2549 
2026-02-15 14:30:11,117 - INFO - Round 156/1000
2026-02-15 14:30:11,367 - INFO -   Silhouette: 0.2148 | School ROC: 0.6690 F1: 0.6364 | Project ROC: 0.5991 F1: 0.2667 ✓
2026-02-15 14:30:11,416 - INFO - Results saved to /home/dev/work_main/random/assesment/k_means_selected/gemma3-12B_cv_evo_results.json
2026-02-15 14:30:11,417 - INFO - Round 157/1000
2026-02-15 14:30:11,691 - INFO -   Silhouette: 0.2727 | School ROC: 0.6216 F1: 0.6096 | Project ROC: 0.5730 F1: 0.2453 
2026-02-15 14:30:11,692 - INFO - Round 158/1000
2026-02-15 14:30:11,984 - INFO -   Silhouette: 0.2261 | School ROC: 0.6341 F1: 0.6077 | Project ROC: 0.4990 F1: 0.1524 
2026-02-15 14:30:11,985 - INFO - Round 159/1000
2026-02-15 14:30:12,227 - INFO -   Silhouette: 0.2356 | School ROC: 0.5463 F1: 0.5198 | Project ROC: 0.4832 F1: 0.1443 
2026-02-15 14:30:12,227 - INFO - Round 160/1000
2026-02-15 14:30:12,526 - INFO -   Silhouette: 0.2404 | School ROC: 0.6152 F1: 0.5978 | Project ROC: 0.5416 F1: 0.2115 
2026-02-15 14:30:12,527 - INFO - Round 161/1000
2026-02-15 14:30:12,816 - INFO -   Silhouette: 0.2737 | School ROC: 0.6386 F1: 0.6383 | Project ROC: 0.5086 F1: 0.1651 
2026-02-15 14:30:12,826 - INFO - Round 162/1000
2026-02-15 14:30:13,087 - INFO -   Silhouette: 0.1810 | School ROC: 0.6918 F1: 0.6102 | Project ROC: 0.5433 F1: 0.2353 
2026-02-15 14:30:13,087 - INFO - Round 163/1000
2026-02-15 14:30:13,410 - INFO -   Silhouette: 0.2766 | School ROC: 0.6064 F1: 0.5829 | Project ROC: 0.5201 F1: 0.1982 
2026-02-15 14:30:13,410 - INFO - Round 164/1000
2026-02-15 14:30:13,730 - INFO -   Silhouette: 0.2073 | School ROC: 0.5821 F1: 0.5614 | Project ROC: 0.5905 F1: 0.2500 
2026-02-15 14:30:13,731 - INFO - Round 165/1000
2026-02-15 14:30:14,016 - INFO -   Silhouette: 0.2143 | School ROC: 0.6479 F1: 0.6215 | Project ROC: 0.5563 F1: 0.2308 
2026-02-15 14:30:14,016 - INFO - Round 166/1000
2026-02-15 14:30:14,336 - INFO -   Silhouette: 0.1872 | School ROC: 0.6229 F1: 0.5444 | Project ROC: 0.6469 F1: 0.3077 ✓
2026-02-15 14:30:14,377 - INFO - Results saved to /home/dev/work_main/random/assesment/k_means_selected/gemma3-12B_cv_evo_results.json
2026-02-15 14:30:14,378 - INFO - Round 167/1000
2026-02-15 14:30:14,587 - INFO -   Silhouette: 0.1731 | School ROC: 0.6317 F1: 0.5731 | Project ROC: 0.5728 F1: 0.2281 
2026-02-15 14:30:14,588 - INFO - Round 168/1000
2026-02-15 14:30:14,880 - INFO -   Silhouette: 0.2555 | School ROC: 0.5891 F1: 0.5914 | Project ROC: 0.5708 F1: 0.2364 
2026-02-15 14:30:14,880 - INFO - Round 169/1000
2026-02-15 14:30:15,152 - INFO -   Silhouette: 0.2233 | School ROC: 0.6085 F1: 0.5926 | Project ROC: 0.4875 F1: 0.2222 
2026-02-15 14:30:15,153 - INFO - Round 170/1000
2026-02-15 14:30:15,421 - INFO -   Silhouette: 0.2881 | School ROC: 0.5980 F1: 0.5604 | Project ROC: 0.5133 F1: 0.1980 
2026-02-15 14:30:15,421 - INFO - Round 171/1000
2026-02-15 14:30:15,760 - INFO -   Silhouette: 0.2190 | School ROC: 0.6539 F1: 0.6057 | Project ROC: 0.5826 F1: 0.2301 
2026-02-15 14:30:15,760 - INFO - Round 172/1000
2026-02-15 14:30:16,074 - INFO -   Silhouette: 0.2137 | School ROC: 0.6094 F1: 0.5978 | Project ROC: 0.5486 F1: 0.2115 
2026-02-15 14:30:16,074 - INFO - Round 173/1000
2026-02-15 14:30:16,370 - INFO -   Silhouette: 0.2122 | School ROC: 0.6641 F1: 0.5967 | Project ROC: 0.5312 F1: 0.2062 
2026-02-15 14:30:16,370 - INFO - Round 174/1000
2026-02-15 14:30:16,690 - INFO -   Silhouette: 0.2178 | School ROC: 0.5416 F1: 0.5574 | Project ROC: 0.4991 F1: 0.2037 
2026-02-15 14:30:16,691 - INFO - Round 175/1000
2026-02-15 14:30:16,929 - INFO -   Silhouette: 0.1986 | School ROC: 0.6390 F1: 0.5989 | Project ROC: 0.5680 F1: 0.2424 
2026-02-15 14:30:16,929 - INFO - Round 176/1000
2026-02-15 14:30:17,190 - INFO -   Silhouette: 0.2497 | School ROC: 0.5917 F1: 0.5682 | Project ROC: 0.5760 F1: 0.2500 
2026-02-15 14:30:17,190 - INFO - Round 177/1000
2026-02-15 14:30:17,509 - INFO -   Silhouette: 0.2630 | School ROC: 0.6061 F1: 0.5730 | Project ROC: 0.5477 F1: 0.2136 
2026-02-15 14:30:17,509 - INFO - Round 178/1000
2026-02-15 14:30:17,793 - INFO -   Silhouette: 0.2106 | School ROC: 0.6211 F1: 0.6087 | Project ROC: 0.5715 F1: 0.2264 
2026-02-15 14:30:17,793 - INFO - Round 179/1000
2026-02-15 14:30:18,114 - INFO -   Silhouette: 0.1943 | School ROC: 0.6738 F1: 0.6077 | Project ROC: 0.5391 F1: 0.2124 
2026-02-15 14:30:18,115 - INFO - Round 180/1000
2026-02-15 14:30:18,397 - INFO -   Silhouette: 0.2385 | School ROC: 0.6652 F1: 0.6364 | Project ROC: 0.5832 F1: 0.2523 
2026-02-15 14:30:18,397 - INFO - Round 181/1000
2026-02-15 14:30:18,690 - INFO -   Silhouette: 0.2576 | School ROC: 0.6471 F1: 0.6277 | Project ROC: 0.4910 F1: 0.2000 
2026-02-15 14:30:18,690 - INFO - Round 182/1000
2026-02-15 14:30:18,994 - INFO -   Silhouette: 0.2928 | School ROC: 0.6128 F1: 0.5955 | Project ROC: 0.4751 F1: 0.2037 
2026-02-15 14:30:18,995 - INFO - Round 183/1000
2026-02-15 14:30:19,264 - INFO -   Silhouette: 0.2195 | School ROC: 0.6236 F1: 0.5698 | Project ROC: 0.5547 F1: 0.2642 
2026-02-15 14:30:19,264 - INFO - Round 184/1000
2026-02-15 14:30:19,655 - INFO -   Silhouette: 0.2092 | School ROC: 0.6090 F1: 0.5829 | Project ROC: 0.5051 F1: 0.2018 
2026-02-15 14:30:19,655 - INFO - Round 185/1000
2026-02-15 14:30:19,894 - INFO -   Silhouette: 0.2698 | School ROC: 0.6066 F1: 0.5537 | Project ROC: 0.5120 F1: 0.1964 
2026-02-15 14:30:19,895 - INFO - Round 186/1000
2026-02-15 14:30:20,167 - INFO -   Silhouette: 0.2305 | School ROC: 0.5900 F1: 0.5682 | Project ROC: 0.5374 F1: 0.2292 
2026-02-15 14:30:20,167 - INFO - Round 187/1000
2026-02-15 14:30:20,500 - INFO -   Silhouette: 0.2384 | School ROC: 0.5856 F1: 0.5600 | Project ROC: 0.5334 F1: 0.2178 
2026-02-15 14:30:20,500 - INFO - Round 188/1000
2026-02-15 14:30:20,779 - INFO -   Silhouette: 0.1949 | School ROC: 0.6036 F1: 0.5810 | Project ROC: 0.5374 F1: 0.2157 
2026-02-15 14:30:20,780 - INFO - Round 189/1000
2026-02-15 14:30:21,101 - INFO -   Silhouette: 0.2296 | School ROC: 0.6448 F1: 0.6333 | Project ROC: 0.5980 F1: 0.2353 
2026-02-15 14:30:21,101 - INFO - Round 190/1000
2026-02-15 14:30:21,347 - INFO -   Silhouette: 0.2100 | School ROC: 0.6443 F1: 0.5896 | Project ROC: 0.5734 F1: 0.2435 
2026-02-15 14:30:21,347 - INFO - Round 191/1000
2026-02-15 14:30:21,654 - INFO -   Silhouette: 0.2258 | School ROC: 0.6384 F1: 0.6270 | Project ROC: 0.5626 F1: 0.2281 
2026-02-15 14:30:21,654 - INFO - Round 192/1000
2026-02-15 14:30:21,903 - INFO -   Silhouette: 0.2484 | School ROC: 0.6049 F1: 0.5792 | Project ROC: 0.5261 F1: 0.2000 
2026-02-15 14:30:21,903 - INFO - Round 193/1000
2026-02-15 14:30:22,191 - INFO -   Silhouette: 0.2507 | School ROC: 0.5713 F1: 0.5730 | Project ROC: 0.5416 F1: 0.2342 
2026-02-15 14:30:22,192 - INFO - Round 194/1000
2026-02-15 14:30:22,480 - INFO -   Silhouette: 0.2217 | School ROC: 0.5804 F1: 0.5946 | Project ROC: 0.5471 F1: 0.2342 
2026-02-15 14:30:22,480 - INFO - Round 195/1000
2026-02-15 14:30:22,826 - INFO -   Silhouette: 0.2358 | School ROC: 0.6166 F1: 0.6044 | Project ROC: 0.5266 F1: 0.2222 
2026-02-15 14:30:22,827 - INFO - Round 196/1000
2026-02-15 14:30:23,053 - INFO -   Silhouette: 0.2363 | School ROC: 0.6241 F1: 0.5549 | Project ROC: 0.4917 F1: 0.1964 
2026-02-15 14:30:23,053 - INFO - Round 197/1000
2026-02-15 14:30:23,307 - INFO -   Silhouette: 0.2416 | School ROC: 0.6434 F1: 0.6264 | Project ROC: 0.4739 F1: 0.1636 
2026-02-15 14:30:23,308 - INFO - Round 198/1000
2026-02-15 14:30:23,610 - INFO -   Silhouette: 0.2330 | School ROC: 0.5981 F1: 0.5698 | Project ROC: 0.5512 F1: 0.2340 
2026-02-15 14:30:23,610 - INFO - Round 199/1000
2026-02-15 14:30:23,918 - INFO -   Silhouette: 0.3083 | School ROC: 0.6252 F1: 0.5934 | Project ROC: 0.5461 F1: 0.2500 
2026-02-15 14:30:23,919 - INFO - Round 200/1000
2026-02-15 14:30:24,178 - INFO -   Silhouette: 0.1908 | School ROC: 0.6155 F1: 0.5922 | Project ROC: 0.5299 F1: 0.2115 
2026-02-15 14:30:24,179 - INFO - Round 201/1000
2026-02-15 14:30:24,417 - INFO -   Silhouette: 0.2585 | School ROC: 0.6341 F1: 0.6054 | Project ROC: 0.5244 F1: 0.2430 
2026-02-15 14:30:24,418 - INFO - Round 202/1000
2026-02-15 14:30:24,697 - INFO -   Silhouette: 0.2288 | School ROC: 0.6227 F1: 0.5909 | Project ROC: 0.5181 F1: 0.2157 
2026-02-15 14:30:24,698 - INFO - Round 203/1000
2026-02-15 14:30:24,973 - INFO -   Silhouette: 0.2645 | School ROC: 0.6004 F1: 0.5414 | Project ROC: 0.5210 F1: 0.2202 
2026-02-15 14:30:24,973 - INFO - Round 204/1000
2026-02-15 14:30:25,249 - INFO -   Silhouette: 0.2033 | School ROC: 0.5947 F1: 0.5476 | Project ROC: 0.5715 F1: 0.2545 
2026-02-15 14:30:25,249 - INFO - Round 205/1000
2026-02-15 14:30:25,532 - INFO -   Silhouette: 0.2254 | School ROC: 0.5960 F1: 0.5763 | Project ROC: 0.4955 F1: 0.1748 
2026-02-15 14:30:25,532 - INFO - Round 206/1000
2026-02-15 14:30:25,802 - INFO -   Silhouette: 0.2454 | School ROC: 0.6518 F1: 0.6237 | Project ROC: 0.5347 F1: 0.2124 
2026-02-15 14:30:25,802 - INFO - Round 207/1000
2026-02-15 14:30:26,150 - INFO -   Silhouette: 0.2212 | School ROC: 0.6482 F1: 0.5922 | Project ROC: 0.5563 F1: 0.2308 
2026-02-15 14:30:26,150 - INFO - Round 208/1000
2026-02-15 14:30:26,421 - INFO -   Silhouette: 0.2340 | School ROC: 0.5847 F1: 0.5574 | Project ROC: 0.4705 F1: 0.1818 
2026-02-15 14:30:26,421 - INFO - Round 209/1000
2026-02-15 14:30:26,780 - INFO -   Silhouette: 0.2161 | School ROC: 0.6163 F1: 0.5810 | Project ROC: 0.5622 F1: 0.2353 
2026-02-15 14:30:26,781 - INFO - Round 210/1000
2026-02-15 14:30:27,052 - INFO -   Silhouette: 0.2002 | School ROC: 0.6421 F1: 0.6032 | Project ROC: 0.5566 F1: 0.2456 
2026-02-15 14:30:27,052 - INFO - Round 211/1000
2026-02-15 14:30:27,329 - INFO -   Silhouette: 0.2623 | School ROC: 0.6047 F1: 0.6170 | Project ROC: 0.5266 F1: 0.2037 
2026-02-15 14:30:27,329 - INFO - Round 212/1000
2026-02-15 14:30:27,572 - INFO -   Silhouette: 0.2020 | School ROC: 0.5903 F1: 0.5562 | Project ROC: 0.5553 F1: 0.1860 
2026-02-15 14:30:27,573 - INFO - Round 213/1000
2026-02-15 14:30:27,828 - INFO -   Silhouette: 0.2080 | School ROC: 0.6548 F1: 0.6630 | Project ROC: 0.5538 F1: 0.2569 ✓
2026-02-15 14:30:27,874 - INFO - Results saved to /home/dev/work_main/random/assesment/k_means_selected/gemma3-12B_cv_evo_results.json
2026-02-15 14:30:27,875 - INFO - Round 214/1000
2026-02-15 14:30:28,095 - INFO -   Silhouette: 0.2056 | School ROC: 0.6175 F1: 0.6162 | Project ROC: 0.5800 F1: 0.2407 
2026-02-15 14:30:28,095 - INFO - Round 215/1000
2026-02-15 14:30:28,399 - INFO -   Silhouette: 0.2279 | School ROC: 0.6072 F1: 0.6120 | Project ROC: 0.5486 F1: 0.2178 
2026-02-15 14:30:28,400 - INFO - Round 216/1000
2026-02-15 14:30:28,637 - INFO -   Silhouette: 0.1903 | School ROC: 0.5960 F1: 0.5318 | Project ROC: 0.6145 F1: 0.2574 
2026-02-15 14:30:28,638 - INFO - Round 217/1000
2026-02-15 14:30:28,870 - INFO -   Silhouette: 0.2397 | School ROC: 0.5918 F1: 0.5304 | Project ROC: 0.4717 F1: 0.1698 
2026-02-15 14:30:28,870 - INFO - Round 218/1000
2026-02-15 14:30:29,225 - INFO -   Silhouette: 0.2233 | School ROC: 0.6192 F1: 0.5876 | Project ROC: 0.5550 F1: 0.1856 
2026-02-15 14:30:29,225 - INFO - Round 219/1000
2026-02-15 14:30:29,463 - INFO -   Silhouette: 0.2246 | School ROC: 0.5868 F1: 0.5682 | Project ROC: 0.5130 F1: 0.2157 
2026-02-15 14:30:29,463 - INFO - Round 220/1000
2026-02-15 14:30:29,788 - INFO -   Silhouette: 0.2825 | School ROC: 0.6305 F1: 0.6452 | Project ROC: 0.5372 F1: 0.2321 
2026-02-15 14:30:29,788 - INFO - Round 221/1000
2026-02-15 14:30:30,091 - INFO -   Silhouette: 0.2604 | School ROC: 0.6340 F1: 0.6170 | Project ROC: 0.5765 F1: 0.2456 
2026-02-15 14:30:30,091 - INFO - Round 222/1000
2026-02-15 14:30:30,366 - INFO -   Silhouette: 0.2257 | School ROC: 0.6429 F1: 0.6129 | Project ROC: 0.5228 F1: 0.1930 
2026-02-15 14:30:30,366 - INFO - Round 223/1000
2026-02-15 14:30:30,678 - INFO -   Silhouette: 0.2485 | School ROC: 0.6401 F1: 0.5934 | Project ROC: 0.5448 F1: 0.2222 
2026-02-15 14:30:30,678 - INFO - Round 224/1000
2026-02-15 14:30:30,924 - INFO -   Silhouette: 0.2731 | School ROC: 0.6028 F1: 0.5556 | Project ROC: 0.5223 F1: 0.2095 
2026-02-15 14:30:30,925 - INFO - Round 225/1000
2026-02-15 14:30:31,237 - INFO -   Silhouette: 0.2263 | School ROC: 0.6147 F1: 0.6067 | Project ROC: 0.4964 F1: 0.1913 
2026-02-15 14:30:31,238 - INFO - Round 226/1000
2026-02-15 14:30:31,455 - INFO -   Silhouette: 0.3196 | School ROC: 0.5647 F1: 0.5257 | Project ROC: 0.4895 F1: 0.1800 
2026-02-15 14:30:31,455 - INFO - Round 227/1000
2026-02-15 14:30:31,752 - INFO -   Silhouette: 0.2906 | School ROC: 0.5973 F1: 0.5635 | Project ROC: 0.5566 F1: 0.2430 
2026-02-15 14:30:31,752 - INFO - Round 228/1000
2026-02-15 14:30:32,002 - INFO -   Silhouette: 0.2395 | School ROC: 0.6297 F1: 0.5955 | Project ROC: 0.4856 F1: 0.1731 
2026-02-15 14:30:32,002 - INFO - Round 229/1000
2026-02-15 14:30:32,270 - INFO -   Silhouette: 0.2654 | School ROC: 0.6141 F1: 0.5978 | Project ROC: 0.5661 F1: 0.2407 
2026-02-15 14:30:32,270 - INFO - Round 230/1000
2026-02-15 14:30:32,585 - INFO -   Silhouette: 0.2200 | School ROC: 0.6290 F1: 0.5650 | Project ROC: 0.5527 F1: 0.2136 
2026-02-15 14:30:32,585 - INFO - Round 231/1000
2026-02-15 14:30:32,834 - INFO -   Silhouette: 0.2885 | School ROC: 0.6139 F1: 0.5635 | Project ROC: 0.4788 F1: 0.1754 
2026-02-15 14:30:32,834 - INFO - Round 232/1000
2026-02-15 14:30:33,190 - INFO -   Silhouette: 0.2680 | School ROC: 0.5877 F1: 0.5902 | Project ROC: 0.5058 F1: 0.1942 
2026-02-15 14:30:33,190 - INFO - Round 233/1000
2026-02-15 14:30:33,537 - INFO -   Silhouette: 0.2475 | School ROC: 0.6384 F1: 0.5806 | Project ROC: 0.4930 F1: 0.2000 
2026-02-15 14:30:33,538 - INFO - Round 234/1000
2026-02-15 14:30:33,887 - INFO -   Silhouette: 0.1908 | School ROC: 0.6045 F1: 0.5989 | Project ROC: 0.5674 F1: 0.2772 
2026-02-15 14:30:33,887 - INFO - Round 235/1000
2026-02-15 14:30:34,188 - INFO -   Silhouette: 0.2124 | School ROC: 0.6015 F1: 0.5856 | Project ROC: 0.4533 F1: 0.1400 
2026-02-15 14:30:34,189 - INFO - Round 236/1000
2026-02-15 14:30:34,590 - INFO -   Silhouette: 0.2678 | School ROC: 0.6065 F1: 0.5824 | Project ROC: 0.4972 F1: 0.1786 
2026-02-15 14:30:34,590 - INFO - Round 237/1000
2026-02-15 14:30:34,917 - INFO -   Silhouette: 0.2905 | School ROC: 0.5955 F1: 0.5730 | Project ROC: 0.5207 F1: 0.2115 
2026-02-15 14:30:34,917 - INFO - Round 238/1000
2026-02-15 14:30:35,183 - INFO -   Silhouette: 0.3020 | School ROC: 0.6045 F1: 0.6270 | Project ROC: 0.5614 F1: 0.2202 
2026-02-15 14:30:35,183 - INFO - Round 239/1000
2026-02-15 14:30:35,576 - INFO -   Silhouette: 0.2748 | School ROC: 0.6167 F1: 0.5746 | Project ROC: 0.5216 F1: 0.2056 
2026-02-15 14:30:35,576 - INFO - Round 240/1000
2026-02-15 14:30:35,846 - INFO -   Silhouette: 0.2248 | School ROC: 0.6029 F1: 0.5969 | Project ROC: 0.4965 F1: 0.2143 
2026-02-15 14:30:35,846 - INFO - Round 241/1000
2026-02-15 14:30:36,106 - INFO -   Silhouette: 0.2390 | School ROC: 0.6119 F1: 0.5967 | Project ROC: 0.6001 F1: 0.2424 
2026-02-15 14:30:36,106 - INFO - Round 242/1000
2026-02-15 14:30:36,410 - INFO -   Silhouette: 0.1934 | School ROC: 0.6766 F1: 0.6358 | Project ROC: 0.5684 F1: 0.2655 
2026-02-15 14:30:36,410 - INFO - Round 243/1000
2026-02-15 14:30:36,697 - INFO -   Silhouette: 0.2217 | School ROC: 0.6002 F1: 0.5543 | Project ROC: 0.5178 F1: 0.2075 
2026-02-15 14:30:36,697 - INFO - Round 244/1000
2026-02-15 14:30:37,018 - INFO -   Silhouette: 0.2254 | School ROC: 0.6316 F1: 0.6162 | Project ROC: 0.5360 F1: 0.2143 
2026-02-15 14:30:37,018 - INFO - Round 245/1000
2026-02-15 14:30:37,471 - INFO -   Silhouette: 0.1849 | School ROC: 0.6392 F1: 0.6096 | Project ROC: 0.5131 F1: 0.2301 
2026-02-15 14:30:37,471 - INFO - Round 246/1000
2026-02-15 14:30:37,714 - INFO -   Silhouette: 0.1996 | School ROC: 0.5890 F1: 0.5955 | Project ROC: 0.5481 F1: 0.2330 
2026-02-15 14:30:37,714 - INFO - Round 247/1000
2026-02-15 14:30:38,165 - INFO -   Silhouette: 0.2577 | School ROC: 0.6009 F1: 0.5595 | Project ROC: 0.5071 F1: 0.2056 
2026-02-15 14:30:38,166 - INFO - Round 248/1000
2026-02-15 14:30:38,496 - INFO -   Silhouette: 0.2023 | School ROC: 0.6916 F1: 0.6448 | Project ROC: 0.5158 F1: 0.2162 
2026-02-15 14:30:38,497 - INFO - Round 249/1000
2026-02-15 14:30:38,855 - INFO -   Silhouette: 0.2384 | School ROC: 0.5796 F1: 0.5914 | Project ROC: 0.5158 F1: 0.2075 
2026-02-15 14:30:38,855 - INFO - Round 250/1000
2026-02-15 14:30:39,260 - INFO -   Silhouette: 0.1999 | School ROC: 0.5829 F1: 0.5412 | Project ROC: 0.5874 F1: 0.2178 
2026-02-15 14:30:39,261 - INFO - Round 251/1000
2026-02-15 14:30:39,526 - INFO -   Silhouette: 0.2525 | School ROC: 0.6531 F1: 0.6129 | Project ROC: 0.5175 F1: 0.2301 
2026-02-15 14:30:39,526 - INFO - Round 252/1000
2026-02-15 14:30:40,045 - INFO -   Silhouette: 0.1752 | School ROC: 0.6038 F1: 0.5341 | Project ROC: 0.5487 F1: 0.2200 
2026-02-15 14:30:40,045 - INFO - Round 253/1000
2026-02-15 14:30:40,330 - INFO -   Silhouette: 0.2433 | School ROC: 0.6176 F1: 0.5761 | Project ROC: 0.5055 F1: 0.2037 
2026-02-15 14:30:40,330 - INFO - Round 254/1000
2026-02-15 14:30:40,617 - INFO -   Silhouette: 0.2369 | School ROC: 0.5899 F1: 0.5792 | Project ROC: 0.5191 F1: 0.2245 
2026-02-15 14:30:40,617 - INFO - Round 255/1000
2026-02-15 14:30:40,856 - INFO -   Silhouette: 0.2229 | School ROC: 0.5892 F1: 0.5537 | Project ROC: 0.5603 F1: 0.2041 
2026-02-15 14:30:40,857 - INFO - Round 256/1000
2026-02-15 14:30:41,114 - INFO -   Silhouette: 0.2213 | School ROC: 0.5769 F1: 0.5882 | Project ROC: 0.5534 F1: 0.2222 
2026-02-15 14:30:41,114 - INFO - Round 257/1000
2026-02-15 14:30:41,374 - INFO -   Silhouette: 0.2235 | School ROC: 0.6141 F1: 0.6304 | Project ROC: 0.5451 F1: 0.1935 
2026-02-15 14:30:41,374 - INFO - Round 258/1000
2026-02-15 14:30:41,712 - INFO -   Silhouette: 0.2155 | School ROC: 0.5841 F1: 0.5789 | Project ROC: 0.4937 F1: 0.1852 
2026-02-15 14:30:41,712 - INFO - Round 259/1000
2026-02-15 14:30:42,022 - INFO -   Silhouette: 0.2478 | School ROC: 0.6651 F1: 0.6178 | Project ROC: 0.5511 F1: 0.2364 
2026-02-15 14:30:42,022 - INFO - Round 260/1000
2026-02-15 14:30:42,265 - INFO -   Silhouette: 0.1928 | School ROC: 0.6522 F1: 0.6136 | Project ROC: 0.5503 F1: 0.2407 
2026-02-15 14:30:42,265 - INFO - Round 261/1000
2026-02-15 14:30:42,610 - INFO -   Silhouette: 0.2477 | School ROC: 0.6442 F1: 0.6087 | Project ROC: 0.5187 F1: 0.2018 
2026-02-15 14:30:42,610 - INFO - Round 262/1000
2026-02-15 14:30:42,840 - INFO -   Silhouette: 0.1785 | School ROC: 0.6524 F1: 0.6304 | Project ROC: 0.5357 F1: 0.2353 
2026-02-15 14:30:42,840 - INFO - Round 263/1000
2026-02-15 14:30:43,122 - INFO -   Silhouette: 0.2647 | School ROC: 0.6330 F1: 0.6526 | Project ROC: 0.5279 F1: 0.2075 
2026-02-15 14:30:43,122 - INFO - Round 264/1000
2026-02-15 14:30:43,365 - INFO -   Silhouette: 0.2052 | School ROC: 0.5954 F1: 0.6064 | Project ROC: 0.6034 F1: 0.2804 
2026-02-15 14:30:43,366 - INFO - Round 265/1000
2026-02-15 14:30:43,638 - INFO -   Silhouette: 0.2619 | School ROC: 0.6338 F1: 0.5792 | Project ROC: 0.5108 F1: 0.1835 
2026-02-15 14:30:43,639 - INFO - Round 266/1000
2026-02-15 14:30:43,876 - INFO -   Silhouette: 0.2085 | School ROC: 0.6243 F1: 0.5792 | Project ROC: 0.5479 F1: 0.2264 
2026-02-15 14:30:43,876 - INFO - Round 267/1000
2026-02-15 14:30:44,196 - INFO -   Silhouette: 0.2202 | School ROC: 0.6422 F1: 0.5882 | Project ROC: 0.4907 F1: 0.1800 
2026-02-15 14:30:44,196 - INFO - Round 268/1000
2026-02-15 14:30:44,469 - INFO -   Silhouette: 0.2364 | School ROC: 0.5612 F1: 0.5000 | Project ROC: 0.5320 F1: 0.2308 
2026-02-15 14:30:44,469 - INFO - Round 269/1000
2026-02-15 14:30:44,767 - INFO -   Silhouette: 0.1926 | School ROC: 0.5526 F1: 0.5486 | Project ROC: 0.4755 F1: 0.1524 
2026-02-15 14:30:44,767 - INFO - Round 270/1000
2026-02-15 14:30:45,004 - INFO -   Silhouette: 0.2201 | School ROC: 0.6414 F1: 0.5989 | Project ROC: 0.5568 F1: 0.2385 
2026-02-15 14:30:45,004 - INFO - Round 271/1000
2026-02-15 14:30:45,279 - INFO -   Silhouette: 0.2191 | School ROC: 0.6213 F1: 0.5698 | Project ROC: 0.5893 F1: 0.2642 
2026-02-15 14:30:45,279 - INFO - Round 272/1000
2026-02-15 14:30:45,594 - INFO -   Silhouette: 0.2218 | School ROC: 0.6116 F1: 0.6067 | Project ROC: 0.5123 F1: 0.1947 
2026-02-15 14:30:45,595 - INFO - Round 273/1000
2026-02-15 14:30:45,838 - INFO -   Silhouette: 0.2298 | School ROC: 0.5792 F1: 0.5763 | Project ROC: 0.5169 F1: 0.2018 
2026-02-15 14:30:45,838 - INFO - Round 274/1000
2026-02-15 14:30:46,108 - INFO -   Silhouette: 0.2502 | School ROC: 0.5993 F1: 0.5789 | Project ROC: 0.4832 F1: 0.1818 
2026-02-15 14:30:46,108 - INFO - Round 275/1000
2026-02-15 14:30:46,361 - INFO -   Silhouette: 0.1880 | School ROC: 0.6532 F1: 0.6118 | Project ROC: 0.5136 F1: 0.2301 
2026-02-15 14:30:46,361 - INFO - Round 276/1000
2026-02-15 14:30:46,705 - INFO -   Silhouette: 0.2435 | School ROC: 0.6169 F1: 0.5876 | Project ROC: 0.5852 F1: 0.2286 
2026-02-15 14:30:46,705 - INFO - Round 277/1000
2026-02-15 14:30:46,918 - INFO -   Silhouette: 0.2162 | School ROC: 0.5499 F1: 0.5281 | Project ROC: 0.5442 F1: 0.2286 
2026-02-15 14:30:46,918 - INFO - Round 278/1000
2026-02-15 14:30:47,287 - INFO -   Silhouette: 0.2922 | School ROC: 0.6471 F1: 0.6136 | Project ROC: 0.5563 F1: 0.2385 
2026-02-15 14:30:47,288 - INFO - Round 279/1000
2026-02-15 14:30:47,597 - INFO -   Silhouette: 0.2647 | School ROC: 0.6296 F1: 0.5792 | Project ROC: 0.5368 F1: 0.2157 
2026-02-15 14:30:47,598 - INFO - Round 280/1000
2026-02-15 14:30:47,838 - INFO -   Silhouette: 0.2393 | School ROC: 0.6025 F1: 0.5810 | Project ROC: 0.4695 F1: 0.1818 
2026-02-15 14:30:47,839 - INFO - Round 281/1000
2026-02-15 14:30:48,082 - INFO -   Silhouette: 0.2975 | School ROC: 0.6239 F1: 0.5682 | Project ROC: 0.5928 F1: 0.2800 
2026-02-15 14:30:48,082 - INFO - Round 282/1000
2026-02-15 14:30:48,338 - INFO -   Silhouette: 0.2364 | School ROC: 0.6829 F1: 0.6369 | Project ROC: 0.5810 F1: 0.2752 
2026-02-15 14:30:48,338 - INFO - Round 283/1000
2026-02-15 14:30:48,624 - INFO -   Silhouette: 0.2279 | School ROC: 0.6164 F1: 0.5549 | Project ROC: 0.5413 F1: 0.2330 
2026-02-15 14:30:48,625 - INFO - Round 284/1000
2026-02-15 14:30:48,977 - INFO -   Silhouette: 0.2341 | School ROC: 0.6371 F1: 0.5989 | Project ROC: 0.5368 F1: 0.2162 
2026-02-15 14:30:48,977 - INFO - Round 285/1000
2026-02-15 14:30:49,271 - INFO -   Silhouette: 0.1848 | School ROC: 0.6286 F1: 0.6421 | Project ROC: 0.6015 F1: 0.2569 
2026-02-15 14:30:49,271 - INFO - Round 286/1000
2026-02-15 14:30:49,515 - INFO -   Silhouette: 0.2331 | School ROC: 0.6386 F1: 0.5922 | Project ROC: 0.5296 F1: 0.2200 
2026-02-15 14:30:49,515 - INFO - Round 287/1000
2026-02-15 14:30:49,899 - INFO -   Silhouette: 0.2469 | School ROC: 0.6388 F1: 0.6129 | Project ROC: 0.4807 F1: 0.1667 
2026-02-15 14:30:49,899 - INFO - Round 288/1000
2026-02-15 14:30:50,186 - INFO -   Silhouette: 0.2937 | School ROC: 0.6221 F1: 0.5824 | Project ROC: 0.5916 F1: 0.2524 
2026-02-15 14:30:50,187 - INFO - Round 289/1000
2026-02-15 14:30:50,416 - INFO -   Silhouette: 0.2184 | School ROC: 0.6154 F1: 0.5581 | Project ROC: 0.5182 F1: 0.1905 
2026-02-15 14:30:50,416 - INFO - Round 290/1000
2026-02-15 14:30:50,660 - INFO -   Silhouette: 0.2567 | School ROC: 0.5532 F1: 0.5525 | Project ROC: 0.5213 F1: 0.2430 
2026-02-15 14:30:50,660 - INFO - Round 291/1000
2026-02-15 14:30:50,896 - INFO -   Silhouette: 0.2133 | School ROC: 0.6212 F1: 0.6222 | Project ROC: 0.5804 F1: 0.2581 
2026-02-15 14:30:50,896 - INFO - Round 292/1000
2026-02-15 14:30:51,233 - INFO -   Silhouette: 0.2187 | School ROC: 0.5568 F1: 0.5698 | Project ROC: 0.4626 F1: 0.1800 
2026-02-15 14:30:51,233 - INFO - Round 293/1000
2026-02-15 14:30:51,578 - INFO -   Silhouette: 0.2597 | School ROC: 0.6298 F1: 0.6203 | Project ROC: 0.5477 F1: 0.2162 
2026-02-15 14:30:51,578 - INFO - Round 294/1000
2026-02-15 14:30:51,858 - INFO -   Silhouette: 0.2958 | School ROC: 0.5794 F1: 0.5202 | Project ROC: 0.4877 F1: 0.1682 
2026-02-15 14:30:51,858 - INFO - Round 295/1000
2026-02-15 14:30:52,124 - INFO -   Silhouette: 0.2623 | School ROC: 0.6013 F1: 0.5635 | Project ROC: 0.5392 F1: 0.2222 
2026-02-15 14:30:52,125 - INFO - Round 296/1000
2026-02-15 14:30:52,411 - INFO -   Silhouette: 0.2024 | School ROC: 0.6164 F1: 0.5838 | Project ROC: 0.5200 F1: 0.2037 
2026-02-15 14:30:52,411 - INFO - Round 297/1000
2026-02-15 14:30:52,704 - INFO -   Silhouette: 0.2339 | School ROC: 0.6625 F1: 0.6421 | Project ROC: 0.4955 F1: 0.2069 
2026-02-15 14:30:52,705 - INFO - Round 298/1000
2026-02-15 14:30:52,984 - INFO -   Silhouette: 0.2822 | School ROC: 0.6052 F1: 0.5856 | Project ROC: 0.5093 F1: 0.1923 
2026-02-15 14:30:52,985 - INFO - Round 299/1000
2026-02-15 14:30:53,239 - INFO -   Silhouette: 0.2148 | School ROC: 0.6240 F1: 0.6257 | Project ROC: 0.5756 F1: 0.2083 
2026-02-15 14:30:53,240 - INFO - Round 300/1000
2026-02-15 14:30:53,490 - INFO -   Silhouette: 0.2052 | School ROC: 0.6655 F1: 0.6264 | Project ROC: 0.5547 F1: 0.2500 
2026-02-15 14:30:53,490 - INFO - Round 301/1000
2026-02-15 14:30:53,731 - INFO -   Silhouette: 0.2565 | School ROC: 0.6049 F1: 0.6022 | Project ROC: 0.5658 F1: 0.2407 
2026-02-15 14:30:53,731 - INFO - Round 302/1000
2026-02-15 14:30:54,030 - INFO -   Silhouette: 0.2149 | School ROC: 0.5897 F1: 0.5680 | Project ROC: 0.5641 F1: 0.2581 
2026-02-15 14:30:54,030 - INFO - Round 303/1000
2026-02-15 14:30:54,282 - INFO -   Silhouette: 0.1840 | School ROC: 0.5610 F1: 0.5683 | Project ROC: 0.5800 F1: 0.2476 
2026-02-15 14:30:54,283 - INFO - Round 304/1000
2026-02-15 14:30:54,615 - INFO -   Silhouette: 0.2354 | School ROC: 0.6356 F1: 0.6304 | Project ROC: 0.5875 F1: 0.2804 
2026-02-15 14:30:54,615 - INFO - Round 305/1000
2026-02-15 14:30:54,911 - INFO -   Silhouette: 0.1829 | School ROC: 0.6024 F1: 0.5763 | Project ROC: 0.5411 F1: 0.2105 
2026-02-15 14:30:54,911 - INFO - Round 306/1000
2026-02-15 14:30:55,264 - INFO -   Silhouette: 0.2510 | School ROC: 0.6247 F1: 0.6203 | Project ROC: 0.5481 F1: 0.2456 
2026-02-15 14:30:55,264 - INFO - Round 307/1000
2026-02-15 14:30:55,590 - INFO -   Silhouette: 0.2164 | School ROC: 0.6419 F1: 0.5934 | Project ROC: 0.5286 F1: 0.1980 
2026-02-15 14:30:55,590 - INFO - Round 308/1000
2026-02-15 14:30:55,914 - INFO -   Silhouette: 0.1844 | School ROC: 0.6394 F1: 0.6087 | Project ROC: 0.5703 F1: 0.2292 
2026-02-15 14:30:55,914 - INFO - Round 309/1000
2026-02-15 14:30:56,162 - INFO -   Silhouette: 0.2413 | School ROC: 0.6435 F1: 0.5977 | Project ROC: 0.5941 F1: 0.2800 
2026-02-15 14:30:56,162 - INFO - Round 310/1000
2026-02-15 14:30:56,411 - INFO -   Silhouette: 0.2412 | School ROC: 0.6134 F1: 0.6077 | Project ROC: 0.4651 F1: 0.1748 
2026-02-15 14:30:56,411 - INFO - Round 311/1000
2026-02-15 14:30:56,696 - INFO -   Silhouette: 0.2292 | School ROC: 0.5988 F1: 0.5549 | Project ROC: 0.4980 F1: 0.1748 
2026-02-15 14:30:56,697 - INFO - Round 312/1000
2026-02-15 14:30:57,037 - INFO -   Silhouette: 0.2226 | School ROC: 0.5990 F1: 0.5778 | Project ROC: 0.4964 F1: 0.1765 
2026-02-15 14:30:57,037 - INFO - Round 313/1000
2026-02-15 14:30:57,335 - INFO -   Silhouette: 0.1832 | School ROC: 0.6004 F1: 0.5889 | Project ROC: 0.5473 F1: 0.1980 
2026-02-15 14:30:57,336 - INFO - Round 314/1000
2026-02-15 14:30:57,633 - INFO -   Silhouette: 0.2068 | School ROC: 0.6243 F1: 0.5922 | Project ROC: 0.5607 F1: 0.2281 
2026-02-15 14:30:57,633 - INFO - Round 315/1000
2026-02-15 14:30:57,870 - INFO -   Silhouette: 0.2462 | School ROC: 0.6422 F1: 0.5632 | Project ROC: 0.5061 F1: 0.2124 
2026-02-15 14:30:57,870 - INFO - Round 316/1000
2026-02-15 14:30:58,155 - INFO -   Silhouette: 0.2210 | School ROC: 0.5977 F1: 0.6000 | Project ROC: 0.5241 F1: 0.2115 
2026-02-15 14:30:58,155 - INFO - Round 317/1000
2026-02-15 14:30:58,471 - INFO -   Silhouette: 0.2197 | School ROC: 0.5982 F1: 0.5517 | Project ROC: 0.5457 F1: 0.2449 
2026-02-15 14:30:58,471 - INFO - Round 318/1000
2026-02-15 14:30:58,773 - INFO -   Silhouette: 0.2419 | School ROC: 0.6117 F1: 0.6180 | Project ROC: 0.5877 F1: 0.2453 
2026-02-15 14:30:58,774 - INFO - Round 319/1000
2026-02-15 14:30:59,051 - INFO -   Silhouette: 0.2246 | School ROC: 0.5987 F1: 0.5730 | Project ROC: 0.5155 F1: 0.2400 
2026-02-15 14:30:59,052 - INFO - Round 320/1000
2026-02-15 14:30:59,393 - INFO -   Silhouette: 0.2220 | School ROC: 0.5849 F1: 0.5587 | Project ROC: 0.4901 F1: 0.1731 
2026-02-15 14:30:59,394 - INFO - Round 321/1000
2026-02-15 14:30:59,729 - INFO -   Silhouette: 0.2279 | School ROC: 0.6213 F1: 0.5763 | Project ROC: 0.5069 F1: 0.2200 
2026-02-15 14:30:59,729 - INFO - Round 322/1000
2026-02-15 14:30:59,947 - INFO -   Silhouette: 0.2202 | School ROC: 0.6048 F1: 0.5568 | Project ROC: 0.5080 F1: 0.1905 
2026-02-15 14:30:59,947 - INFO - Round 323/1000
2026-02-15 14:31:00,198 - INFO -   Silhouette: 0.2387 | School ROC: 0.6584 F1: 0.6120 | Project ROC: 0.4943 F1: 0.1852 
2026-02-15 14:31:00,199 - INFO - Round 324/1000
2026-02-15 14:31:00,570 - INFO -   Silhouette: 0.2289 | School ROC: 0.6260 F1: 0.6000 | Project ROC: 0.4875 F1: 0.1414 
2026-02-15 14:31:00,571 - INFO - Round 325/1000
2026-02-15 14:31:00,852 - INFO -   Silhouette: 0.2515 | School ROC: 0.5956 F1: 0.5814 | Project ROC: 0.5264 F1: 0.1887 
2026-02-15 14:31:00,852 - INFO - Round 326/1000
2026-02-15 14:31:01,098 - INFO -   Silhouette: 0.2384 | School ROC: 0.6212 F1: 0.5843 | Project ROC: 0.5206 F1: 0.1837 
2026-02-15 14:31:01,099 - INFO - Round 327/1000
2026-02-15 14:31:01,364 - INFO -   Silhouette: 0.2354 | School ROC: 0.6056 F1: 0.6264 | Project ROC: 0.5533 F1: 0.2745 
2026-02-15 14:31:01,364 - INFO - Round 328/1000
2026-02-15 14:31:01,620 - INFO -   Silhouette: 0.2217 | School ROC: 0.5860 F1: 0.5746 | Project ROC: 0.5123 F1: 0.1782 
2026-02-15 14:31:01,620 - INFO - Round 329/1000
2026-02-15 14:31:01,886 - INFO -   Silhouette: 0.2179 | School ROC: 0.6287 F1: 0.6077 | Project ROC: 0.5912 F1: 0.2545 
2026-02-15 14:31:01,886 - INFO - Round 330/1000
2026-02-15 14:31:02,149 - INFO -   Silhouette: 0.2868 | School ROC: 0.6111 F1: 0.6023 | Project ROC: 0.4866 F1: 0.2075 
2026-02-15 14:31:02,149 - INFO - Round 331/1000
2026-02-15 14:31:02,469 - INFO -   Silhouette: 0.3140 | School ROC: 0.6281 F1: 0.5683 | Project ROC: 0.4628 F1: 0.1651 
2026-02-15 14:31:02,469 - INFO - Round 332/1000
2026-02-15 14:31:02,745 - INFO -   Silhouette: 0.2480 | School ROC: 0.6084 F1: 0.5989 | Project ROC: 0.5487 F1: 0.2222 
2026-02-15 14:31:02,746 - INFO - Round 333/1000
2026-02-15 14:31:03,104 - INFO -   Silhouette: 0.2275 | School ROC: 0.6267 F1: 0.5909 | Project ROC: 0.5219 F1: 0.2075 
2026-02-15 14:31:03,104 - INFO - Round 334/1000
2026-02-15 14:31:03,377 - INFO -   Silhouette: 0.2202 | School ROC: 0.6470 F1: 0.6257 | Project ROC: 0.5890 F1: 0.2718 
2026-02-15 14:31:03,378 - INFO - Round 335/1000
2026-02-15 14:31:03,755 - INFO -   Silhouette: 0.2320 | School ROC: 0.6714 F1: 0.6215 | Project ROC: 0.5236 F1: 0.2261 
2026-02-15 14:31:03,755 - INFO - Round 336/1000
2026-02-15 14:31:04,081 - INFO -   Silhouette: 0.2044 | School ROC: 0.6014 F1: 0.5876 | Project ROC: 0.5474 F1: 0.2353 
2026-02-15 14:31:04,082 - INFO - Round 337/1000
2026-02-15 14:31:04,337 - INFO -   Silhouette: 0.2036 | School ROC: 0.6529 F1: 0.6222 | Project ROC: 0.5905 F1: 0.2569 
2026-02-15 14:31:04,337 - INFO - Round 338/1000
2026-02-15 14:31:04,621 - INFO -   Silhouette: 0.2651 | School ROC: 0.5924 F1: 0.5934 | Project ROC: 0.5547 F1: 0.2308 
2026-02-15 14:31:04,621 - INFO - Round 339/1000
2026-02-15 14:31:04,961 - INFO -   Silhouette: 0.2529 | School ROC: 0.6756 F1: 0.6257 | Project ROC: 0.5039 F1: 0.2185 
2026-02-15 14:31:04,962 - INFO - Round 340/1000
2026-02-15 14:31:05,255 - INFO -   Silhouette: 0.2357 | School ROC: 0.6379 F1: 0.6145 | Project ROC: 0.5610 F1: 0.2264 
2026-02-15 14:31:05,255 - INFO - Round 341/1000
2026-02-15 14:31:05,609 - INFO -   Silhouette: 0.2559 | School ROC: 0.5877 F1: 0.5989 | Project ROC: 0.5229 F1: 0.2342 
2026-02-15 14:31:05,609 - INFO - Round 342/1000
2026-02-15 14:31:05,892 - INFO -   Silhouette: 0.2194 | School ROC: 0.6145 F1: 0.5667 | Project ROC: 0.5004 F1: 0.2182 
2026-02-15 14:31:05,893 - INFO - Round 343/1000
2026-02-15 14:31:06,161 - INFO -   Silhouette: 0.2167 | School ROC: 0.6200 F1: 0.5600 | Project ROC: 0.5137 F1: 0.2308 
2026-02-15 14:31:06,161 - INFO - Round 344/1000
2026-02-15 14:31:06,382 - INFO -   Silhouette: 0.2473 | School ROC: 0.6232 F1: 0.5870 | Project ROC: 0.5261 F1: 0.2243 
2026-02-15 14:31:06,382 - INFO - Round 345/1000
2026-02-15 14:31:06,652 - INFO -   Silhouette: 0.2460 | School ROC: 0.5966 F1: 0.5537 | Project ROC: 0.5003 F1: 0.2037 
2026-02-15 14:31:06,652 - INFO - Round 346/1000
2026-02-15 14:31:06,913 - INFO -   Silhouette: 0.2416 | School ROC: 0.5932 F1: 0.5730 | Project ROC: 0.5953 F1: 0.2679 
2026-02-15 14:31:06,913 - INFO - Round 347/1000
2026-02-15 14:31:07,139 - INFO -   Silhouette: 0.1982 | School ROC: 0.6503 F1: 0.6196 | Project ROC: 0.5549 F1: 0.2424 
2026-02-15 14:31:07,140 - INFO - Round 348/1000
2026-02-15 14:31:07,439 - INFO -   Silhouette: 0.2041 | School ROC: 0.6876 F1: 0.6292 | Project ROC: 0.5048 F1: 0.2018 
2026-02-15 14:31:07,440 - INFO - Round 349/1000
2026-02-15 14:31:07,708 - INFO -   Silhouette: 0.2263 | School ROC: 0.6230 F1: 0.5647 | Project ROC: 0.5778 F1: 0.2476 
2026-02-15 14:31:07,709 - INFO - Round 350/1000
2026-02-15 14:31:08,039 - INFO -   Silhouette: 0.2243 | School ROC: 0.6110 F1: 0.5549 | Project ROC: 0.5343 F1: 0.2301 
2026-02-15 14:31:08,039 - INFO - Round 351/1000
2026-02-15 14:31:08,435 - INFO -   Silhouette: 0.2340 | School ROC: 0.6326 F1: 0.5556 | Project ROC: 0.6443 F1: 0.2778 ✓
2026-02-15 14:31:08,503 - INFO - Results saved to /home/dev/work_main/random/assesment/k_means_selected/gemma3-12B_cv_evo_results.json
2026-02-15 14:31:08,503 - INFO - Round 352/1000
2026-02-15 14:31:08,700 - INFO -   Silhouette: 0.2615 | School ROC: 0.5536 F1: 0.5506 | Project ROC: 0.5476 F1: 0.2041 
2026-02-15 14:31:08,700 - INFO - Round 353/1000
2026-02-15 14:31:08,997 - INFO -   Silhouette: 0.1884 | School ROC: 0.6401 F1: 0.5896 | Project ROC: 0.5219 F1: 0.2200 
2026-02-15 14:31:08,997 - INFO - Round 354/1000
2026-02-15 14:31:09,285 - INFO -   Silhouette: 0.2181 | School ROC: 0.6098 F1: 0.5730 | Project ROC: 0.5171 F1: 0.1835 
2026-02-15 14:31:09,286 - INFO - Round 355/1000
2026-02-15 14:31:09,530 - INFO -   Silhouette: 0.2396 | School ROC: 0.6373 F1: 0.6237 | Project ROC: 0.5407 F1: 0.2424 
2026-02-15 14:31:09,530 - INFO - Round 356/1000
2026-02-15 14:31:09,777 - INFO -   Silhouette: 0.2133 | School ROC: 0.6126 F1: 0.5810 | Project ROC: 0.5508 F1: 0.1982 
2026-02-15 14:31:09,778 - INFO - Round 357/1000
2026-02-15 14:31:10,118 - INFO -   Silhouette: 0.1734 | School ROC: 0.5977 F1: 0.5775 | Project ROC: 0.5260 F1: 0.2385 
2026-02-15 14:31:10,118 - INFO - Round 358/1000
2026-02-15 14:31:10,410 - INFO -   Silhouette: 0.2521 | School ROC: 0.6295 F1: 0.5761 | Project ROC: 0.5398 F1: 0.2281 
2026-02-15 14:31:10,410 - INFO - Round 359/1000
2026-02-15 14:31:10,707 - INFO -   Silhouette: 0.1886 | School ROC: 0.6288 F1: 0.5595 | Project ROC: 0.5864 F1: 0.2737 
2026-02-15 14:31:10,707 - INFO - Round 360/1000
2026-02-15 14:31:10,924 - INFO -   Silhouette: 0.2408 | School ROC: 0.6318 F1: 0.6162 | Project ROC: 0.5257 F1: 0.2000 
2026-02-15 14:31:10,924 - INFO - Round 361/1000
2026-02-15 14:31:11,197 - INFO -   Silhouette: 0.2478 | School ROC: 0.6060 F1: 0.5775 | Project ROC: 0.5257 F1: 0.2182 
2026-02-15 14:31:11,197 - INFO - Round 362/1000
2026-02-15 14:31:11,471 - INFO -   Silhouette: 0.2273 | School ROC: 0.5998 F1: 0.5730 | Project ROC: 0.5427 F1: 0.2136 
2026-02-15 14:31:11,471 - INFO - Round 363/1000
2026-02-15 14:31:11,755 - INFO -   Silhouette: 0.2544 | School ROC: 0.6026 F1: 0.5870 | Project ROC: 0.5614 F1: 0.2642 
2026-02-15 14:31:11,755 - INFO - Round 364/1000
2026-02-15 14:31:12,088 - INFO -   Silhouette: 0.1920 | School ROC: 0.6196 F1: 0.6010 | Project ROC: 0.4997 F1: 0.2000 
2026-02-15 14:31:12,088 - INFO - Round 365/1000
2026-02-15 14:31:12,388 - INFO -   Silhouette: 0.1975 | School ROC: 0.5719 F1: 0.5405 | Project ROC: 0.5273 F1: 0.2182 
2026-02-15 14:31:12,388 - INFO - Round 366/1000
2026-02-15 14:31:12,755 - INFO -   Silhouette: 0.2748 | School ROC: 0.6104 F1: 0.5914 | Project ROC: 0.5264 F1: 0.1961 
2026-02-15 14:31:12,755 - INFO - Round 367/1000
2026-02-15 14:31:13,030 - INFO -   Silhouette: 0.2521 | School ROC: 0.6257 F1: 0.6170 | Project ROC: 0.5913 F1: 0.2524 
2026-02-15 14:31:13,031 - INFO - Round 368/1000
2026-02-15 14:31:13,389 - INFO -   Silhouette: 0.2286 | School ROC: 0.6313 F1: 0.5810 | Project ROC: 0.4930 F1: 0.1748 
2026-02-15 14:31:13,389 - INFO - Round 369/1000
2026-02-15 14:31:13,649 - INFO -   Silhouette: 0.2822 | School ROC: 0.6032 F1: 0.5683 | Project ROC: 0.4991 F1: 0.2075 
2026-02-15 14:31:13,649 - INFO - Round 370/1000
2026-02-15 14:31:13,993 - INFO -   Silhouette: 0.2087 | School ROC: 0.6359 F1: 0.6102 | Project ROC: 0.5158 F1: 0.2373 
2026-02-15 14:31:13,994 - INFO - Round 371/1000
2026-02-15 14:31:14,277 - INFO -   Silhouette: 0.1821 | School ROC: 0.6555 F1: 0.6082 | Project ROC: 0.5724 F1: 0.2500 
2026-02-15 14:31:14,278 - INFO - Round 372/1000
2026-02-15 14:31:14,531 - INFO -   Silhouette: 0.2654 | School ROC: 0.6376 F1: 0.6032 | Project ROC: 0.5293 F1: 0.2202 
2026-02-15 14:31:14,531 - INFO - Round 373/1000
2026-02-15 14:31:14,858 - INFO -   Silhouette: 0.2650 | School ROC: 0.6138 F1: 0.6023 | Project ROC: 0.5600 F1: 0.2151 
2026-02-15 14:31:14,858 - INFO - Round 374/1000
2026-02-15 14:31:15,225 - INFO -   Silhouette: 0.2285 | School ROC: 0.5920 F1: 0.5902 | Project ROC: 0.4710 F1: 0.2075 
2026-02-15 14:31:15,225 - INFO - Round 375/1000
2026-02-15 14:31:15,503 - INFO -   Silhouette: 0.2842 | School ROC: 0.6321 F1: 0.5698 | Project ROC: 0.5039 F1: 0.2143 
2026-02-15 14:31:15,503 - INFO - Round 376/1000
2026-02-15 14:31:15,795 - INFO -   Silhouette: 0.2366 | School ROC: 0.5730 F1: 0.5269 | Project ROC: 0.4697 F1: 0.1489 
2026-02-15 14:31:15,795 - INFO - Round 377/1000
2026-02-15 14:31:16,089 - INFO -   Silhouette: 0.2184 | School ROC: 0.5907 F1: 0.5761 | Project ROC: 0.4527 F1: 0.1786 
2026-02-15 14:31:16,090 - INFO - Round 378/1000
2026-02-15 14:31:16,372 - INFO -   Silhouette: 0.2585 | School ROC: 0.6837 F1: 0.6310 | Project ROC: 0.5053 F1: 0.2203 
2026-02-15 14:31:16,372 - INFO - Round 379/1000
2026-02-15 14:31:16,694 - INFO -   Silhouette: 0.2396 | School ROC: 0.5696 F1: 0.5667 | Project ROC: 0.5616 F1: 0.2151 
2026-02-15 14:31:16,694 - INFO - Round 380/1000
2026-02-15 14:31:17,031 - INFO -   Silhouette: 0.2193 | School ROC: 0.6248 F1: 0.6022 | Project ROC: 0.4975 F1: 0.2037 
2026-02-15 14:31:17,031 - INFO - Round 381/1000
2026-02-15 14:31:17,305 - INFO -   Silhouette: 0.1936 | School ROC: 0.6203 F1: 0.5934 | Project ROC: 0.5131 F1: 0.2182 
2026-02-15 14:31:17,306 - INFO - Round 382/1000
2026-02-15 14:31:17,600 - INFO -   Silhouette: 0.2086 | School ROC: 0.6282 F1: 0.6034 | Project ROC: 0.5048 F1: 0.1782 
2026-02-15 14:31:17,601 - INFO - Round 383/1000
2026-02-15 14:31:17,913 - INFO -   Silhouette: 0.2386 | School ROC: 0.5991 F1: 0.5683 | Project ROC: 0.5296 F1: 0.2095 
2026-02-15 14:31:17,913 - INFO - Round 384/1000
2026-02-15 14:31:18,225 - INFO -   Silhouette: 0.2094 | School ROC: 0.6499 F1: 0.6257 | Project ROC: 0.5231 F1: 0.2095 
2026-02-15 14:31:18,226 - INFO - Round 385/1000
2026-02-15 14:31:18,516 - INFO -   Silhouette: 0.2216 | School ROC: 0.6389 F1: 0.6292 | Project ROC: 0.5058 F1: 0.1905 
2026-02-15 14:31:18,517 - INFO - Round 386/1000
2026-02-15 14:31:18,766 - INFO -   Silhouette: 0.2120 | School ROC: 0.6365 F1: 0.6067 | Project ROC: 0.4968 F1: 0.1895 
2026-02-15 14:31:18,767 - INFO - Round 387/1000
2026-02-15 14:31:19,079 - INFO -   Silhouette: 0.2362 | School ROC: 0.6688 F1: 0.6413 | Project ROC: 0.5760 F1: 0.2243 
2026-02-15 14:31:19,080 - INFO - Round 388/1000
2026-02-15 14:31:19,434 - INFO -   Silhouette: 0.2182 | School ROC: 0.6715 F1: 0.6404 | Project ROC: 0.5184 F1: 0.1942 
2026-02-15 14:31:19,435 - INFO - Round 389/1000
2026-02-15 14:31:19,815 - INFO -   Silhouette: 0.2336 | School ROC: 0.5604 F1: 0.5604 | Project ROC: 0.5306 F1: 0.2453 
2026-02-15 14:31:19,816 - INFO - Round 390/1000
2026-02-15 14:31:20,043 - INFO -   Silhouette: 0.2604 | School ROC: 0.6098 F1: 0.5824 | Project ROC: 0.4977 F1: 0.1905 
2026-02-15 14:31:20,044 - INFO - Round 391/1000
2026-02-15 14:31:20,294 - INFO -   Silhouette: 0.2402 | School ROC: 0.6286 F1: 0.6054 | Project ROC: 0.5273 F1: 0.2075 
2026-02-15 14:31:20,294 - INFO - Round 392/1000
2026-02-15 14:31:20,579 - INFO -   Silhouette: 0.2545 | School ROC: 0.6290 F1: 0.6230 | Project ROC: 0.5712 F1: 0.2692 
2026-02-15 14:31:20,579 - INFO - Round 393/1000
2026-02-15 14:31:20,816 - INFO -   Silhouette: 0.2796 | School ROC: 0.5960 F1: 0.5465 | Project ROC: 0.4783 F1: 0.1964 
2026-02-15 14:31:20,816 - INFO - Round 394/1000
2026-02-15 14:31:21,193 - INFO -   Silhouette: 0.2853 | School ROC: 0.6435 F1: 0.6564 | Project ROC: 0.5839 F1: 0.2655 ✓
2026-02-15 14:31:21,320 - INFO - Results saved to /home/dev/work_main/random/assesment/k_means_selected/gemma3-12B_cv_evo_results.json
2026-02-15 14:31:21,321 - INFO - Round 395/1000
2026-02-15 14:31:21,511 - INFO -   Silhouette: 0.2319 | School ROC: 0.6099 F1: 0.5843 | Project ROC: 0.5713 F1: 0.2385 
2026-02-15 14:31:21,511 - INFO - Round 396/1000
2026-02-15 14:31:21,758 - INFO -   Silhouette: 0.2958 | School ROC: 0.6512 F1: 0.6064 | Project ROC: 0.5096 F1: 0.2105 
2026-02-15 14:31:21,758 - INFO - Round 397/1000
2026-02-15 14:31:22,194 - INFO -   Silhouette: 0.2364 | School ROC: 0.6156 F1: 0.5922 | Project ROC: 0.5226 F1: 0.2143 
2026-02-15 14:31:22,194 - INFO - Round 398/1000
2026-02-15 14:31:22,447 - INFO -   Silhouette: 0.2194 | School ROC: 0.6156 F1: 0.5943 | Project ROC: 0.5352 F1: 0.2157 
2026-02-15 14:31:22,448 - INFO - Round 399/1000
2026-02-15 14:31:22,692 - INFO -   Silhouette: 0.1913 | School ROC: 0.6413 F1: 0.6111 | Project ROC: 0.4657 F1: 0.1524 
2026-02-15 14:31:22,692 - INFO - Round 400/1000
2026-02-15 14:31:22,986 - INFO -   Silhouette: 0.2212 | School ROC: 0.5935 F1: 0.5465 | Project ROC: 0.5088 F1: 0.2200 
2026-02-15 14:31:22,987 - INFO - Round 401/1000
2026-02-15 14:31:23,242 - INFO -   Silhouette: 0.2584 | School ROC: 0.6342 F1: 0.5889 | Project ROC: 0.5069 F1: 0.2136 
2026-02-15 14:31:23,243 - INFO - Round 402/1000
2026-02-15 14:31:23,650 - INFO -   Silhouette: 0.2618 | School ROC: 0.6448 F1: 0.6096 | Project ROC: 0.5308 F1: 0.1869 
2026-02-15 14:31:23,650 - INFO - Round 403/1000
2026-02-15 14:31:23,949 - INFO -   Silhouette: 0.2702 | School ROC: 0.6109 F1: 0.5650 | Project ROC: 0.5550 F1: 0.2000 
2026-02-15 14:31:23,950 - INFO - Round 404/1000
2026-02-15 14:31:24,306 - INFO -   Silhouette: 0.2744 | School ROC: 0.6249 F1: 0.5824 | Project ROC: 0.5239 F1: 0.2243 
2026-02-15 14:31:24,306 - INFO - Round 405/1000
2026-02-15 14:31:24,624 - INFO -   Silhouette: 0.2529 | School ROC: 0.6380 F1: 0.6087 | Project ROC: 0.4946 F1: 0.2000 
2026-02-15 14:31:24,624 - INFO - Round 406/1000
2026-02-15 14:31:24,951 - INFO -   Silhouette: 0.1847 | School ROC: 0.6208 F1: 0.6222 | Project ROC: 0.5473 F1: 0.1905 
2026-02-15 14:31:24,952 - INFO - Round 407/1000
2026-02-15 14:31:25,225 - INFO -   Silhouette: 0.2134 | School ROC: 0.6505 F1: 0.6092 | Project ROC: 0.5804 F1: 0.2679 
2026-02-15 14:31:25,226 - INFO - Round 408/1000
2026-02-15 14:31:25,526 - INFO -   Silhouette: 0.2317 | School ROC: 0.6179 F1: 0.6011 | Project ROC: 0.5782 F1: 0.2500 
2026-02-15 14:31:25,526 - INFO - Round 409/1000
2026-02-15 14:31:25,782 - INFO -   Silhouette: 0.2473 | School ROC: 0.6217 F1: 0.5896 | Project ROC: 0.5667 F1: 0.2222 
2026-02-15 14:31:25,783 - INFO - Round 410/1000
2026-02-15 14:31:26,049 - INFO -   Silhouette: 0.2069 | School ROC: 0.6861 F1: 0.6448 | Project ROC: 0.5600 F1: 0.2593 
2026-02-15 14:31:26,049 - INFO - Round 411/1000
2026-02-15 14:31:26,288 - INFO -   Silhouette: 0.2043 | School ROC: 0.5734 F1: 0.5424 | Project ROC: 0.5445 F1: 0.2136 
2026-02-15 14:31:26,289 - INFO - Round 412/1000
2026-02-15 14:31:26,589 - INFO -   Silhouette: 0.2481 | School ROC: 0.6192 F1: 0.5414 | Project ROC: 0.5248 F1: 0.2261 
2026-02-15 14:31:26,589 - INFO - Round 413/1000
2026-02-15 14:31:27,040 - INFO -   Silhouette: 0.2266 | School ROC: 0.5765 F1: 0.5989 | Project ROC: 0.5693 F1: 0.2680 
2026-02-15 14:31:27,040 - INFO - Round 414/1000
2026-02-15 14:31:27,338 - INFO -   Silhouette: 0.2760 | School ROC: 0.6343 F1: 0.6044 | Project ROC: 0.5465 F1: 0.2308 
2026-02-15 14:31:27,338 - INFO - Round 415/1000
2026-02-15 14:31:27,620 - INFO -   Silhouette: 0.2324 | School ROC: 0.6173 F1: 0.5934 | Project ROC: 0.5546 F1: 0.2407 
2026-02-15 14:31:27,620 - INFO - Round 416/1000
2026-02-15 14:31:27,858 - INFO -   Silhouette: 0.2167 | School ROC: 0.6686 F1: 0.6012 | Project ROC: 0.5661 F1: 0.2524 
2026-02-15 14:31:27,858 - INFO - Round 417/1000
2026-02-15 14:31:28,197 - INFO -   Silhouette: 0.1642 | School ROC: 0.6015 F1: 0.5778 | Project ROC: 0.5219 F1: 0.1702 
2026-02-15 14:31:28,197 - INFO - Round 418/1000
2026-02-15 14:31:28,433 - INFO -   Silhouette: 0.2339 | School ROC: 0.5873 F1: 0.5862 | Project ROC: 0.5454 F1: 0.2136 
2026-02-15 14:31:28,433 - INFO - Round 419/1000
2026-02-15 14:31:28,726 - INFO -   Silhouette: 0.2364 | School ROC: 0.6162 F1: 0.5889 | Project ROC: 0.5489 F1: 0.2549 
2026-02-15 14:31:28,727 - INFO - Round 420/1000
2026-02-15 14:31:28,994 - INFO -   Silhouette: 0.2688 | School ROC: 0.6260 F1: 0.5838 | Project ROC: 0.4774 F1: 0.1835 
2026-02-15 14:31:28,994 - INFO - Round 421/1000
2026-02-15 14:31:29,258 - INFO -   Silhouette: 0.2515 | School ROC: 0.6186 F1: 0.5967 | Project ROC: 0.5664 F1: 0.2456 
2026-02-15 14:31:29,258 - INFO - Round 422/1000
2026-02-15 14:31:29,534 - INFO -   Silhouette: 0.2747 | School ROC: 0.6147 F1: 0.5902 | Project ROC: 0.5044 F1: 0.1731 
2026-02-15 14:31:29,534 - INFO - Round 423/1000
2026-02-15 14:31:29,842 - INFO -   Silhouette: 0.2125 | School ROC: 0.6561 F1: 0.6012 | Project ROC: 0.5592 F1: 0.2222 
2026-02-15 14:31:29,842 - INFO - Round 424/1000
2026-02-15 14:31:30,077 - INFO -   Silhouette: 0.2159 | School ROC: 0.5615 F1: 0.5568 | Project ROC: 0.4698 F1: 0.1584 
2026-02-15 14:31:30,077 - INFO - Round 425/1000
2026-02-15 14:31:30,438 - INFO -   Silhouette: 0.2511 | School ROC: 0.6301 F1: 0.6203 | Project ROC: 0.5620 F1: 0.2162 
2026-02-15 14:31:30,438 - INFO - Round 426/1000
2026-02-15 14:31:30,808 - INFO -   Silhouette: 0.2260 | School ROC: 0.6164 F1: 0.5778 | Project ROC: 0.4999 F1: 0.1782 
2026-02-15 14:31:30,809 - INFO - Round 427/1000
2026-02-15 14:31:31,050 - INFO -   Silhouette: 0.2280 | School ROC: 0.6183 F1: 0.5486 | Project ROC: 0.5836 F1: 0.2453 
2026-02-15 14:31:31,050 - INFO - Round 428/1000
2026-02-15 14:31:31,298 - INFO -   Silhouette: 0.2906 | School ROC: 0.5825 F1: 0.5792 | Project ROC: 0.4786 F1: 0.2037 
2026-02-15 14:31:31,298 - INFO - Round 429/1000
2026-02-15 14:31:31,662 - INFO -   Silhouette: 0.2100 | School ROC: 0.6239 F1: 0.5795 | Project ROC: 0.5552 F1: 0.2430 
2026-02-15 14:31:31,663 - INFO - Round 430/1000
2026-02-15 14:31:31,968 - INFO -   Silhouette: 0.2305 | School ROC: 0.6282 F1: 0.5914 | Project ROC: 0.5474 F1: 0.2143 
2026-02-15 14:31:31,968 - INFO - Round 431/1000
2026-02-15 14:31:32,339 - INFO -   Silhouette: 0.1911 | School ROC: 0.5784 F1: 0.5650 | Project ROC: 0.5155 F1: 0.2574 
2026-02-15 14:31:32,339 - INFO - Round 432/1000
2026-02-15 14:31:32,723 - INFO -   Silhouette: 0.2547 | School ROC: 0.6170 F1: 0.5683 | Project ROC: 0.4962 F1: 0.1930 
2026-02-15 14:31:32,723 - INFO - Round 433/1000
2026-02-15 14:31:33,016 - INFO -   Silhouette: 0.2048 | School ROC: 0.5850 F1: 0.5824 | Project ROC: 0.4918 F1: 0.2075 
2026-02-15 14:31:33,017 - INFO - Round 434/1000
2026-02-15 14:31:33,351 - INFO -   Silhouette: 0.3539 | School ROC: 0.6627 F1: 0.6077 | Project ROC: 0.5535 F1: 0.2222 ✓
2026-02-15 14:31:33,351 - INFO -     📊 Silhouette improvement → Avg ROC: 0.6081 | Avg F1: 0.4150 | F1/ROC ratio: 0.6824 (F1 < ROC (conservative predictions))
2026-02-15 14:31:33,436 - INFO - Results saved to /home/dev/work_main/random/assesment/k_means_selected/gemma3-12B_cv_evo_results.json
2026-02-15 14:31:33,437 - INFO - Round 435/1000
2026-02-15 14:31:33,709 - INFO -   Silhouette: 0.2536 | School ROC: 0.5793 F1: 0.5294 | Project ROC: 0.5022 F1: 0.2062 
2026-02-15 14:31:33,710 - INFO - Round 436/1000
2026-02-15 14:31:33,929 - INFO -   Silhouette: 0.2039 | School ROC: 0.6759 F1: 0.5848 | Project ROC: 0.5735 F1: 0.2476 
2026-02-15 14:31:33,929 - INFO - Round 437/1000
2026-02-15 14:31:34,263 - INFO -   Silhouette: 0.2818 | School ROC: 0.6316 F1: 0.5780 | Project ROC: 0.5807 F1: 0.2718 
2026-02-15 14:31:34,264 - INFO - Round 438/1000
2026-02-15 14:31:34,535 - INFO -   Silhouette: 0.2325 | School ROC: 0.5883 F1: 0.5556 | Project ROC: 0.4765 F1: 0.1980 
2026-02-15 14:31:34,536 - INFO - Round 439/1000
2026-02-15 14:31:34,931 - INFO -   Silhouette: 0.2291 | School ROC: 0.6226 F1: 0.5730 | Project ROC: 0.5429 F1: 0.2115 
2026-02-15 14:31:34,932 - INFO - Round 440/1000
2026-02-15 14:31:35,191 - INFO -   Silhouette: 0.2473 | School ROC: 0.6153 F1: 0.5870 | Project ROC: 0.4879 F1: 0.1739 
2026-02-15 14:31:35,191 - INFO - Round 441/1000
2026-02-15 14:31:35,446 - INFO -   Silhouette: 0.2476 | School ROC: 0.6286 F1: 0.6298 | Project ROC: 0.5477 F1: 0.2407 
2026-02-15 14:31:35,447 - INFO - Round 442/1000
2026-02-15 14:31:35,721 - INFO -   Silhouette: 0.2778 | School ROC: 0.6158 F1: 0.6243 | Project ROC: 0.5328 F1: 0.2075 
2026-02-15 14:31:35,721 - INFO - Round 443/1000
2026-02-15 14:31:35,958 - INFO -   Silhouette: 0.2018 | School ROC: 0.6226 F1: 0.5978 | Project ROC: 0.5324 F1: 0.2243 
2026-02-15 14:31:35,959 - INFO - Round 444/1000
2026-02-15 14:31:36,242 - INFO -   Silhouette: 0.2408 | School ROC: 0.6391 F1: 0.5509 | Project ROC: 0.5646 F1: 0.2330 
2026-02-15 14:31:36,242 - INFO - Round 445/1000
2026-02-15 14:31:36,498 - INFO -   Silhouette: 0.2149 | School ROC: 0.6156 F1: 0.5714 | Project ROC: 0.5191 F1: 0.2200 
2026-02-15 14:31:36,498 - INFO - Round 446/1000
2026-02-15 14:31:36,767 - INFO -   Silhouette: 0.2193 | School ROC: 0.6328 F1: 0.5902 | Project ROC: 0.5312 F1: 0.2162 
2026-02-15 14:31:36,767 - INFO - Round 447/1000
2026-02-15 14:31:37,018 - INFO -   Silhouette: 0.2528 | School ROC: 0.6475 F1: 0.6378 | Project ROC: 0.5289 F1: 0.2364 
2026-02-15 14:31:37,018 - INFO - Round 448/1000
2026-02-15 14:31:37,344 - INFO -   Silhouette: 0.2699 | School ROC: 0.6517 F1: 0.6178 | Project ROC: 0.5333 F1: 0.2281 
2026-02-15 14:31:37,344 - INFO - Round 449/1000
2026-02-15 14:31:37,587 - INFO -   Silhouette: 0.1961 | School ROC: 0.6407 F1: 0.6162 | Project ROC: 0.5757 F1: 0.2478 
2026-02-15 14:31:37,587 - INFO - Round 450/1000
2026-02-15 14:31:37,886 - INFO -   Silhouette: 0.2349 | School ROC: 0.6030 F1: 0.5943 | Project ROC: 0.5368 F1: 0.1942 
2026-02-15 14:31:37,886 - INFO - Round 451/1000
2026-02-15 14:31:38,198 - INFO -   Silhouette: 0.2444 | School ROC: 0.6568 F1: 0.5731 | Project ROC: 0.5223 F1: 0.2056 
2026-02-15 14:31:38,198 - INFO - Round 452/1000
2026-02-15 14:31:38,472 - INFO -   Silhouette: 0.2209 | School ROC: 0.6718 F1: 0.6522 | Project ROC: 0.5407 F1: 0.2261 
2026-02-15 14:31:38,473 - INFO - Round 453/1000
2026-02-15 14:31:38,783 - INFO -   Silhouette: 0.2541 | School ROC: 0.6769 F1: 0.6772 | Project ROC: 0.5053 F1: 0.2342 ✓
2026-02-15 14:31:38,911 - INFO - Results saved to /home/dev/work_main/random/assesment/k_means_selected/gemma3-12B_cv_evo_results.json
2026-02-15 14:31:38,911 - INFO - Round 454/1000
2026-02-15 14:31:39,114 - INFO -   Silhouette: 0.2164 | School ROC: 0.6079 F1: 0.6180 | Project ROC: 0.4816 F1: 0.1905 
2026-02-15 14:31:39,114 - INFO - Round 455/1000
2026-02-15 14:31:39,370 - INFO -   Silhouette: 0.2254 | School ROC: 0.6296 F1: 0.6044 | Project ROC: 0.5505 F1: 0.2286 
2026-02-15 14:31:39,371 - INFO - Round 456/1000
2026-02-15 14:31:39,716 - INFO -   Silhouette: 0.1823 | School ROC: 0.6410 F1: 0.6196 | Project ROC: 0.5355 F1: 0.2075 
2026-02-15 14:31:39,716 - INFO - Round 457/1000
2026-02-15 14:31:39,981 - INFO -   Silhouette: 0.2467 | School ROC: 0.6406 F1: 0.5930 | Project ROC: 0.5150 F1: 0.2182 
2026-02-15 14:31:39,981 - INFO - Round 458/1000
2026-02-15 14:31:40,239 - INFO -   Silhouette: 0.2604 | School ROC: 0.6250 F1: 0.5870 | Project ROC: 0.4975 F1: 0.2000 
2026-02-15 14:31:40,239 - INFO - Round 459/1000
2026-02-15 14:31:40,572 - INFO -   Silhouette: 0.2656 | School ROC: 0.6320 F1: 0.6203 | Project ROC: 0.5760 F1: 0.2202 
2026-02-15 14:31:40,573 - INFO - Round 460/1000
2026-02-15 14:31:40,842 - INFO -   Silhouette: 0.2077 | School ROC: 0.6208 F1: 0.6203 | Project ROC: 0.5228 F1: 0.2430 
2026-02-15 14:31:40,842 - INFO - Round 461/1000
2026-02-15 14:31:41,154 - INFO -   Silhouette: 0.2272 | School ROC: 0.5891 F1: 0.6000 | Project ROC: 0.5274 F1: 0.2174 
2026-02-15 14:31:41,154 - INFO - Round 462/1000
2026-02-15 14:31:41,382 - INFO -   Silhouette: 0.2392 | School ROC: 0.6646 F1: 0.6448 | Project ROC: 0.6029 F1: 0.2982 ✓
2026-02-15 14:31:41,478 - INFO - Results saved to /home/dev/work_main/random/assesment/k_means_selected/gemma3-12B_cv_evo_results.json
2026-02-15 14:31:41,479 - INFO - Round 463/1000
2026-02-15 14:31:41,675 - INFO -   Silhouette: 0.2343 | School ROC: 0.5943 F1: 0.5778 | Project ROC: 0.5375 F1: 0.1856 
2026-02-15 14:31:41,676 - INFO - Round 464/1000
2026-02-15 14:31:41,902 - INFO -   Silhouette: 0.1978 | School ROC: 0.6603 F1: 0.6023 | Project ROC: 0.5419 F1: 0.1942 
2026-02-15 14:31:41,902 - INFO - Round 465/1000
2026-02-15 14:31:42,236 - INFO -   Silhouette: 0.2840 | School ROC: 0.6572 F1: 0.6354 | Project ROC: 0.4972 F1: 0.2124 
2026-02-15 14:31:42,236 - INFO - Round 466/1000
2026-02-15 14:31:42,458 - INFO -   Silhouette: 0.2587 | School ROC: 0.5602 F1: 0.5464 | Project ROC: 0.5438 F1: 0.2178 
2026-02-15 14:31:42,458 - INFO - Round 467/1000
2026-02-15 14:31:42,867 - INFO -   Silhouette: 0.2066 | School ROC: 0.6183 F1: 0.6032 | Project ROC: 0.5786 F1: 0.2653 
2026-02-15 14:31:42,867 - INFO - Round 468/1000
2026-02-15 14:31:43,096 - INFO -   Silhouette: 0.1817 | School ROC: 0.5964 F1: 0.6171 | Project ROC: 0.5169 F1: 0.2524 
2026-02-15 14:31:43,096 - INFO - Round 469/1000
2026-02-15 14:31:43,356 - INFO -   Silhouette: 0.2582 | School ROC: 0.6362 F1: 0.5889 | Project ROC: 0.5394 F1: 0.2136 
2026-02-15 14:31:43,357 - INFO - Round 470/1000
2026-02-15 14:31:43,603 - INFO -   Silhouette: 0.2816 | School ROC: 0.5833 F1: 0.5318 | Project ROC: 0.4870 F1: 0.2000 
2026-02-15 14:31:43,603 - INFO - Round 471/1000
2026-02-15 14:31:43,843 - INFO -   Silhouette: 0.2153 | School ROC: 0.6389 F1: 0.6022 | Project ROC: 0.5961 F1: 0.2832 
2026-02-15 14:31:43,843 - INFO - Round 472/1000
2026-02-15 14:31:44,111 - INFO -   Silhouette: 0.2662 | School ROC: 0.6056 F1: 0.5618 | Project ROC: 0.4767 F1: 0.1748 
2026-02-15 14:31:44,111 - INFO - Round 473/1000
2026-02-15 14:31:44,470 - INFO -   Silhouette: 0.2682 | School ROC: 0.6613 F1: 0.6000 | Project ROC: 0.5079 F1: 0.2373 
2026-02-15 14:31:44,471 - INFO - Round 474/1000
2026-02-15 14:31:44,699 - INFO -   Silhouette: 0.2111 | School ROC: 0.6036 F1: 0.5856 | Project ROC: 0.5263 F1: 0.1978 
2026-02-15 14:31:44,700 - INFO - Round 475/1000
2026-02-15 14:31:44,972 - INFO -   Silhouette: 0.3140 | School ROC: 0.5994 F1: 0.5810 | Project ROC: 0.5185 F1: 0.1818 
2026-02-15 14:31:44,973 - INFO - Round 476/1000
2026-02-15 14:31:45,272 - INFO -   Silhouette: 0.2197 | School ROC: 0.6625 F1: 0.6136 | Project ROC: 0.5286 F1: 0.1964 
2026-02-15 14:31:45,272 - INFO - Round 477/1000
2026-02-15 14:31:45,538 - INFO -   Silhouette: 0.2745 | School ROC: 0.5914 F1: 0.5434 | Project ROC: 0.4812 F1: 0.1869 
2026-02-15 14:31:45,538 - INFO - Round 478/1000
2026-02-15 14:31:45,784 - INFO -   Silhouette: 0.2729 | School ROC: 0.6223 F1: 0.5778 | Project ROC: 0.5530 F1: 0.2692 
2026-02-15 14:31:45,785 - INFO - Round 479/1000
2026-02-15 14:31:46,059 - INFO -   Silhouette: 0.2456 | School ROC: 0.6176 F1: 0.5969 | Project ROC: 0.5454 F1: 0.2018 
2026-02-15 14:31:46,059 - INFO - Round 480/1000
2026-02-15 14:31:46,410 - INFO -   Silhouette: 0.2367 | School ROC: 0.6508 F1: 0.6199 | Project ROC: 0.5352 F1: 0.2182 
2026-02-15 14:31:46,411 - INFO - Round 481/1000
2026-02-15 14:31:46,706 - INFO -   Silhouette: 0.3277 | School ROC: 0.5875 F1: 0.5341 | Project ROC: 0.4786 F1: 0.1852 
2026-02-15 14:31:46,707 - INFO - Round 482/1000
2026-02-15 14:31:47,026 - INFO -   Silhouette: 0.3035 | School ROC: 0.6591 F1: 0.6257 | Project ROC: 0.5568 F1: 0.2095 
2026-02-15 14:31:47,027 - INFO - Round 483/1000
2026-02-15 14:31:47,278 - INFO -   Silhouette: 0.2355 | School ROC: 0.5877 F1: 0.5287 | Project ROC: 0.5273 F1: 0.2136 
2026-02-15 14:31:47,279 - INFO - Round 484/1000
2026-02-15 14:31:47,666 - INFO -   Silhouette: 0.2011 | School ROC: 0.5616 F1: 0.5517 | Project ROC: 0.6250 F1: 0.2626 
2026-02-15 14:31:47,666 - INFO - Round 485/1000
2026-02-15 14:31:47,910 - INFO -   Silhouette: 0.2146 | School ROC: 0.6308 F1: 0.5747 | Project ROC: 0.5352 F1: 0.2157 
2026-02-15 14:31:47,910 - INFO - Round 486/1000
2026-02-15 14:31:48,202 - INFO -   Silhouette: 0.2483 | School ROC: 0.6220 F1: 0.5955 | Project ROC: 0.5515 F1: 0.2476 
2026-02-15 14:31:48,203 - INFO - Round 487/1000
2026-02-15 14:31:48,566 - INFO -   Silhouette: 0.2380 | School ROC: 0.6408 F1: 0.5946 | Project ROC: 0.5406 F1: 0.2430 
2026-02-15 14:31:48,567 - INFO - Round 488/1000
2026-02-15 14:31:48,890 - INFO -   Silhouette: 0.2417 | School ROC: 0.6413 F1: 0.6012 | Project ROC: 0.5760 F1: 0.2476 
2026-02-15 14:31:48,890 - INFO - Round 489/1000
2026-02-15 14:31:49,177 - INFO -   Silhouette: 0.2276 | School ROC: 0.6923 F1: 0.6316 | Project ROC: 0.5597 F1: 0.2545 
2026-02-15 14:31:49,178 - INFO - Round 490/1000
2026-02-15 14:31:49,431 - INFO -   Silhouette: 0.2548 | School ROC: 0.5877 F1: 0.6237 | Project ROC: 0.5970 F1: 0.2202 
2026-02-15 14:31:49,432 - INFO - Round 491/1000
2026-02-15 14:31:49,725 - INFO -   Silhouette: 0.2434 | School ROC: 0.6028 F1: 0.5889 | Project ROC: 0.5273 F1: 0.2162 
2026-02-15 14:31:49,726 - INFO - Round 492/1000
2026-02-15 14:31:49,990 - INFO -   Silhouette: 0.2330 | School ROC: 0.6711 F1: 0.6489 | Project ROC: 0.5620 F1: 0.2478 
2026-02-15 14:31:49,990 - INFO - Round 493/1000
2026-02-15 14:31:50,239 - INFO -   Silhouette: 0.2115 | School ROC: 0.5892 F1: 0.5576 | Project ROC: 0.5330 F1: 0.2083 
2026-02-15 14:31:50,239 - INFO - Round 494/1000
2026-02-15 14:31:50,517 - INFO -   Silhouette: 0.2455 | School ROC: 0.6256 F1: 0.6387 | Project ROC: 0.5597 F1: 0.2301 
2026-02-15 14:31:50,525 - INFO - Round 495/1000
2026-02-15 14:31:50,817 - INFO -   Silhouette: 0.2340 | School ROC: 0.5840 F1: 0.5856 | Project ROC: 0.5341 F1: 0.2136 
2026-02-15 14:31:50,818 - INFO - Round 496/1000
2026-02-15 14:31:51,060 - INFO -   Silhouette: 0.2660 | School ROC: 0.6347 F1: 0.5730 | Project ROC: 0.4749 F1: 0.2000 
2026-02-15 14:31:51,060 - INFO - Round 497/1000
2026-02-15 14:31:51,342 - INFO -   Silhouette: 0.2266 | School ROC: 0.6403 F1: 0.5509 | Project ROC: 0.5333 F1: 0.2321 
2026-02-15 14:31:51,342 - INFO - Round 498/1000
2026-02-15 14:31:51,584 - INFO -   Silhouette: 0.2562 | School ROC: 0.6448 F1: 0.5943 | Project ROC: 0.4462 F1: 0.1622 
2026-02-15 14:31:51,584 - INFO - Round 499/1000
2026-02-15 14:31:52,093 - INFO -   Silhouette: 0.2842 | School ROC: 0.6228 F1: 0.5778 | Project ROC: 0.5859 F1: 0.2830 
2026-02-15 14:31:52,093 - INFO - Round 500/1000
2026-02-15 14:31:52,338 - INFO -   Silhouette: 0.2591 | School ROC: 0.6415 F1: 0.5978 | Project ROC: 0.5314 F1: 0.2157 
2026-02-15 14:31:52,339 - INFO - Round 501/1000
2026-02-15 14:31:52,603 - INFO -   Silhouette: 0.2242 | School ROC: 0.6039 F1: 0.5780 | Project ROC: 0.5824 F1: 0.2400 
2026-02-15 14:31:52,604 - INFO - Round 502/1000
2026-02-15 14:31:52,955 - INFO -   Silhouette: 0.2865 | School ROC: 0.6683 F1: 0.6230 | Project ROC: 0.5827 F1: 0.2523 
2026-02-15 14:31:52,955 - INFO - Round 503/1000
2026-02-15 14:31:53,242 - INFO -   Silhouette: 0.2245 | School ROC: 0.6293 F1: 0.6387 | Project ROC: 0.5080 F1: 0.1800 
2026-02-15 14:31:53,242 - INFO - Round 504/1000
2026-02-15 14:31:53,524 - INFO -   Silhouette: 0.2244 | School ROC: 0.6482 F1: 0.6044 | Project ROC: 0.5719 F1: 0.2500 
2026-02-15 14:31:53,524 - INFO - Round 505/1000
2026-02-15 14:31:53,778 - INFO -   Silhouette: 0.2474 | School ROC: 0.6227 F1: 0.5780 | Project ROC: 0.5327 F1: 0.2281 
2026-02-15 14:31:53,778 - INFO - Round 506/1000
2026-02-15 14:31:54,129 - INFO -   Silhouette: 0.2186 | School ROC: 0.6699 F1: 0.6667 | Project ROC: 0.5792 F1: 0.2478 
2026-02-15 14:31:54,129 - INFO - Round 507/1000
2026-02-15 14:31:54,578 - INFO -   Silhouette: 0.2585 | School ROC: 0.6159 F1: 0.5820 | Project ROC: 0.5330 F1: 0.2321 
2026-02-15 14:31:54,578 - INFO - Round 508/1000
2026-02-15 14:31:54,823 - INFO -   Silhouette: 0.2279 | School ROC: 0.6495 F1: 0.6292 | Project ROC: 0.5741 F1: 0.2642 
2026-02-15 14:31:54,823 - INFO - Round 509/1000
2026-02-15 14:31:55,159 - INFO -   Silhouette: 0.2154 | School ROC: 0.5958 F1: 0.6032 | Project ROC: 0.5004 F1: 0.1684 
2026-02-15 14:31:55,159 - INFO - Round 510/1000
2026-02-15 14:31:55,426 - INFO -   Silhouette: 0.2567 | School ROC: 0.6301 F1: 0.6154 | Project ROC: 0.5743 F1: 0.2632 
2026-02-15 14:31:55,426 - INFO - Round 511/1000
2026-02-15 14:31:55,762 - INFO -   Silhouette: 0.1680 | School ROC: 0.6077 F1: 0.5238 | Project ROC: 0.5814 F1: 0.2692 
2026-02-15 14:31:55,762 - INFO - Round 512/1000
2026-02-15 14:31:56,016 - INFO -   Silhouette: 0.2737 | School ROC: 0.6218 F1: 0.5896 | Project ROC: 0.6032 F1: 0.2778 
2026-02-15 14:31:56,016 - INFO - Round 513/1000
2026-02-15 14:31:56,276 - INFO -   Silhouette: 0.2220 | School ROC: 0.6104 F1: 0.5698 | Project ROC: 0.5263 F1: 0.1942 
2026-02-15 14:31:56,277 - INFO - Round 514/1000
2026-02-15 14:31:56,536 - INFO -   Silhouette: 0.1607 | School ROC: 0.6337 F1: 0.6243 | Project ROC: 0.5442 F1: 0.2095 
2026-02-15 14:31:56,536 - INFO - Round 515/1000
2026-02-15 14:31:56,795 - INFO -   Silhouette: 0.2174 | School ROC: 0.6175 F1: 0.5862 | Project ROC: 0.5693 F1: 0.2667 
2026-02-15 14:31:56,796 - INFO - Round 516/1000
2026-02-15 14:31:57,173 - INFO -   Silhouette: 0.2586 | School ROC: 0.6403 F1: 0.5989 | Project ROC: 0.5175 F1: 0.2095 
2026-02-15 14:31:57,173 - INFO - Round 517/1000
2026-02-15 14:31:57,450 - INFO -   Silhouette: 0.2448 | School ROC: 0.6661 F1: 0.6595 | Project ROC: 0.5598 F1: 0.2500 
2026-02-15 14:31:57,450 - INFO - Round 518/1000
2026-02-15 14:31:57,686 - INFO -   Silhouette: 0.1868 | School ROC: 0.6416 F1: 0.5730 | Project ROC: 0.5229 F1: 0.2000 
2026-02-15 14:31:57,686 - INFO - Round 519/1000
2026-02-15 14:31:57,918 - INFO -   Silhouette: 0.2890 | School ROC: 0.6166 F1: 0.5856 | Project ROC: 0.5130 F1: 0.2222 
2026-02-15 14:31:57,918 - INFO - Round 520/1000
2026-02-15 14:31:58,255 - INFO -   Silhouette: 0.2139 | School ROC: 0.5997 F1: 0.5763 | Project ROC: 0.5050 F1: 0.1489 
2026-02-15 14:31:58,255 - INFO - Round 521/1000
2026-02-15 14:31:58,522 - INFO -   Silhouette: 0.2404 | School ROC: 0.6445 F1: 0.6057 | Project ROC: 0.5231 F1: 0.2222 
2026-02-15 14:31:58,522 - INFO - Round 522/1000
2026-02-15 14:31:58,838 - INFO -   Silhouette: 0.2677 | School ROC: 0.6461 F1: 0.6230 | Project ROC: 0.5538 F1: 0.2136 
2026-02-15 14:31:58,839 - INFO - Round 523/1000
2026-02-15 14:31:59,106 - INFO -   Silhouette: 0.1985 | School ROC: 0.5722 F1: 0.5635 | Project ROC: 0.5741 F1: 0.2500 
2026-02-15 14:31:59,106 - INFO - Round 524/1000
2026-02-15 14:31:59,388 - INFO -   Silhouette: 0.2570 | School ROC: 0.6101 F1: 0.5946 | Project ROC: 0.5751 F1: 0.2162 
2026-02-15 14:31:59,388 - INFO - Round 525/1000
2026-02-15 14:31:59,658 - INFO -   Silhouette: 0.1974 | School ROC: 0.6136 F1: 0.5778 | Project ROC: 0.5588 F1: 0.2549 
2026-02-15 14:31:59,658 - INFO - Round 526/1000
2026-02-15 14:31:59,970 - INFO -   Silhouette: 0.2258 | School ROC: 0.6504 F1: 0.6180 | Project ROC: 0.5757 F1: 0.2772 
2026-02-15 14:31:59,970 - INFO - Round 527/1000
2026-02-15 14:32:00,223 - INFO -   Silhouette: 0.2590 | School ROC: 0.6354 F1: 0.6154 | Project ROC: 0.5562 F1: 0.2243 
2026-02-15 14:32:00,223 - INFO - Round 528/1000
2026-02-15 14:32:00,465 - INFO -   Silhouette: 0.2383 | School ROC: 0.5676 F1: 0.5537 | Project ROC: 0.5552 F1: 0.2245 
2026-02-15 14:32:00,465 - INFO - Round 529/1000
2026-02-15 14:32:00,745 - INFO -   Silhouette: 0.2025 | School ROC: 0.6442 F1: 0.6188 | Project ROC: 0.6030 F1: 0.2883 
2026-02-15 14:32:00,745 - INFO - Round 530/1000
2026-02-15 14:32:01,154 - INFO -   Silhouette: 0.2450 | School ROC: 0.6350 F1: 0.6387 | Project ROC: 0.5975 F1: 0.2832 
2026-02-15 14:32:01,154 - INFO - Round 531/1000
2026-02-15 14:32:01,495 - INFO -   Silhouette: 0.2156 | School ROC: 0.6223 F1: 0.5917 | Project ROC: 0.5409 F1: 0.1856 
2026-02-15 14:32:01,495 - INFO - Round 532/1000
2026-02-15 14:32:01,798 - INFO -   Silhouette: 0.2106 | School ROC: 0.6040 F1: 0.5843 | Project ROC: 0.6325 F1: 0.3200 ✓
2026-02-15 14:32:01,912 - INFO - Results saved to /home/dev/work_main/random/assesment/k_means_selected/gemma3-12B_cv_evo_results.json
2026-02-15 14:32:01,913 - INFO - Round 533/1000
2026-02-15 14:32:02,150 - INFO -   Silhouette: 0.2234 | School ROC: 0.6450 F1: 0.6339 | Project ROC: 0.5152 F1: 0.2018 
2026-02-15 14:32:02,150 - INFO - Round 534/1000
2026-02-15 14:32:02,443 - INFO -   Silhouette: 0.1944 | School ROC: 0.6835 F1: 0.6593 | Project ROC: 0.5966 F1: 0.2783 ✓
2026-02-15 14:32:02,559 - INFO - Results saved to /home/dev/work_main/random/assesment/k_means_selected/gemma3-12B_cv_evo_results.json
2026-02-15 14:32:02,560 - INFO - Round 535/1000
2026-02-15 14:32:02,734 - INFO -   Silhouette: 0.3132 | School ROC: 0.5840 F1: 0.6011 | Project ROC: 0.6269 F1: 0.2745 
2026-02-15 14:32:02,735 - INFO - Round 536/1000
2026-02-15 14:32:03,009 - INFO -   Silhouette: 0.1977 | School ROC: 0.5775 F1: 0.5506 | Project ROC: 0.5166 F1: 0.2136 
2026-02-15 14:32:03,016 - INFO - Round 537/1000
2026-02-15 14:32:03,354 - INFO -   Silhouette: 0.2341 | School ROC: 0.6471 F1: 0.6180 | Project ROC: 0.5830 F1: 0.2364 
2026-02-15 14:32:03,354 - INFO - Round 538/1000
2026-02-15 14:32:03,645 - INFO -   Silhouette: 0.2389 | School ROC: 0.6249 F1: 0.5851 | Project ROC: 0.5131 F1: 0.1770 
2026-02-15 14:32:03,646 - INFO - Round 539/1000
2026-02-15 14:32:03,916 - INFO -   Silhouette: 0.2183 | School ROC: 0.6059 F1: 0.6270 | Project ROC: 0.5229 F1: 0.1818 
2026-02-15 14:32:03,917 - INFO - Round 540/1000
2026-02-15 14:32:04,151 - INFO -   Silhouette: 0.2262 | School ROC: 0.6113 F1: 0.5486 | Project ROC: 0.5104 F1: 0.1684 
2026-02-15 14:32:04,152 - INFO - Round 541/1000
2026-02-15 14:32:04,419 - INFO -   Silhouette: 0.2413 | School ROC: 0.5903 F1: 0.5635 | Project ROC: 0.4994 F1: 0.1800 
2026-02-15 14:32:04,420 - INFO - Round 542/1000
2026-02-15 14:32:04,654 - INFO -   Silhouette: 0.2085 | School ROC: 0.6199 F1: 0.5682 | Project ROC: 0.5547 F1: 0.2308 
2026-02-15 14:32:04,654 - INFO - Round 543/1000
2026-02-15 14:32:04,997 - INFO -   Silhouette: 0.1729 | School ROC: 0.6377 F1: 0.5763 | Project ROC: 0.5446 F1: 0.1852 
2026-02-15 14:32:04,997 - INFO - Round 544/1000
2026-02-15 14:32:05,326 - INFO -   Silhouette: 0.2135 | School ROC: 0.6325 F1: 0.6067 | Project ROC: 0.5630 F1: 0.2056 
2026-02-15 14:32:05,326 - INFO - Round 545/1000
2026-02-15 14:32:05,569 - INFO -   Silhouette: 0.2165 | School ROC: 0.6166 F1: 0.5529 | Project ROC: 0.5213 F1: 0.2105 
2026-02-15 14:32:05,569 - INFO - Round 546/1000
2026-02-15 14:32:05,793 - INFO -   Silhouette: 0.2389 | School ROC: 0.6216 F1: 0.5747 | Project ROC: 0.5594 F1: 0.2200 
2026-02-15 14:32:05,794 - INFO - Round 547/1000
2026-02-15 14:32:06,130 - INFO -   Silhouette: 0.2087 | School ROC: 0.5825 F1: 0.5761 | Project ROC: 0.5743 F1: 0.2376 
2026-02-15 14:32:06,130 - INFO - Round 548/1000
2026-02-15 14:32:06,406 - INFO -   Silhouette: 0.2451 | School ROC: 0.6494 F1: 0.6180 | Project ROC: 0.5861 F1: 0.2523 
2026-02-15 14:32:06,406 - INFO - Round 549/1000
2026-02-15 14:32:06,680 - INFO -   Silhouette: 0.2725 | School ROC: 0.6377 F1: 0.5635 | Project ROC: 0.5054 F1: 0.2051 
2026-02-15 14:32:06,681 - INFO - Round 550/1000
2026-02-15 14:32:06,921 - INFO -   Silhouette: 0.2868 | School ROC: 0.6320 F1: 0.6092 | Project ROC: 0.5632 F1: 0.2626 
2026-02-15 14:32:06,922 - INFO - Round 551/1000
2026-02-15 14:32:07,130 - INFO -   Silhouette: 0.2463 | School ROC: 0.6141 F1: 0.5780 | Project ROC: 0.5452 F1: 0.2136 
2026-02-15 14:32:07,130 - INFO - Round 552/1000
2026-02-15 14:32:07,369 - INFO -   Silhouette: 0.2180 | School ROC: 0.5996 F1: 0.5814 | Project ROC: 0.5732 F1: 0.2600 
2026-02-15 14:32:07,369 - INFO - Round 553/1000
2026-02-15 14:32:07,609 - INFO -   Silhouette: 0.2033 | School ROC: 0.6217 F1: 0.6180 | Project ROC: 0.5516 F1: 0.2200 
2026-02-15 14:32:07,609 - INFO - Round 554/1000
2026-02-15 14:32:07,922 - INFO -   Silhouette: 0.2178 | School ROC: 0.6358 F1: 0.5763 | Project ROC: 0.5217 F1: 0.2115 
2026-02-15 14:32:07,923 - INFO - Round 555/1000
2026-02-15 14:32:08,157 - INFO -   Silhouette: 0.2459 | School ROC: 0.6339 F1: 0.6170 | Project ROC: 0.5554 F1: 0.2385 
2026-02-15 14:32:08,158 - INFO - Round 556/1000
2026-02-15 14:32:08,456 - INFO -   Silhouette: 0.2140 | School ROC: 0.6490 F1: 0.6413 | Project ROC: 0.5563 F1: 0.2261 
2026-02-15 14:32:08,456 - INFO - Round 557/1000
2026-02-15 14:32:08,677 - INFO -   Silhouette: 0.2726 | School ROC: 0.5936 F1: 0.6032 | Project ROC: 0.5874 F1: 0.2545 
2026-02-15 14:32:08,677 - INFO - Round 558/1000
2026-02-15 14:32:09,021 - INFO -   Silhouette: 0.2051 | School ROC: 0.6205 F1: 0.6034 | Project ROC: 0.5756 F1: 0.2449 
2026-02-15 14:32:09,021 - INFO - Round 559/1000
2026-02-15 14:32:09,300 - INFO -   Silhouette: 0.2203 | School ROC: 0.6036 F1: 0.6138 | Project ROC: 0.5266 F1: 0.1930 
2026-02-15 14:32:09,300 - INFO - Round 560/1000
2026-02-15 14:32:09,558 - INFO -   Silhouette: 0.2531 | School ROC: 0.6039 F1: 0.5647 | Project ROC: 0.4837 F1: 0.1616 
2026-02-15 14:32:09,558 - INFO - Round 561/1000
2026-02-15 14:32:09,806 - INFO -   Silhouette: 0.2509 | School ROC: 0.6061 F1: 0.5824 | Project ROC: 0.5369 F1: 0.1961 
2026-02-15 14:32:09,806 - INFO - Round 562/1000
2026-02-15 14:32:10,115 - INFO -   Silhouette: 0.2293 | School ROC: 0.6501 F1: 0.5747 | Project ROC: 0.5107 F1: 0.1964 
2026-02-15 14:32:10,115 - INFO - Round 563/1000
2026-02-15 14:32:10,458 - INFO -   Silhouette: 0.2423 | School ROC: 0.6419 F1: 0.5989 | Project ROC: 0.5785 F1: 0.2564 
2026-02-15 14:32:10,458 - INFO - Round 564/1000
2026-02-15 14:32:10,849 - INFO -   Silhouette: 0.2338 | School ROC: 0.6421 F1: 0.5889 | Project ROC: 0.6026 F1: 0.2261 
2026-02-15 14:32:10,849 - INFO - Round 565/1000
2026-02-15 14:32:11,128 - INFO -   Silhouette: 0.3133 | School ROC: 0.6165 F1: 0.5667 | Project ROC: 0.4933 F1: 0.1897 
2026-02-15 14:32:11,128 - INFO - Round 566/1000
2026-02-15 14:32:11,373 - INFO -   Silhouette: 0.2200 | School ROC: 0.5903 F1: 0.5889 | Project ROC: 0.5906 F1: 0.2316 
2026-02-15 14:32:11,374 - INFO - Round 567/1000
2026-02-15 14:32:11,665 - INFO -   Silhouette: 0.2306 | School ROC: 0.6282 F1: 0.5943 | Project ROC: 0.5554 F1: 0.2178 
2026-02-15 14:32:11,666 - INFO - Round 568/1000
2026-02-15 14:32:11,982 - INFO -   Silhouette: 0.2552 | School ROC: 0.6284 F1: 0.5838 | Project ROC: 0.5083 F1: 0.1770 
2026-02-15 14:32:11,982 - INFO - Round 569/1000
2026-02-15 14:32:12,212 - INFO -   Silhouette: 0.2593 | School ROC: 0.5708 F1: 0.5574 | Project ROC: 0.4823 F1: 0.1818 
2026-02-15 14:32:12,213 - INFO - Round 570/1000
2026-02-15 14:32:12,477 - INFO -   Silhouette: 0.1791 | School ROC: 0.5773 F1: 0.5412 | Project ROC: 0.6212 F1: 0.2766 
2026-02-15 14:32:12,477 - INFO - Round 571/1000
2026-02-15 14:32:12,746 - INFO -   Silhouette: 0.2584 | School ROC: 0.6241 F1: 0.5568 | Project ROC: 0.4910 F1: 0.1923 
2026-02-15 14:32:12,746 - INFO - Round 572/1000
2026-02-15 14:32:13,106 - INFO -   Silhouette: 0.2277 | School ROC: 0.5762 F1: 0.5763 | Project ROC: 0.5048 F1: 0.2000 
2026-02-15 14:32:13,106 - INFO - Round 573/1000
2026-02-15 14:32:13,368 - INFO -   Silhouette: 0.1887 | School ROC: 0.6054 F1: 0.5922 | Project ROC: 0.5359 F1: 0.2202 
2026-02-15 14:32:13,368 - INFO - Round 574/1000
2026-02-15 14:32:13,620 - INFO -   Silhouette: 0.2125 | School ROC: 0.5920 F1: 0.5529 | Project ROC: 0.4985 F1: 0.2020 
2026-02-15 14:32:13,620 - INFO - Round 575/1000
2026-02-15 14:32:13,911 - INFO -   Silhouette: 0.2209 | School ROC: 0.5746 F1: 0.5412 | Project ROC: 0.5093 F1: 0.1856 
2026-02-15 14:32:13,911 - INFO - Round 576/1000
2026-02-15 14:32:14,236 - INFO -   Silhouette: 0.2830 | School ROC: 0.6235 F1: 0.6054 | Project ROC: 0.5035 F1: 0.1835 
2026-02-15 14:32:14,236 - INFO - Round 577/1000
2026-02-15 14:32:14,472 - INFO -   Silhouette: 0.2600 | School ROC: 0.6409 F1: 0.6145 | Project ROC: 0.5849 F1: 0.2830 
2026-02-15 14:32:14,472 - INFO - Round 578/1000
2026-02-15 14:32:14,701 - INFO -   Silhouette: 0.2680 | School ROC: 0.6110 F1: 0.5618 | Project ROC: 0.5318 F1: 0.2321 
2026-02-15 14:32:14,701 - INFO - Round 579/1000
2026-02-15 14:32:14,952 - INFO -   Silhouette: 0.2134 | School ROC: 0.6223 F1: 0.5909 | Project ROC: 0.5057 F1: 0.2157 
2026-02-15 14:32:14,953 - INFO - Round 580/1000
2026-02-15 14:32:15,217 - INFO -   Silhouette: 0.2484 | School ROC: 0.6139 F1: 0.6000 | Project ROC: 0.5144 F1: 0.2243 
2026-02-15 14:32:15,217 - INFO - Round 581/1000
2026-02-15 14:32:15,493 - INFO -   Silhouette: 0.2650 | School ROC: 0.6220 F1: 0.6023 | Project ROC: 0.5762 F1: 0.2653 
2026-02-15 14:32:15,494 - INFO - Round 582/1000
2026-02-15 14:32:15,738 - INFO -   Silhouette: 0.2531 | School ROC: 0.6279 F1: 0.5902 | Project ROC: 0.5280 F1: 0.2000 
2026-02-15 14:32:15,738 - INFO - Round 583/1000
2026-02-15 14:32:15,989 - INFO -   Silhouette: 0.2164 | School ROC: 0.5861 F1: 0.6170 | Project ROC: 0.5295 F1: 0.1935 
2026-02-15 14:32:15,989 - INFO - Round 584/1000
2026-02-15 14:32:16,200 - INFO -   Silhouette: 0.2520 | School ROC: 0.6763 F1: 0.6304 | Project ROC: 0.5516 F1: 0.2281 
2026-02-15 14:32:16,200 - INFO - Round 585/1000
2026-02-15 14:32:16,481 - INFO -   Silhouette: 0.2492 | School ROC: 0.5813 F1: 0.5556 | Project ROC: 0.5346 F1: 0.1942 
2026-02-15 14:32:16,481 - INFO - Round 586/1000
2026-02-15 14:32:16,758 - INFO -   Silhouette: 0.1932 | School ROC: 0.6499 F1: 0.6000 | Project ROC: 0.5333 F1: 0.1935 
2026-02-15 14:32:16,758 - INFO - Round 587/1000
2026-02-15 14:32:16,992 - INFO -   Silhouette: 0.1949 | School ROC: 0.6214 F1: 0.6154 | Project ROC: 0.6069 F1: 0.2883 
2026-02-15 14:32:16,992 - INFO - Round 588/1000
2026-02-15 14:32:17,249 - INFO -   Silhouette: 0.2134 | School ROC: 0.6405 F1: 0.5943 | Project ROC: 0.5741 F1: 0.2308 
2026-02-15 14:32:17,249 - INFO - Round 589/1000
2026-02-15 14:32:17,550 - INFO -   Silhouette: 0.2270 | School ROC: 0.6183 F1: 0.5934 | Project ROC: 0.5800 F1: 0.2286 
2026-02-15 14:32:17,551 - INFO - Round 590/1000
2026-02-15 14:32:17,794 - INFO -   Silhouette: 0.2174 | School ROC: 0.6222 F1: 0.6011 | Project ROC: 0.5477 F1: 0.2391 
2026-02-15 14:32:17,794 - INFO - Round 591/1000
2026-02-15 14:32:18,090 - INFO -   Silhouette: 0.2562 | School ROC: 0.5694 F1: 0.5810 | Project ROC: 0.5314 F1: 0.2136 
2026-02-15 14:32:18,091 - INFO - Round 592/1000
2026-02-15 14:32:18,298 - INFO -   Silhouette: 0.2435 | School ROC: 0.6237 F1: 0.6054 | Project ROC: 0.5735 F1: 0.2364 
2026-02-15 14:32:18,298 - INFO - Round 593/1000
2026-02-15 14:32:18,585 - INFO -   Silhouette: 0.1988 | School ROC: 0.6254 F1: 0.5780 | Project ROC: 0.5533 F1: 0.2400 
2026-02-15 14:32:18,586 - INFO - Round 594/1000
2026-02-15 14:32:18,899 - INFO -   Silhouette: 0.1762 | School ROC: 0.6178 F1: 0.5862 | Project ROC: 0.5716 F1: 0.2222 
2026-02-15 14:32:18,899 - INFO - Round 595/1000
2026-02-15 14:32:19,176 - INFO -   Silhouette: 0.1764 | School ROC: 0.6190 F1: 0.6111 | Project ROC: 0.5506 F1: 0.2115 
2026-02-15 14:32:19,176 - INFO - Round 596/1000
2026-02-15 14:32:19,422 - INFO -   Silhouette: 0.2458 | School ROC: 0.6332 F1: 0.6087 | Project ROC: 0.5070 F1: 0.1982 
2026-02-15 14:32:19,422 - INFO - Round 597/1000
2026-02-15 14:32:19,668 - INFO -   Silhouette: 0.2059 | School ROC: 0.6226 F1: 0.5698 | Project ROC: 0.5382 F1: 0.2037 
2026-02-15 14:32:19,668 - INFO - Round 598/1000
2026-02-15 14:32:19,956 - INFO -   Silhouette: 0.3065 | School ROC: 0.6369 F1: 0.6064 | Project ROC: 0.5107 F1: 0.2342 
2026-02-15 14:32:19,957 - INFO - Round 599/1000
2026-02-15 14:32:20,214 - INFO -   Silhouette: 0.2282 | School ROC: 0.6130 F1: 0.5934 | Project ROC: 0.5694 F1: 0.2424 
2026-02-15 14:32:20,214 - INFO - Round 600/1000
2026-02-15 14:32:20,446 - INFO -   Silhouette: 0.2424 | School ROC: 0.6242 F1: 0.6321 | Project ROC: 0.5655 F1: 0.2655 
2026-02-15 14:32:20,446 - INFO - Round 601/1000
2026-02-15 14:32:20,739 - INFO -   Silhouette: 0.2275 | School ROC: 0.6556 F1: 0.6000 | Project ROC: 0.5680 F1: 0.2376 
2026-02-15 14:32:20,739 - INFO - Round 602/1000
2026-02-15 14:32:21,041 - INFO -   Silhouette: 0.2978 | School ROC: 0.6053 F1: 0.5699 | Project ROC: 0.5455 F1: 0.2308 
2026-02-15 14:32:21,041 - INFO - Round 603/1000
2026-02-15 14:32:21,306 - INFO -   Silhouette: 0.1486 | School ROC: 0.6110 F1: 0.5909 | Project ROC: 0.5086 F1: 0.2095 
2026-02-15 14:32:21,306 - INFO - Round 604/1000
2026-02-15 14:32:21,546 - INFO -   Silhouette: 0.1701 | School ROC: 0.6362 F1: 0.5917 | Project ROC: 0.5541 F1: 0.2268 
2026-02-15 14:32:21,562 - INFO - Round 605/1000
2026-02-15 14:32:21,837 - INFO -   Silhouette: 0.2585 | School ROC: 0.6243 F1: 0.6215 | Project ROC: 0.5197 F1: 0.2222 
2026-02-15 14:32:21,837 - INFO - Round 606/1000
2026-02-15 14:32:22,109 - INFO -   Silhouette: 0.2955 | School ROC: 0.6312 F1: 0.5763 | Project ROC: 0.6131 F1: 0.2941 
2026-02-15 14:32:22,111 - INFO - Round 607/1000
2026-02-15 14:32:22,343 - INFO -   Silhouette: 0.2380 | School ROC: 0.6714 F1: 0.6524 | Project ROC: 0.5884 F1: 0.2991 ✓
2026-02-15 14:32:22,499 - INFO - Results saved to /home/dev/work_main/random/assesment/k_means_selected/gemma3-12B_cv_evo_results.json
2026-02-15 14:32:22,500 - INFO - Round 608/1000
2026-02-15 14:32:22,666 - INFO -   Silhouette: 0.2292 | School ROC: 0.6243 F1: 0.5614 | Project ROC: 0.4707 F1: 0.1495 
2026-02-15 14:32:22,666 - INFO - Round 609/1000
2026-02-15 14:32:22,914 - INFO -   Silhouette: 0.1732 | School ROC: 0.6028 F1: 0.5475 | Project ROC: 0.5709 F1: 0.2105 
2026-02-15 14:32:22,915 - INFO - Round 610/1000
2026-02-15 14:32:23,179 - INFO -   Silhouette: 0.2633 | School ROC: 0.6121 F1: 0.5989 | Project ROC: 0.5235 F1: 0.1947 
2026-02-15 14:32:23,179 - INFO - Round 611/1000
2026-02-15 14:32:23,470 - INFO -   Silhouette: 0.2051 | School ROC: 0.6141 F1: 0.5682 | Project ROC: 0.4802 F1: 0.1633 
2026-02-15 14:32:23,470 - INFO - Round 612/1000
2026-02-15 14:32:23,738 - INFO -   Silhouette: 0.2558 | School ROC: 0.6258 F1: 0.5889 | Project ROC: 0.5391 F1: 0.2136 
2026-02-15 14:32:23,738 - INFO - Round 613/1000
2026-02-15 14:32:24,047 - INFO -   Silhouette: 0.2674 | School ROC: 0.6428 F1: 0.5967 | Project ROC: 0.5238 F1: 0.2200 
2026-02-15 14:32:24,047 - INFO - Round 614/1000
2026-02-15 14:32:24,285 - INFO -   Silhouette: 0.2548 | School ROC: 0.6162 F1: 0.5856 | Project ROC: 0.5257 F1: 0.1961 
2026-02-15 14:32:24,285 - INFO - Round 615/1000
2026-02-15 14:32:24,560 - INFO -   Silhouette: 0.2753 | School ROC: 0.6152 F1: 0.5957 | Project ROC: 0.5376 F1: 0.2182 
2026-02-15 14:32:24,560 - INFO - Round 616/1000
2026-02-15 14:32:24,866 - INFO -   Silhouette: 0.2078 | School ROC: 0.6299 F1: 0.6237 | Project ROC: 0.5104 F1: 0.1887 
2026-02-15 14:32:24,866 - INFO - Round 617/1000
2026-02-15 14:32:25,123 - INFO -   Silhouette: 0.3043 | School ROC: 0.6090 F1: 0.5488 | Project ROC: 0.5524 F1: 0.2286 
2026-02-15 14:32:25,124 - INFO - Round 618/1000
2026-02-15 14:32:25,403 - INFO -   Silhouette: 0.2213 | School ROC: 0.6172 F1: 0.6145 | Project ROC: 0.5463 F1: 0.2268 
2026-02-15 14:32:25,404 - INFO - Round 619/1000
2026-02-15 14:32:25,647 - INFO -   Silhouette: 0.2312 | School ROC: 0.5630 F1: 0.5355 | Project ROC: 0.5217 F1: 0.1895 
2026-02-15 14:32:25,647 - INFO - Round 620/1000
2026-02-15 14:32:25,904 - INFO -   Silhouette: 0.2002 | School ROC: 0.6134 F1: 0.5529 | Project ROC: 0.6344 F1: 0.2424 
2026-02-15 14:32:25,904 - INFO - Round 621/1000
2026-02-15 14:32:26,274 - INFO -   Silhouette: 0.1959 | School ROC: 0.6570 F1: 0.6092 | Project ROC: 0.5506 F1: 0.2162 
2026-02-15 14:32:26,275 - INFO - Round 622/1000
2026-02-15 14:32:26,517 - INFO -   Silhouette: 0.2452 | School ROC: 0.6452 F1: 0.6032 | Project ROC: 0.5266 F1: 0.2222 
2026-02-15 14:32:26,517 - INFO - Round 623/1000
2026-02-15 14:32:26,831 - INFO -   Silhouette: 0.2340 | School ROC: 0.6318 F1: 0.5730 | Project ROC: 0.5792 F1: 0.2424 
2026-02-15 14:32:26,831 - INFO - Round 624/1000
2026-02-15 14:32:27,147 - INFO -   Silhouette: 0.2136 | School ROC: 0.6325 F1: 0.6129 | Project ROC: 0.5392 F1: 0.2178 
2026-02-15 14:32:27,148 - INFO - Round 625/1000
2026-02-15 14:32:27,365 - INFO -   Silhouette: 0.2277 | School ROC: 0.6379 F1: 0.6032 | Project ROC: 0.4720 F1: 0.2124 
2026-02-15 14:32:27,365 - INFO - Round 626/1000
2026-02-15 14:32:27,666 - INFO -   Silhouette: 0.2320 | School ROC: 0.6354 F1: 0.5870 | Project ROC: 0.5525 F1: 0.2476 
2026-02-15 14:32:27,667 - INFO - Round 627/1000
2026-02-15 14:32:27,903 - INFO -   Silhouette: 0.2506 | School ROC: 0.6528 F1: 0.6383 | Project ROC: 0.5541 F1: 0.2453 
2026-02-15 14:32:27,903 - INFO - Round 628/1000
2026-02-15 14:32:28,178 - INFO -   Silhouette: 0.2287 | School ROC: 0.5887 F1: 0.5600 | Project ROC: 0.5673 F1: 0.1905 
2026-02-15 14:32:28,178 - INFO - Round 629/1000
2026-02-15 14:32:28,406 - INFO -   Silhouette: 0.1948 | School ROC: 0.6124 F1: 0.5876 | Project ROC: 0.5805 F1: 0.2609 
2026-02-15 14:32:28,406 - INFO - Round 630/1000
2026-02-15 14:32:28,709 - INFO -   Silhouette: 0.2363 | School ROC: 0.6139 F1: 0.5747 | Project ROC: 0.4726 F1: 0.1698 
2026-02-15 14:32:28,710 - INFO - Round 631/1000
2026-02-15 14:32:28,969 - INFO -   Silhouette: 0.1906 | School ROC: 0.6017 F1: 0.5604 | Project ROC: 0.5063 F1: 0.1786 
2026-02-15 14:32:28,969 - INFO - Round 632/1000
2026-02-15 14:32:29,209 - INFO -   Silhouette: 0.2477 | School ROC: 0.6311 F1: 0.5810 | Project ROC: 0.5579 F1: 0.2075 
2026-02-15 14:32:29,209 - INFO - Round 633/1000
2026-02-15 14:32:29,577 - INFO -   Silhouette: 0.1990 | School ROC: 0.6165 F1: 0.5795 | Project ROC: 0.5184 F1: 0.2000 
2026-02-15 14:32:29,577 - INFO - Round 634/1000
2026-02-15 14:32:29,890 - INFO -   Silhouette: 0.2337 | School ROC: 0.6861 F1: 0.6277 | Project ROC: 0.5365 F1: 0.2143 
2026-02-15 14:32:29,891 - INFO - Round 635/1000
2026-02-15 14:32:30,105 - INFO -   Silhouette: 0.1919 | School ROC: 0.6567 F1: 0.6444 | Project ROC: 0.5261 F1: 0.2222 
2026-02-15 14:32:30,105 - INFO - Round 636/1000
2026-02-15 14:32:30,365 - INFO -   Silhouette: 0.2454 | School ROC: 0.6392 F1: 0.6154 | Project ROC: 0.5436 F1: 0.2202 
2026-02-15 14:32:30,365 - INFO - Round 637/1000
2026-02-15 14:32:30,626 - INFO -   Silhouette: 0.2399 | School ROC: 0.6150 F1: 0.6064 | Project ROC: 0.5684 F1: 0.2500 
2026-02-15 14:32:30,626 - INFO - Round 638/1000
2026-02-15 14:32:30,857 - INFO -   Silhouette: 0.2444 | School ROC: 0.6224 F1: 0.6203 | Project ROC: 0.5651 F1: 0.2430 
2026-02-15 14:32:30,857 - INFO - Round 639/1000
2026-02-15 14:32:31,205 - INFO -   Silhouette: 0.2231 | School ROC: 0.6056 F1: 0.5682 | Project ROC: 0.5188 F1: 0.2000 
2026-02-15 14:32:31,206 - INFO - Round 640/1000
2026-02-15 14:32:31,486 - INFO -   Silhouette: 0.2355 | School ROC: 0.6291 F1: 0.5843 | Project ROC: 0.5568 F1: 0.2261 
2026-02-15 14:32:31,486 - INFO - Round 641/1000
2026-02-15 14:32:31,726 - INFO -   Silhouette: 0.2647 | School ROC: 0.5849 F1: 0.5281 | Project ROC: 0.4920 F1: 0.1869 
2026-02-15 14:32:31,726 - INFO - Round 642/1000
2026-02-15 14:32:31,997 - INFO -   Silhouette: 0.3001 | School ROC: 0.5590 F1: 0.5475 | Project ROC: 0.4834 F1: 0.2037 
2026-02-15 14:32:31,997 - INFO - Round 643/1000
2026-02-15 14:32:32,325 - INFO -   Silhouette: 0.2516 | School ROC: 0.5929 F1: 0.5604 | Project ROC: 0.4818 F1: 0.1748 
2026-02-15 14:32:32,325 - INFO - Round 644/1000
2026-02-15 14:32:32,548 - INFO -   Silhouette: 0.2064 | School ROC: 0.6882 F1: 0.6480 | Project ROC: 0.5303 F1: 0.1731 
2026-02-15 14:32:32,548 - INFO - Round 645/1000
2026-02-15 14:32:32,765 - INFO -   Silhouette: 0.2745 | School ROC: 0.6146 F1: 0.5967 | Project ROC: 0.4692 F1: 0.1982 
2026-02-15 14:32:32,765 - INFO - Round 646/1000
2026-02-15 14:32:33,019 - INFO -   Silhouette: 0.2268 | School ROC: 0.6328 F1: 0.5747 | Project ROC: 0.5737 F1: 0.2308 
2026-02-15 14:32:33,019 - INFO - Round 647/1000
2026-02-15 14:32:33,312 - INFO -   Silhouette: 0.2053 | School ROC: 0.6563 F1: 0.6257 | Project ROC: 0.5394 F1: 0.2136 
2026-02-15 14:32:33,313 - INFO - Round 648/1000
2026-02-15 14:32:33,542 - INFO -   Silhouette: 0.2336 | School ROC: 0.5847 F1: 0.5444 | Project ROC: 0.4796 F1: 0.1633 
2026-02-15 14:32:33,543 - INFO - Round 649/1000
2026-02-15 14:32:33,838 - INFO -   Silhouette: 0.2469 | School ROC: 0.6493 F1: 0.6230 | Project ROC: 0.5426 F1: 0.2202 
2026-02-15 14:32:33,838 - INFO - Round 650/1000
2026-02-15 14:32:34,087 - INFO -   Silhouette: 0.3226 | School ROC: 0.5937 F1: 0.5514 | Project ROC: 0.4958 F1: 0.1835 
2026-02-15 14:32:34,087 - INFO - Round 651/1000
2026-02-15 14:32:34,407 - INFO -   Silhouette: 0.2928 | School ROC: 0.5554 F1: 0.5495 | Project ROC: 0.4953 F1: 0.1887 
2026-02-15 14:32:34,408 - INFO - Round 652/1000
2026-02-15 14:32:34,642 - INFO -   Silhouette: 0.2325 | School ROC: 0.6339 F1: 0.5934 | Project ROC: 0.5503 F1: 0.2449 
2026-02-15 14:32:34,642 - INFO - Round 653/1000
2026-02-15 14:32:34,875 - INFO -   Silhouette: 0.2886 | School ROC: 0.6205 F1: 0.5731 | Project ROC: 0.4542 F1: 0.1913 
2026-02-15 14:32:34,876 - INFO - Round 654/1000
2026-02-15 14:32:35,174 - INFO -   Silhouette: 0.2607 | School ROC: 0.6339 F1: 0.5876 | Project ROC: 0.6007 F1: 0.2800 
2026-02-15 14:32:35,174 - INFO - Round 655/1000
2026-02-15 14:32:35,462 - INFO -   Silhouette: 0.2414 | School ROC: 0.5889 F1: 0.5946 | Project ROC: 0.4933 F1: 0.1980 
2026-02-15 14:32:35,462 - INFO - Round 656/1000
2026-02-15 14:32:35,693 - INFO -   Silhouette: 0.2763 | School ROC: 0.6195 F1: 0.5665 | Project ROC: 0.5503 F1: 0.2292 
2026-02-15 14:32:35,694 - INFO - Round 657/1000
2026-02-15 14:32:36,026 - INFO -   Silhouette: 0.2545 | School ROC: 0.5936 F1: 0.5922 | Project ROC: 0.5566 F1: 0.2353 
2026-02-15 14:32:36,027 - INFO - Round 658/1000
2026-02-15 14:32:36,337 - INFO -   Silhouette: 0.2337 | School ROC: 0.6575 F1: 0.6378 | Project ROC: 0.5766 F1: 0.2549 
2026-02-15 14:32:36,337 - INFO - Round 659/1000
2026-02-15 14:32:36,634 - INFO -   Silhouette: 0.2436 | School ROC: 0.6303 F1: 0.5747 | Project ROC: 0.4879 F1: 0.1786 
2026-02-15 14:32:36,634 - INFO - Round 660/1000
2026-02-15 14:32:36,877 - INFO -   Silhouette: 0.2721 | School ROC: 0.5915 F1: 0.5622 | Project ROC: 0.5228 F1: 0.2182 
2026-02-15 14:32:36,878 - INFO - Round 661/1000
2026-02-15 14:32:37,176 - INFO -   Silhouette: 0.2264 | School ROC: 0.6097 F1: 0.6034 | Project ROC: 0.4822 F1: 0.2041 
2026-02-15 14:32:37,176 - INFO - Round 662/1000
2026-02-15 14:32:37,470 - INFO -   Silhouette: 0.2487 | School ROC: 0.6158 F1: 0.5444 | Project ROC: 0.4958 F1: 0.1731 
2026-02-15 14:32:37,471 - INFO - Round 663/1000
2026-02-15 14:32:37,884 - INFO -   Silhouette: 0.2200 | School ROC: 0.6703 F1: 0.6292 | Project ROC: 0.5986 F1: 0.2832 
2026-02-15 14:32:37,884 - INFO - Round 664/1000
2026-02-15 14:32:38,186 - INFO -   Silhouette: 0.2070 | School ROC: 0.6047 F1: 0.5698 | Project ROC: 0.4931 F1: 0.1837 
2026-02-15 14:32:38,186 - INFO - Round 665/1000
2026-02-15 14:32:38,462 - INFO -   Silhouette: 0.3148 | School ROC: 0.6202 F1: 0.5635 | Project ROC: 0.5016 F1: 0.1923 
2026-02-15 14:32:38,462 - INFO - Round 666/1000
2026-02-15 14:32:38,719 - INFO -   Silhouette: 0.2286 | School ROC: 0.6004 F1: 0.6000 | Project ROC: 0.5320 F1: 0.2143 
2026-02-15 14:32:38,719 - INFO - Round 667/1000
2026-02-15 14:32:39,054 - INFO -   Silhouette: 0.2855 | School ROC: 0.6230 F1: 0.6196 | Project ROC: 0.5595 F1: 0.2105 
2026-02-15 14:32:39,054 - INFO - Round 668/1000
2026-02-15 14:32:39,313 - INFO -   Silhouette: 0.2251 | School ROC: 0.6433 F1: 0.6034 | Project ROC: 0.5855 F1: 0.2526 
2026-02-15 14:32:39,313 - INFO - Round 669/1000
2026-02-15 14:32:39,549 - INFO -   Silhouette: 0.2307 | School ROC: 0.6390 F1: 0.5922 | Project ROC: 0.5712 F1: 0.2105 
2026-02-15 14:32:39,550 - INFO - Round 670/1000
2026-02-15 14:32:39,890 - INFO -   Silhouette: 0.2295 | School ROC: 0.6084 F1: 0.5943 | Project ROC: 0.5413 F1: 0.2020 
2026-02-15 14:32:39,891 - INFO - Round 671/1000
2026-02-15 14:32:40,189 - INFO -   Silhouette: 0.2761 | School ROC: 0.6538 F1: 0.6188 | Project ROC: 0.5776 F1: 0.2564 
2026-02-15 14:32:40,190 - INFO - Round 672/1000
2026-02-15 14:32:40,407 - INFO -   Silhouette: 0.1876 | School ROC: 0.6115 F1: 0.5806 | Project ROC: 0.5050 F1: 0.2000 
2026-02-15 14:32:40,408 - INFO - Round 673/1000
2026-02-15 14:32:40,663 - INFO -   Silhouette: 0.2104 | School ROC: 0.5866 F1: 0.5810 | Project ROC: 0.5330 F1: 0.1942 
2026-02-15 14:32:40,663 - INFO - Round 674/1000
2026-02-15 14:32:40,978 - INFO -   Silhouette: 0.2105 | School ROC: 0.6377 F1: 0.6298 | Project ROC: 0.5633 F1: 0.2524 
2026-02-15 14:32:40,979 - INFO - Round 675/1000
2026-02-15 14:32:41,298 - INFO -   Silhouette: 0.2139 | School ROC: 0.5846 F1: 0.5698 | Project ROC: 0.4907 F1: 0.2105 
2026-02-15 14:32:41,298 - INFO - Round 676/1000
2026-02-15 14:32:41,626 - INFO -   Silhouette: 0.2567 | School ROC: 0.5630 F1: 0.5227 | Project ROC: 0.4918 F1: 0.1837 
2026-02-15 14:32:41,627 - INFO - Round 677/1000
2026-02-15 14:32:41,868 - INFO -   Silhouette: 0.2824 | School ROC: 0.6314 F1: 0.5610 | Project ROC: 0.5932 F1: 0.2549 
2026-02-15 14:32:41,868 - INFO - Round 678/1000
2026-02-15 14:32:42,157 - INFO -   Silhouette: 0.2939 | School ROC: 0.6490 F1: 0.6000 | Project ROC: 0.5546 F1: 0.2430 
2026-02-15 14:32:42,157 - INFO - Round 679/1000
2026-02-15 14:32:42,443 - INFO -   Silhouette: 0.3113 | School ROC: 0.6186 F1: 0.5824 | Project ROC: 0.5247 F1: 0.2087 
2026-02-15 14:32:42,443 - INFO - Round 680/1000
2026-02-15 14:32:42,749 - INFO -   Silhouette: 0.2225 | School ROC: 0.5655 F1: 0.5902 | Project ROC: 0.5070 F1: 0.1887 
2026-02-15 14:32:42,750 - INFO - Round 681/1000
2026-02-15 14:32:43,020 - INFO -   Silhouette: 0.2067 | School ROC: 0.6173 F1: 0.5889 | Project ROC: 0.5489 F1: 0.2062 
2026-02-15 14:32:43,020 - INFO - Round 682/1000
2026-02-15 14:32:43,259 - INFO -   Silhouette: 0.2422 | School ROC: 0.6159 F1: 0.5574 | Project ROC: 0.5249 F1: 0.1905 
2026-02-15 14:32:43,259 - INFO - Round 683/1000
2026-02-15 14:32:43,583 - INFO -   Silhouette: 0.2082 | School ROC: 0.6617 F1: 0.5943 | Project ROC: 0.5827 F1: 0.2500 
2026-02-15 14:32:43,583 - INFO - Round 684/1000
2026-02-15 14:32:43,843 - INFO -   Silhouette: 0.2358 | School ROC: 0.6164 F1: 0.5843 | Project ROC: 0.5150 F1: 0.1905 
2026-02-15 14:32:43,843 - INFO - Round 685/1000
2026-02-15 14:32:44,121 - INFO -   Silhouette: 0.2151 | School ROC: 0.6688 F1: 0.6243 | Project ROC: 0.5314 F1: 0.2062 
2026-02-15 14:32:44,121 - INFO - Round 686/1000
2026-02-15 14:32:44,401 - INFO -   Silhouette: 0.2332 | School ROC: 0.6476 F1: 0.6455 | Project ROC: 0.5312 F1: 0.1923 
2026-02-15 14:32:44,401 - INFO - Round 687/1000
2026-02-15 14:32:44,691 - INFO -   Silhouette: 0.2097 | School ROC: 0.6549 F1: 0.6316 | Project ROC: 0.5734 F1: 0.2308 
2026-02-15 14:32:44,691 - INFO - Round 688/1000
2026-02-15 14:32:44,981 - INFO -   Silhouette: 0.2307 | School ROC: 0.6335 F1: 0.5732 | Project ROC: 0.5639 F1: 0.2308 
2026-02-15 14:32:44,981 - INFO - Round 689/1000
2026-02-15 14:32:45,278 - INFO -   Silhouette: 0.2205 | School ROC: 0.6448 F1: 0.6522 | Project ROC: 0.5601 F1: 0.2364 
2026-02-15 14:32:45,278 - INFO - Round 690/1000
2026-02-15 14:32:45,625 - INFO -   Silhouette: 0.2327 | School ROC: 0.6111 F1: 0.6196 | Project ROC: 0.4946 F1: 0.1538 
2026-02-15 14:32:45,625 - INFO - Round 691/1000
2026-02-15 14:32:45,883 - INFO -   Silhouette: 0.2565 | School ROC: 0.6257 F1: 0.5922 | Project ROC: 0.5410 F1: 0.1942 
2026-02-15 14:32:45,883 - INFO - Round 692/1000
2026-02-15 14:32:46,141 - INFO -   Silhouette: 0.2407 | School ROC: 0.6367 F1: 0.6096 | Project ROC: 0.5295 F1: 0.2456 
2026-02-15 14:32:46,141 - INFO - Round 693/1000
2026-02-15 14:32:46,433 - INFO -   Silhouette: 0.2180 | School ROC: 0.6163 F1: 0.6333 | Project ROC: 0.5868 F1: 0.2500 
2026-02-15 14:32:46,433 - INFO - Round 694/1000
2026-02-15 14:32:46,750 - INFO -   Silhouette: 0.2401 | School ROC: 0.5704 F1: 0.5402 | Project ROC: 0.5322 F1: 0.2083 
2026-02-15 14:32:46,750 - INFO - Round 695/1000
2026-02-15 14:32:47,012 - INFO -   Silhouette: 0.2144 | School ROC: 0.6143 F1: 0.6034 | Project ROC: 0.5810 F1: 0.2885 
2026-02-15 14:32:47,012 - INFO - Round 696/1000
2026-02-15 14:32:47,282 - INFO -   Silhouette: 0.2309 | School ROC: 0.6843 F1: 0.6559 | Project ROC: 0.5464 F1: 0.2162 
2026-02-15 14:32:47,282 - INFO - Round 697/1000
2026-02-15 14:32:47,590 - INFO -   Silhouette: 0.2054 | School ROC: 0.6268 F1: 0.5549 | Project ROC: 0.5063 F1: 0.2075 
2026-02-15 14:32:47,590 - INFO - Round 698/1000
2026-02-15 14:32:47,835 - INFO -   Silhouette: 0.2288 | School ROC: 0.6639 F1: 0.6292 | Project ROC: 0.5524 F1: 0.2178 
2026-02-15 14:32:47,835 - INFO - Round 699/1000
2026-02-15 14:32:48,094 - INFO -   Silhouette: 0.2698 | School ROC: 0.6267 F1: 0.6011 | Project ROC: 0.5123 F1: 0.2167 
2026-02-15 14:32:48,094 - INFO - Round 700/1000
2026-02-15 14:32:48,426 - INFO -   Silhouette: 0.2425 | School ROC: 0.6365 F1: 0.6127 | Project ROC: 0.5467 F1: 0.2407 
2026-02-15 14:32:48,426 - INFO - Round 701/1000
2026-02-15 14:32:48,667 - INFO -   Silhouette: 0.1834 | School ROC: 0.6053 F1: 0.5969 | Project ROC: 0.5303 F1: 0.2095 
2026-02-15 14:32:48,668 - INFO - Round 702/1000
2026-02-15 14:32:48,972 - INFO -   Silhouette: 0.2383 | School ROC: 0.6932 F1: 0.6374 | Project ROC: 0.5595 F1: 0.2478 
2026-02-15 14:32:48,972 - INFO - Round 703/1000
2026-02-15 14:32:49,221 - INFO -   Silhouette: 0.2169 | School ROC: 0.6081 F1: 0.6064 | Project ROC: 0.5054 F1: 0.1802 
2026-02-15 14:32:49,221 - INFO - Round 704/1000
2026-02-15 14:32:49,503 - INFO -   Silhouette: 0.2737 | School ROC: 0.6321 F1: 0.6211 | Project ROC: 0.4775 F1: 0.1724 
2026-02-15 14:32:49,504 - INFO - Round 705/1000
2026-02-15 14:32:49,945 - INFO -   Silhouette: 0.1960 | School ROC: 0.6151 F1: 0.5650 | Project ROC: 0.5270 F1: 0.2200 
2026-02-15 14:32:49,945 - INFO - Round 706/1000
2026-02-15 14:32:50,256 - INFO -   Silhouette: 0.2557 | School ROC: 0.6899 F1: 0.6557 | Project ROC: 0.5166 F1: 0.2222 
2026-02-15 14:32:50,257 - INFO - Round 707/1000
2026-02-15 14:32:50,523 - INFO -   Silhouette: 0.2525 | School ROC: 0.6405 F1: 0.6270 | Project ROC: 0.4889 F1: 0.1947 
2026-02-15 14:32:50,523 - INFO - Round 708/1000
2026-02-15 14:32:50,787 - INFO -   Silhouette: 0.2234 | School ROC: 0.5855 F1: 0.5902 | Project ROC: 0.5012 F1: 0.1731 
2026-02-15 14:32:50,787 - INFO - Round 709/1000
2026-02-15 14:32:51,056 - INFO -   Silhouette: 0.2250 | School ROC: 0.6321 F1: 0.5698 | Project ROC: 0.6040 F1: 0.2679 
2026-02-15 14:32:51,056 - INFO - Round 710/1000
2026-02-15 14:32:51,359 - INFO -   Silhouette: 0.2669 | School ROC: 0.6287 F1: 0.6283 | Project ROC: 0.5178 F1: 0.2069 
2026-02-15 14:32:51,359 - INFO - Round 711/1000
2026-02-15 14:32:51,590 - INFO -   Silhouette: 0.2293 | School ROC: 0.6173 F1: 0.6000 | Project ROC: 0.5680 F1: 0.2353 
2026-02-15 14:32:51,590 - INFO - Round 712/1000
2026-02-15 14:32:51,853 - INFO -   Silhouette: 0.1671 | School ROC: 0.6009 F1: 0.5698 | Project ROC: 0.4837 F1: 0.1304 
2026-02-15 14:32:51,853 - INFO - Round 713/1000
2026-02-15 14:32:52,097 - INFO -   Silhouette: 0.2313 | School ROC: 0.6089 F1: 0.5795 | Project ROC: 0.5820 F1: 0.2680 
2026-02-15 14:32:52,098 - INFO - Round 714/1000
2026-02-15 14:32:52,481 - INFO -   Silhouette: 0.2483 | School ROC: 0.5979 F1: 0.5650 | Project ROC: 0.5299 F1: 0.2292 
2026-02-15 14:32:52,482 - INFO - Round 715/1000
2026-02-15 14:32:52,751 - INFO -   Silhouette: 0.2486 | School ROC: 0.6629 F1: 0.6044 | Project ROC: 0.5565 F1: 0.2095 
2026-02-15 14:32:52,751 - INFO - Round 716/1000
2026-02-15 14:32:53,003 - INFO -   Silhouette: 0.2902 | School ROC: 0.6239 F1: 0.6102 | Project ROC: 0.4502 F1: 0.1698 
2026-02-15 14:32:53,003 - INFO - Round 717/1000
2026-02-15 14:32:53,266 - INFO -   Silhouette: 0.2060 | School ROC: 0.6114 F1: 0.5632 | Project ROC: 0.6198 F1: 0.3119 
2026-02-15 14:32:53,266 - INFO - Round 718/1000
2026-02-15 14:32:53,546 - INFO -   Silhouette: 0.2127 | School ROC: 0.5883 F1: 0.5730 | Project ROC: 0.4949 F1: 0.1765 
2026-02-15 14:32:53,546 - INFO - Round 719/1000
2026-02-15 14:32:53,797 - INFO -   Silhouette: 0.2250 | School ROC: 0.6344 F1: 0.6034 | Project ROC: 0.5972 F1: 0.2804 
2026-02-15 14:32:53,797 - INFO - Round 720/1000
2026-02-15 14:32:54,033 - INFO -   Silhouette: 0.2488 | School ROC: 0.6159 F1: 0.6492 | Project ROC: 0.5565 F1: 0.2500 
2026-02-15 14:32:54,033 - INFO - Round 721/1000
2026-02-15 14:32:54,370 - INFO -   Silhouette: 0.1957 | School ROC: 0.6927 F1: 0.6489 | Project ROC: 0.5754 F1: 0.2703 
2026-02-15 14:32:54,370 - INFO - Round 722/1000
2026-02-15 14:32:54,672 - INFO -   Silhouette: 0.2873 | School ROC: 0.6013 F1: 0.5746 | Project ROC: 0.5209 F1: 0.2202 
2026-02-15 14:32:54,672 - INFO - Round 723/1000
2026-02-15 14:32:54,957 - INFO -   Silhouette: 0.3173 | School ROC: 0.5992 F1: 0.6129 | Project ROC: 0.4707 F1: 0.1607 
2026-02-15 14:32:54,957 - INFO - Round 724/1000
2026-02-15 14:32:55,316 - INFO -   Silhouette: 0.2308 | School ROC: 0.5716 F1: 0.5820 | Project ROC: 0.5133 F1: 0.1887 
2026-02-15 14:32:55,317 - INFO - Round 725/1000
2026-02-15 14:32:55,575 - INFO -   Silhouette: 0.2349 | School ROC: 0.6477 F1: 0.6230 | Project ROC: 0.5360 F1: 0.2330 
2026-02-15 14:32:55,576 - INFO - Round 726/1000
2026-02-15 14:32:55,965 - INFO -   Silhouette: 0.2700 | School ROC: 0.6337 F1: 0.5731 | Project ROC: 0.4876 F1: 0.1913 
2026-02-15 14:32:55,965 - INFO - Round 727/1000
2026-02-15 14:32:56,366 - INFO -   Silhouette: 0.2702 | School ROC: 0.6364 F1: 0.5843 | Project ROC: 0.5055 F1: 0.2056 
2026-02-15 14:32:56,366 - INFO - Round 728/1000
2026-02-15 14:32:56,610 - INFO -   Silhouette: 0.2347 | School ROC: 0.5932 F1: 0.5604 | Project ROC: 0.5560 F1: 0.2453 
2026-02-15 14:32:56,610 - INFO - Round 729/1000
2026-02-15 14:32:56,907 - INFO -   Silhouette: 0.2673 | School ROC: 0.6183 F1: 0.5946 | Project ROC: 0.5228 F1: 0.2202 
2026-02-15 14:32:56,907 - INFO - Round 730/1000
2026-02-15 14:32:57,171 - INFO -   Silhouette: 0.2378 | School ROC: 0.6702 F1: 0.6034 | Project ROC: 0.5622 F1: 0.2476 
2026-02-15 14:32:57,171 - INFO - Round 731/1000
2026-02-15 14:32:57,449 - INFO -   Silhouette: 0.2142 | School ROC: 0.6063 F1: 0.5946 | Project ROC: 0.4988 F1: 0.1905 
2026-02-15 14:32:57,450 - INFO - Round 732/1000
2026-02-15 14:32:57,719 - INFO -   Silhouette: 0.2454 | School ROC: 0.6215 F1: 0.6270 | Project ROC: 0.5309 F1: 0.2430 
2026-02-15 14:32:57,719 - INFO - Round 733/1000
2026-02-15 14:32:57,992 - INFO -   Silhouette: 0.2441 | School ROC: 0.6550 F1: 0.5780 | Project ROC: 0.5867 F1: 0.2804 
2026-02-15 14:32:57,992 - INFO - Round 734/1000
2026-02-15 14:32:58,293 - INFO -   Silhouette: 0.2045 | School ROC: 0.6076 F1: 0.6162 | Project ROC: 0.6193 F1: 0.2804 
2026-02-15 14:32:58,293 - INFO - Round 735/1000
2026-02-15 14:32:58,530 - INFO -   Silhouette: 0.1808 | School ROC: 0.6273 F1: 0.6034 | Project ROC: 0.5098 F1: 0.1964 
2026-02-15 14:32:58,531 - INFO - Round 736/1000
2026-02-15 14:32:58,811 - INFO -   Silhouette: 0.1771 | School ROC: 0.5812 F1: 0.5618 | Project ROC: 0.5289 F1: 0.2222 
2026-02-15 14:32:58,811 - INFO - Round 737/1000
2026-02-15 14:32:59,089 - INFO -   Silhouette: 0.2651 | School ROC: 0.6196 F1: 0.6064 | Project ROC: 0.5495 F1: 0.2364 
2026-02-15 14:32:59,089 - INFO - Round 738/1000
2026-02-15 14:32:59,337 - INFO -   Silhouette: 0.2896 | School ROC: 0.5928 F1: 0.5683 | Project ROC: 0.4961 F1: 0.1835 
2026-02-15 14:32:59,338 - INFO - Round 739/1000
2026-02-15 14:32:59,646 - INFO -   Silhouette: 0.2223 | School ROC: 0.6353 F1: 0.6077 | Project ROC: 0.5765 F1: 0.2430 
2026-02-15 14:32:59,646 - INFO - Round 740/1000
2026-02-15 14:32:59,966 - INFO -   Silhouette: 0.2460 | School ROC: 0.7002 F1: 0.6630 | Project ROC: 0.5204 F1: 0.2261 ✓
2026-02-15 14:33:00,147 - INFO - Results saved to /home/dev/work_main/random/assesment/k_means_selected/gemma3-12B_cv_evo_results.json
2026-02-15 14:33:00,148 - INFO - Round 741/1000
2026-02-15 14:33:00,342 - INFO -   Silhouette: 0.2421 | School ROC: 0.6090 F1: 0.5714 | Project ROC: 0.5301 F1: 0.1905 
2026-02-15 14:33:00,342 - INFO - Round 742/1000
2026-02-15 14:33:00,608 - INFO -   Silhouette: 0.2700 | School ROC: 0.5898 F1: 0.5806 | Project ROC: 0.5343 F1: 0.1835 
2026-02-15 14:33:00,608 - INFO - Round 743/1000
2026-02-15 14:33:00,929 - INFO -   Silhouette: 0.2613 | School ROC: 0.6416 F1: 0.6378 | Project ROC: 0.5270 F1: 0.1835 
2026-02-15 14:33:00,930 - INFO - Round 744/1000
2026-02-15 14:33:01,170 - INFO -   Silhouette: 0.2293 | School ROC: 0.6113 F1: 0.5870 | Project ROC: 0.5535 F1: 0.2286 
2026-02-15 14:33:01,170 - INFO - Round 745/1000
2026-02-15 14:33:01,416 - INFO -   Silhouette: 0.2602 | School ROC: 0.5898 F1: 0.5587 | Project ROC: 0.6236 F1: 0.2800 
2026-02-15 14:33:01,416 - INFO - Round 746/1000
2026-02-15 14:33:01,682 - INFO -   Silhouette: 0.2241 | School ROC: 0.5852 F1: 0.6011 | Project ROC: 0.5344 F1: 0.2245 
2026-02-15 14:33:01,684 - INFO - Round 747/1000
2026-02-15 14:33:01,984 - INFO -   Silhouette: 0.1897 | School ROC: 0.5969 F1: 0.6087 | Project ROC: 0.5191 F1: 0.2182 
2026-02-15 14:33:01,984 - INFO - Round 748/1000
2026-02-15 14:33:02,280 - INFO -   Silhouette: 0.2020 | School ROC: 0.6552 F1: 0.6304 | Project ROC: 0.5592 F1: 0.2435 
2026-02-15 14:33:02,280 - INFO - Round 749/1000
2026-02-15 14:33:02,618 - INFO -   Silhouette: 0.1658 | School ROC: 0.6213 F1: 0.5943 | Project ROC: 0.5972 F1: 0.2680 
2026-02-15 14:33:02,619 - INFO - Round 750/1000
2026-02-15 14:33:02,910 - INFO -   Silhouette: 0.2400 | School ROC: 0.6299 F1: 0.5977 | Project ROC: 0.5875 F1: 0.2609 
2026-02-15 14:33:02,910 - INFO - Round 751/1000
2026-02-15 14:33:03,186 - INFO -   Silhouette: 0.2134 | School ROC: 0.5732 F1: 0.5281 | Project ROC: 0.4853 F1: 0.1961 
2026-02-15 14:33:03,187 - INFO - Round 752/1000
2026-02-15 14:33:03,468 - INFO -   Silhouette: 0.2088 | School ROC: 0.6614 F1: 0.6036 | Project ROC: 0.5260 F1: 0.2202 
2026-02-15 14:33:03,468 - INFO - Round 753/1000
2026-02-15 14:33:03,705 - INFO -   Silhouette: 0.2350 | School ROC: 0.6424 F1: 0.6170 | Project ROC: 0.4734 F1: 0.1770 
2026-02-15 14:33:03,705 - INFO - Round 754/1000
2026-02-15 14:33:04,065 - INFO -   Silhouette: 0.2576 | School ROC: 0.6156 F1: 0.6096 | Project ROC: 0.5178 F1: 0.2037 
2026-02-15 14:33:04,066 - INFO - Round 755/1000
2026-02-15 14:33:04,343 - INFO -   Silhouette: 0.2348 | School ROC: 0.6386 F1: 0.6111 | Project ROC: 0.5385 F1: 0.2075 
2026-02-15 14:33:04,343 - INFO - Round 756/1000
2026-02-15 14:33:04,578 - INFO -   Silhouette: 0.2444 | School ROC: 0.6101 F1: 0.5778 | Project ROC: 0.5572 F1: 0.2609 
2026-02-15 14:33:04,579 - INFO - Round 757/1000
2026-02-15 14:33:04,901 - INFO -   Silhouette: 0.2052 | School ROC: 0.6009 F1: 0.5778 | Project ROC: 0.5811 F1: 0.2617 
2026-02-15 14:33:04,902 - INFO - Round 758/1000
2026-02-15 14:33:05,153 - INFO -   Silhouette: 0.2673 | School ROC: 0.6001 F1: 0.6067 | Project ROC: 0.5668 F1: 0.2308 
2026-02-15 14:33:05,154 - INFO - Round 759/1000
2026-02-15 14:33:05,415 - INFO -   Silhouette: 0.2777 | School ROC: 0.6371 F1: 0.5967 | Project ROC: 0.4737 F1: 0.1538 
2026-02-15 14:33:05,416 - INFO - Round 760/1000
2026-02-15 14:33:05,773 - INFO -   Silhouette: 0.2182 | School ROC: 0.5931 F1: 0.5587 | Project ROC: 0.5371 F1: 0.2000 
2026-02-15 14:33:05,774 - INFO - Round 761/1000
2026-02-15 14:33:06,043 - INFO -   Silhouette: 0.2062 | School ROC: 0.6002 F1: 0.6120 | Project ROC: 0.5546 F1: 0.2243 
2026-02-15 14:33:06,043 - INFO - Round 762/1000
2026-02-15 14:33:06,302 - INFO -   Silhouette: 0.1939 | School ROC: 0.6301 F1: 0.5829 | Project ROC: 0.5455 F1: 0.2202 
2026-02-15 14:33:06,302 - INFO - Round 763/1000
2026-02-15 14:33:06,595 - INFO -   Silhouette: 0.2554 | School ROC: 0.6084 F1: 0.5650 | Project ROC: 0.5261 F1: 0.2222 
2026-02-15 14:33:06,596 - INFO - Round 764/1000
2026-02-15 14:33:06,875 - INFO -   Silhouette: 0.3053 | School ROC: 0.6704 F1: 0.6339 | Project ROC: 0.5881 F1: 0.2545 
2026-02-15 14:33:06,875 - INFO - Round 765/1000
2026-02-15 14:33:07,194 - INFO -   Silhouette: 0.2774 | School ROC: 0.6432 F1: 0.6222 | Project ROC: 0.5709 F1: 0.2703 
2026-02-15 14:33:07,194 - INFO - Round 766/1000
2026-02-15 14:33:07,465 - INFO -   Silhouette: 0.2663 | School ROC: 0.6463 F1: 0.6237 | Project ROC: 0.5409 F1: 0.2143 
2026-02-15 14:33:07,465 - INFO - Round 767/1000
2026-02-15 14:33:07,831 - INFO -   Silhouette: 0.2586 | School ROC: 0.6547 F1: 0.6211 | Project ROC: 0.5353 F1: 0.2385 
2026-02-15 14:33:07,831 - INFO - Round 768/1000
2026-02-15 14:33:08,030 - INFO -   Silhouette: 0.2252 | School ROC: 0.5813 F1: 0.5902 | Project ROC: 0.4755 F1: 0.1923 
2026-02-15 14:33:08,030 - INFO - Round 769/1000
2026-02-15 14:33:08,420 - INFO -   Silhouette: 0.2427 | School ROC: 0.6168 F1: 0.5902 | Project ROC: 0.6347 F1: 0.2963 
2026-02-15 14:33:08,420 - INFO - Round 770/1000
2026-02-15 14:33:08,687 - INFO -   Silhouette: 0.2092 | School ROC: 0.6620 F1: 0.6413 | Project ROC: 0.6169 F1: 0.2807 
2026-02-15 14:33:08,688 - INFO - Round 771/1000
2026-02-15 14:33:08,954 - INFO -   Silhouette: 0.2704 | School ROC: 0.6333 F1: 0.5549 | Project ROC: 0.4800 F1: 0.2034 
2026-02-15 14:33:08,954 - INFO - Round 772/1000
2026-02-15 14:33:09,225 - INFO -   Silhouette: 0.2602 | School ROC: 0.6073 F1: 0.5635 | Project ROC: 0.5055 F1: 0.1982 
2026-02-15 14:33:09,225 - INFO - Round 773/1000
2026-02-15 14:33:09,449 - INFO -   Silhouette: 0.2247 | School ROC: 0.5772 F1: 0.5587 | Project ROC: 0.5371 F1: 0.2075 
2026-02-15 14:33:09,449 - INFO - Round 774/1000
2026-02-15 14:33:09,782 - INFO -   Silhouette: 0.2569 | School ROC: 0.6190 F1: 0.5806 | Project ROC: 0.4745 F1: 0.1731 
2026-02-15 14:33:09,782 - INFO - Round 775/1000
2026-02-15 14:33:10,044 - INFO -   Silhouette: 0.3001 | School ROC: 0.6034 F1: 0.5682 | Project ROC: 0.4907 F1: 0.1923 
2026-02-15 14:33:10,044 - INFO - Round 776/1000
2026-02-15 14:33:10,317 - INFO -   Silhouette: 0.1909 | School ROC: 0.6754 F1: 0.6409 | Project ROC: 0.5614 F1: 0.2435 
2026-02-15 14:33:10,317 - INFO - Round 777/1000
2026-02-15 14:33:10,579 - INFO -   Silhouette: 0.2186 | School ROC: 0.6313 F1: 0.6129 | Project ROC: 0.5226 F1: 0.2143 
2026-02-15 14:33:10,580 - INFO - Round 778/1000
2026-02-15 14:33:10,882 - INFO -   Silhouette: 0.1926 | School ROC: 0.6215 F1: 0.6000 | Project ROC: 0.4680 F1: 0.1765 
2026-02-15 14:33:10,882 - INFO - Round 779/1000
2026-02-15 14:33:11,130 - INFO -   Silhouette: 0.2578 | School ROC: 0.5957 F1: 0.5795 | Project ROC: 0.5080 F1: 0.1887 
2026-02-15 14:33:11,131 - INFO - Round 780/1000
2026-02-15 14:33:11,449 - INFO -   Silhouette: 0.2115 | School ROC: 0.6329 F1: 0.6243 | Project ROC: 0.4794 F1: 0.1852 
2026-02-15 14:33:11,450 - INFO - Round 781/1000
2026-02-15 14:33:11,677 - INFO -   Silhouette: 0.2373 | School ROC: 0.5580 F1: 0.5525 | Project ROC: 0.5006 F1: 0.1714 
2026-02-15 14:33:11,678 - INFO - Round 782/1000
2026-02-15 14:33:11,998 - INFO -   Silhouette: 0.2534 | School ROC: 0.5817 F1: 0.5618 | Project ROC: 0.4933 F1: 0.1887 
2026-02-15 14:33:11,999 - INFO - Round 783/1000
2026-02-15 14:33:12,273 - INFO -   Silhouette: 0.2366 | School ROC: 0.5968 F1: 0.5587 | Project ROC: 0.5570 F1: 0.2524 
2026-02-15 14:33:12,273 - INFO - Round 784/1000
2026-02-15 14:33:12,553 - INFO -   Silhouette: 0.2053 | School ROC: 0.5936 F1: 0.5647 | Project ROC: 0.5509 F1: 0.1957 
2026-02-15 14:33:12,553 - INFO - Round 785/1000
2026-02-15 14:33:12,786 - INFO -   Silhouette: 0.3105 | School ROC: 0.6411 F1: 0.6188 | Project ROC: 0.5775 F1: 0.2524 
2026-02-15 14:33:12,786 - INFO - Round 786/1000
2026-02-15 14:33:13,034 - INFO -   Silhouette: 0.2449 | School ROC: 0.6254 F1: 0.5882 | Project ROC: 0.5680 F1: 0.2245 
2026-02-15 14:33:13,035 - INFO - Round 787/1000
2026-02-15 14:33:13,289 - INFO -   Silhouette: 0.2169 | School ROC: 0.6041 F1: 0.5810 | Project ROC: 0.5414 F1: 0.2222 
2026-02-15 14:33:13,290 - INFO - Round 788/1000
2026-02-15 14:33:13,545 - INFO -   Silhouette: 0.3000 | School ROC: 0.6288 F1: 0.5989 | Project ROC: 0.5572 F1: 0.2143 
2026-02-15 14:33:13,545 - INFO - Round 789/1000
2026-02-15 14:33:13,784 - INFO -   Silhouette: 0.2495 | School ROC: 0.5891 F1: 0.5517 | Project ROC: 0.6042 F1: 0.2947 
2026-02-15 14:33:13,785 - INFO - Round 790/1000
2026-02-15 14:33:14,054 - INFO -   Silhouette: 0.2286 | School ROC: 0.6642 F1: 0.6145 | Project ROC: 0.5314 F1: 0.2500 
2026-02-15 14:33:14,055 - INFO - Round 791/1000
2026-02-15 14:33:14,294 - INFO -   Silhouette: 0.2561 | School ROC: 0.5872 F1: 0.5851 | Project ROC: 0.5123 F1: 0.1964 
2026-02-15 14:33:14,294 - INFO - Round 792/1000
2026-02-15 14:33:14,568 - INFO -   Silhouette: 0.2085 | School ROC: 0.5692 F1: 0.5119 | Project ROC: 0.5185 F1: 0.1915 
2026-02-15 14:33:14,568 - INFO - Round 793/1000
2026-02-15 14:33:14,819 - INFO -   Silhouette: 0.2266 | School ROC: 0.5781 F1: 0.5824 | Project ROC: 0.5757 F1: 0.2245 
2026-02-15 14:33:14,820 - INFO - Round 794/1000
2026-02-15 14:33:15,076 - INFO -   Silhouette: 0.2795 | School ROC: 0.6352 F1: 0.6257 | Project ROC: 0.5502 F1: 0.2202 
2026-02-15 14:33:15,076 - INFO - Round 795/1000
2026-02-15 14:33:15,370 - INFO -   Silhouette: 0.2020 | School ROC: 0.5962 F1: 0.6492 | Project ROC: 0.5737 F1: 0.2609 
2026-02-15 14:33:15,370 - INFO - Round 796/1000
2026-02-15 14:33:15,678 - INFO -   Silhouette: 0.2459 | School ROC: 0.5789 F1: 0.5838 | Project ROC: 0.4877 F1: 0.2056 
2026-02-15 14:33:15,678 - INFO - Round 797/1000
2026-02-15 14:33:15,943 - INFO -   Silhouette: 0.2110 | School ROC: 0.6109 F1: 0.5946 | Project ROC: 0.5220 F1: 0.2087 
2026-02-15 14:33:15,943 - INFO - Round 798/1000
2026-02-15 14:33:16,177 - INFO -   Silhouette: 0.2278 | School ROC: 0.6033 F1: 0.6105 | Project ROC: 0.5292 F1: 0.1802 
2026-02-15 14:33:16,178 - INFO - Round 799/1000
2026-02-15 14:33:16,467 - INFO -   Silhouette: 0.3079 | School ROC: 0.6211 F1: 0.5763 | Project ROC: 0.6110 F1: 0.2772 
2026-02-15 14:33:16,467 - INFO - Round 800/1000
2026-02-15 14:33:16,819 - INFO -   Silhouette: 0.1850 | School ROC: 0.6418 F1: 0.5780 | Project ROC: 0.5986 F1: 0.2745 
2026-02-15 14:33:16,819 - INFO - Round 801/1000
2026-02-15 14:33:17,146 - INFO -   Silhouette: 0.2486 | School ROC: 0.6031 F1: 0.5614 | Project ROC: 0.5050 F1: 0.2222 
2026-02-15 14:33:17,146 - INFO - Round 802/1000
2026-02-15 14:33:17,399 - INFO -   Silhouette: 0.2659 | School ROC: 0.6472 F1: 0.6129 | Project ROC: 0.5280 F1: 0.2364 
2026-02-15 14:33:17,400 - INFO - Round 803/1000
2026-02-15 14:33:17,667 - INFO -   Silhouette: 0.2333 | School ROC: 0.6316 F1: 0.6000 | Project ROC: 0.5442 F1: 0.2222 
2026-02-15 14:33:17,667 - INFO - Round 804/1000
2026-02-15 14:33:17,981 - INFO -   Silhouette: 0.1904 | School ROC: 0.6402 F1: 0.6047 | Project ROC: 0.5676 F1: 0.2400 
2026-02-15 14:33:17,981 - INFO - Round 805/1000
2026-02-15 14:33:18,248 - INFO -   Silhouette: 0.2475 | School ROC: 0.6547 F1: 0.6349 | Project ROC: 0.5521 F1: 0.2407 
2026-02-15 14:33:18,248 - INFO - Round 806/1000
2026-02-15 14:33:18,519 - INFO -   Silhouette: 0.1827 | School ROC: 0.6123 F1: 0.5529 | Project ROC: 0.6164 F1: 0.2500 
2026-02-15 14:33:18,519 - INFO - Round 807/1000
2026-02-15 14:33:18,769 - INFO -   Silhouette: 0.2643 | School ROC: 0.6073 F1: 0.5856 | Project ROC: 0.4940 F1: 0.2000 
2026-02-15 14:33:18,769 - INFO - Round 808/1000
2026-02-15 14:33:19,018 - INFO -   Silhouette: 0.3098 | School ROC: 0.6173 F1: 0.5730 | Project ROC: 0.6230 F1: 0.2970 
2026-02-15 14:33:19,018 - INFO - Round 809/1000
2026-02-15 14:33:19,279 - INFO -   Silhouette: 0.2346 | School ROC: 0.6262 F1: 0.6022 | Project ROC: 0.4838 F1: 0.1875 
2026-02-15 14:33:19,279 - INFO - Round 810/1000
2026-02-15 14:33:19,521 - INFO -   Silhouette: 0.2371 | School ROC: 0.6066 F1: 0.6196 | Project ROC: 0.5979 F1: 0.2593 
2026-02-15 14:33:19,521 - INFO - Round 811/1000
2026-02-15 14:33:19,797 - INFO -   Silhouette: 0.2270 | School ROC: 0.6410 F1: 0.5955 | Project ROC: 0.5769 F1: 0.2321 
2026-02-15 14:33:19,797 - INFO - Round 812/1000
2026-02-15 14:33:20,108 - INFO -   Silhouette: 0.2133 | School ROC: 0.6021 F1: 0.6096 | Project ROC: 0.5627 F1: 0.2545 
2026-02-15 14:33:20,109 - INFO - Round 813/1000
2026-02-15 14:33:20,394 - INFO -   Silhouette: 0.2913 | School ROC: 0.6271 F1: 0.6064 | Project ROC: 0.5080 F1: 0.2222 
2026-02-15 14:33:20,394 - INFO - Round 814/1000
2026-02-15 14:33:20,655 - INFO -   Silhouette: 0.2564 | School ROC: 0.6051 F1: 0.5600 | Project ROC: 0.5228 F1: 0.2385 
2026-02-15 14:33:20,656 - INFO - Round 815/1000
2026-02-15 14:33:20,920 - INFO -   Silhouette: 0.3123 | School ROC: 0.6253 F1: 0.5618 | Project ROC: 0.4813 F1: 0.1818 
2026-02-15 14:33:20,920 - INFO - Round 816/1000
2026-02-15 14:33:21,182 - INFO -   Silhouette: 0.2477 | School ROC: 0.5849 F1: 0.5943 | Project ROC: 0.5537 F1: 0.2526 
2026-02-15 14:33:21,183 - INFO - Round 817/1000
2026-02-15 14:33:21,463 - INFO -   Silhouette: 0.2595 | School ROC: 0.6426 F1: 0.6237 | Project ROC: 0.5371 F1: 0.2264 
2026-02-15 14:33:21,463 - INFO - Round 818/1000
2026-02-15 14:33:21,697 - INFO -   Silhouette: 0.2644 | School ROC: 0.5965 F1: 0.5497 | Project ROC: 0.5015 F1: 0.1731 
2026-02-15 14:33:21,697 - INFO - Round 819/1000
2026-02-15 14:33:22,085 - INFO -   Silhouette: 0.2497 | School ROC: 0.6387 F1: 0.5978 | Project ROC: 0.5028 F1: 0.1947 
2026-02-15 14:33:22,086 - INFO - Round 820/1000
2026-02-15 14:33:22,450 - INFO -   Silhouette: 0.2523 | School ROC: 0.6543 F1: 0.6404 | Project ROC: 0.5303 F1: 0.1982 
2026-02-15 14:33:22,450 - INFO - Round 821/1000
2026-02-15 14:33:22,766 - INFO -   Silhouette: 0.1820 | School ROC: 0.6001 F1: 0.5856 | Project ROC: 0.5232 F1: 0.2087 
2026-02-15 14:33:22,766 - INFO - Round 822/1000
2026-02-15 14:33:23,065 - INFO -   Silhouette: 0.2150 | School ROC: 0.6167 F1: 0.5714 | Project ROC: 0.5251 F1: 0.2162 
2026-02-15 14:33:23,066 - INFO - Round 823/1000
2026-02-15 14:33:23,299 - INFO -   Silhouette: 0.2896 | School ROC: 0.6345 F1: 0.5934 | Project ROC: 0.5372 F1: 0.2124 
2026-02-15 14:33:23,299 - INFO - Round 824/1000
2026-02-15 14:33:23,540 - INFO -   Silhouette: 0.2199 | School ROC: 0.6066 F1: 0.5587 | Project ROC: 0.4835 F1: 0.1887 
2026-02-15 14:33:23,540 - INFO - Round 825/1000
2026-02-15 14:33:23,791 - INFO -   Silhouette: 0.2137 | School ROC: 0.6011 F1: 0.5635 | Project ROC: 0.5128 F1: 0.1852 
2026-02-15 14:33:23,792 - INFO - Round 826/1000
2026-02-15 14:33:24,134 - INFO -   Silhouette: 0.2299 | School ROC: 0.6932 F1: 0.6316 | Project ROC: 0.5566 F1: 0.2545 
2026-02-15 14:33:24,134 - INFO - Round 827/1000
2026-02-15 14:33:24,402 - INFO -   Silhouette: 0.2908 | School ROC: 0.6049 F1: 0.5587 | Project ROC: 0.5732 F1: 0.2453 
2026-02-15 14:33:24,402 - INFO - Round 828/1000
2026-02-15 14:33:24,684 - INFO -   Silhouette: 0.2202 | School ROC: 0.6138 F1: 0.5829 | Project ROC: 0.4886 F1: 0.2075 
2026-02-15 14:33:24,685 - INFO - Round 829/1000
2026-02-15 14:33:25,048 - INFO -   Silhouette: 0.2708 | School ROC: 0.6326 F1: 0.5838 | Project ROC: 0.5587 F1: 0.2600 
2026-02-15 14:33:25,048 - INFO - Round 830/1000
2026-02-15 14:33:25,302 - INFO -   Silhouette: 0.2600 | School ROC: 0.6093 F1: 0.5870 | Project ROC: 0.5082 F1: 0.2136 
2026-02-15 14:33:25,302 - INFO - Round 831/1000
2026-02-15 14:33:25,594 - INFO -   Silhouette: 0.1901 | School ROC: 0.6704 F1: 0.6067 | Project ROC: 0.5044 F1: 0.1951 
2026-02-15 14:33:25,595 - INFO - Round 832/1000
2026-02-15 14:33:25,849 - INFO -   Silhouette: 0.2438 | School ROC: 0.6162 F1: 0.5876 | Project ROC: 0.5404 F1: 0.2062 
2026-02-15 14:33:25,849 - INFO - Round 833/1000
2026-02-15 14:33:26,186 - INFO -   Silhouette: 0.2345 | School ROC: 0.6423 F1: 0.6067 | Project ROC: 0.5289 F1: 0.2000 
2026-02-15 14:33:26,186 - INFO - Round 834/1000
2026-02-15 14:33:26,443 - INFO -   Silhouette: 0.2380 | School ROC: 0.6134 F1: 0.5922 | Project ROC: 0.5463 F1: 0.2400 
2026-02-15 14:33:26,444 - INFO - Round 835/1000
2026-02-15 14:33:26,742 - INFO -   Silhouette: 0.2819 | School ROC: 0.6200 F1: 0.6087 | Project ROC: 0.5299 F1: 0.2124 
2026-02-15 14:33:26,742 - INFO - Round 836/1000
2026-02-15 14:33:26,974 - INFO -   Silhouette: 0.2093 | School ROC: 0.6460 F1: 0.6136 | Project ROC: 0.5865 F1: 0.2062 
2026-02-15 14:33:26,974 - INFO - Round 837/1000
2026-02-15 14:33:27,236 - INFO -   Silhouette: 0.2309 | School ROC: 0.5751 F1: 0.5746 | Project ROC: 0.5166 F1: 0.2376 
2026-02-15 14:33:27,236 - INFO - Round 838/1000
2026-02-15 14:33:27,496 - INFO -   Silhouette: 0.2584 | School ROC: 0.6107 F1: 0.5792 | Project ROC: 0.4965 F1: 0.1923 
2026-02-15 14:33:27,496 - INFO - Round 839/1000
2026-02-15 14:33:27,781 - INFO -   Silhouette: 0.1858 | School ROC: 0.6145 F1: 0.5665 | Project ROC: 0.5646 F1: 0.2222 
2026-02-15 14:33:27,781 - INFO - Round 840/1000
2026-02-15 14:33:28,050 - INFO -   Silhouette: 0.2503 | School ROC: 0.6509 F1: 0.6054 | Project ROC: 0.5451 F1: 0.2202 
2026-02-15 14:33:28,050 - INFO - Round 841/1000
2026-02-15 14:33:28,346 - INFO -   Silhouette: 0.2243 | School ROC: 0.6170 F1: 0.5506 | Project ROC: 0.5355 F1: 0.2075 
2026-02-15 14:33:28,346 - INFO - Round 842/1000
2026-02-15 14:33:28,730 - INFO -   Silhouette: 0.1893 | School ROC: 0.6054 F1: 0.5934 | Project ROC: 0.5659 F1: 0.2200 
2026-02-15 14:33:28,731 - INFO - Round 843/1000
2026-02-15 14:33:28,982 - INFO -   Silhouette: 0.1684 | School ROC: 0.5857 F1: 0.5714 | Project ROC: 0.5344 F1: 0.1957 
2026-02-15 14:33:28,982 - INFO - Round 844/1000
2026-02-15 14:33:29,220 - INFO -   Silhouette: 0.2189 | School ROC: 0.6178 F1: 0.5799 | Project ROC: 0.5217 F1: 0.2115 
2026-02-15 14:33:29,220 - INFO - Round 845/1000
2026-02-15 14:33:29,587 - INFO -   Silhouette: 0.2573 | School ROC: 0.6292 F1: 0.5914 | Project ROC: 0.5101 F1: 0.1923 
2026-02-15 14:33:29,587 - INFO - Round 846/1000
2026-02-15 14:33:29,859 - INFO -   Silhouette: 0.2639 | School ROC: 0.6305 F1: 0.6011 | Project ROC: 0.5219 F1: 0.2330 
2026-02-15 14:33:29,860 - INFO - Round 847/1000
2026-02-15 14:33:30,174 - INFO -   Silhouette: 0.2304 | School ROC: 0.6447 F1: 0.6349 | Project ROC: 0.5534 F1: 0.2162 
2026-02-15 14:33:30,174 - INFO - Round 848/1000
2026-02-15 14:33:30,469 - INFO -   Silhouette: 0.2335 | School ROC: 0.5826 F1: 0.5622 | Project ROC: 0.5684 F1: 0.2449 
2026-02-15 14:33:30,470 - INFO - Round 849/1000
2026-02-15 14:33:30,819 - INFO -   Silhouette: 0.2192 | School ROC: 0.6578 F1: 0.6145 | Project ROC: 0.5298 F1: 0.2034 
2026-02-15 14:33:30,819 - INFO - Round 850/1000
2026-02-15 14:33:31,077 - INFO -   Silhouette: 0.2737 | School ROC: 0.6143 F1: 0.5618 | Project ROC: 0.5587 F1: 0.2157 
2026-02-15 14:33:31,077 - INFO - Round 851/1000
2026-02-15 14:33:31,359 - INFO -   Silhouette: 0.2008 | School ROC: 0.6214 F1: 0.6230 | Project ROC: 0.5576 F1: 0.2182 
2026-02-15 14:33:31,359 - INFO - Round 852/1000
2026-02-15 14:33:31,712 - INFO -   Silhouette: 0.1813 | School ROC: 0.6358 F1: 0.5904 | Project ROC: 0.5721 F1: 0.2752 
2026-02-15 14:33:31,712 - INFO - Round 853/1000
2026-02-15 14:33:31,972 - INFO -   Silhouette: 0.2323 | School ROC: 0.6043 F1: 0.5795 | Project ROC: 0.5435 F1: 0.2316 
2026-02-15 14:33:31,973 - INFO - Round 854/1000
2026-02-15 14:33:32,270 - INFO -   Silhouette: 0.2410 | School ROC: 0.6261 F1: 0.5902 | Project ROC: 0.5249 F1: 0.2203 
2026-02-15 14:33:32,270 - INFO - Round 855/1000
2026-02-15 14:33:32,519 - INFO -   Silhouette: 0.2033 | School ROC: 0.6085 F1: 0.5967 | Project ROC: 0.5530 F1: 0.2286 
2026-02-15 14:33:32,519 - INFO - Round 856/1000
2026-02-15 14:33:32,774 - INFO -   Silhouette: 0.2370 | School ROC: 0.6045 F1: 0.5810 | Project ROC: 0.5338 F1: 0.1698 
2026-02-15 14:33:32,775 - INFO - Round 857/1000
2026-02-15 14:33:33,042 - INFO -   Silhouette: 0.2873 | School ROC: 0.6147 F1: 0.5978 | Project ROC: 0.4918 F1: 0.2105 
2026-02-15 14:33:33,042 - INFO - Round 858/1000
2026-02-15 14:33:33,362 - INFO -   Silhouette: 0.1972 | School ROC: 0.6241 F1: 0.6054 | Project ROC: 0.5204 F1: 0.1930 
2026-02-15 14:33:33,362 - INFO - Round 859/1000
2026-02-15 14:33:33,626 - INFO -   Silhouette: 0.2210 | School ROC: 0.6381 F1: 0.5955 | Project ROC: 0.5295 F1: 0.1980 
2026-02-15 14:33:33,626 - INFO - Round 860/1000
2026-02-15 14:33:33,865 - INFO -   Silhouette: 0.2072 | School ROC: 0.6085 F1: 0.5843 | Project ROC: 0.5442 F1: 0.1980 
2026-02-15 14:33:33,865 - INFO - Round 861/1000
2026-02-15 14:33:34,121 - INFO -   Silhouette: 0.2848 | School ROC: 0.6326 F1: 0.6034 | Project ROC: 0.5945 F1: 0.2772 
2026-02-15 14:33:34,122 - INFO - Round 862/1000
2026-02-15 14:33:34,545 - INFO -   Silhouette: 0.2463 | School ROC: 0.6610 F1: 0.6298 | Project ROC: 0.6199 F1: 0.2800 ✓
2026-02-15 14:33:34,743 - INFO - Results saved to /home/dev/work_main/random/assesment/k_means_selected/gemma3-12B_cv_evo_results.json
2026-02-15 14:33:34,744 - INFO - Round 863/1000
2026-02-15 14:33:34,978 - INFO -   Silhouette: 0.2035 | School ROC: 0.5997 F1: 0.6044 | Project ROC: 0.5340 F1: 0.2268 
2026-02-15 14:33:34,978 - INFO - Round 864/1000
2026-02-15 14:33:35,237 - INFO -   Silhouette: 0.2238 | School ROC: 0.6341 F1: 0.5829 | Project ROC: 0.5824 F1: 0.2424 
2026-02-15 14:33:35,238 - INFO - Round 865/1000
2026-02-15 14:33:35,504 - INFO -   Silhouette: 0.2199 | School ROC: 0.6414 F1: 0.6057 | Project ROC: 0.5432 F1: 0.2385 
2026-02-15 14:33:35,505 - INFO - Round 866/1000
2026-02-15 14:33:35,764 - INFO -   Silhouette: 0.2666 | School ROC: 0.5818 F1: 0.6032 | Project ROC: 0.5406 F1: 0.2364 
2026-02-15 14:33:35,765 - INFO - Round 867/1000
2026-02-15 14:33:36,095 - INFO -   Silhouette: 0.2477 | School ROC: 0.6106 F1: 0.5349 | Project ROC: 0.5509 F1: 0.2286 
2026-02-15 14:33:36,095 - INFO - Round 868/1000
2026-02-15 14:33:36,315 - INFO -   Silhouette: 0.1772 | School ROC: 0.6612 F1: 0.6071 | Project ROC: 0.5149 F1: 0.2308 
2026-02-15 14:33:36,315 - INFO - Round 869/1000
2026-02-15 14:33:36,738 - INFO -   Silhouette: 0.2136 | School ROC: 0.6041 F1: 0.5747 | Project ROC: 0.4914 F1: 0.2095 
2026-02-15 14:33:36,738 - INFO - Round 870/1000
2026-02-15 14:33:36,995 - INFO -   Silhouette: 0.2010 | School ROC: 0.5924 F1: 0.5810 | Project ROC: 0.6123 F1: 0.2718 
2026-02-15 14:33:36,996 - INFO - Round 871/1000
2026-02-15 14:33:37,301 - INFO -   Silhouette: 0.2468 | School ROC: 0.5915 F1: 0.5775 | Project ROC: 0.5614 F1: 0.2162 
2026-02-15 14:33:37,301 - INFO - Round 872/1000
2026-02-15 14:33:37,649 - INFO -   Silhouette: 0.1868 | School ROC: 0.6439 F1: 0.5614 | Project ROC: 0.5786 F1: 0.2737 
2026-02-15 14:33:37,650 - INFO - Round 873/1000
2026-02-15 14:33:37,980 - INFO -   Silhouette: 0.2322 | School ROC: 0.5979 F1: 0.5856 | Project ROC: 0.5305 F1: 0.2264 
2026-02-15 14:33:37,981 - INFO - Round 874/1000
2026-02-15 14:33:38,237 - INFO -   Silhouette: 0.2799 | School ROC: 0.5818 F1: 0.5311 | Project ROC: 0.4813 F1: 0.1887 
2026-02-15 14:33:38,237 - INFO - Round 875/1000
2026-02-15 14:33:38,490 - INFO -   Silhouette: 0.2219 | School ROC: 0.5892 F1: 0.5455 | Project ROC: 0.5223 F1: 0.2202 
2026-02-15 14:33:38,491 - INFO - Round 876/1000
2026-02-15 14:33:38,753 - INFO -   Silhouette: 0.2271 | School ROC: 0.6227 F1: 0.5876 | Project ROC: 0.4787 F1: 0.1852 
2026-02-15 14:33:38,754 - INFO - Round 877/1000
2026-02-15 14:33:38,996 - INFO -   Silhouette: 0.1805 | School ROC: 0.6077 F1: 0.5843 | Project ROC: 0.5524 F1: 0.2340 
2026-02-15 14:33:38,997 - INFO - Round 878/1000
2026-02-15 14:33:39,237 - INFO -   Silhouette: 0.2448 | School ROC: 0.5766 F1: 0.5838 | Project ROC: 0.5029 F1: 0.1835 
2026-02-15 14:33:39,237 - INFO - Round 879/1000
2026-02-15 14:33:39,543 - INFO -   Silhouette: 0.1880 | School ROC: 0.5883 F1: 0.5862 | Project ROC: 0.5553 F1: 0.2062 
2026-02-15 14:33:39,544 - INFO - Round 880/1000
2026-02-15 14:33:39,838 - INFO -   Silhouette: 0.1909 | School ROC: 0.5960 F1: 0.5747 | Project ROC: 0.5120 F1: 0.1875 
2026-02-15 14:33:39,838 - INFO - Round 881/1000
2026-02-15 14:33:40,093 - INFO -   Silhouette: 0.2471 | School ROC: 0.6214 F1: 0.5838 | Project ROC: 0.5095 F1: 0.1905 
2026-02-15 14:33:40,093 - INFO - Round 882/1000
2026-02-15 14:33:40,456 - INFO -   Silhouette: 0.2095 | School ROC: 0.5543 F1: 0.5385 | Project ROC: 0.5403 F1: 0.2136 
2026-02-15 14:33:40,456 - INFO - Round 883/1000
2026-02-15 14:33:40,684 - INFO -   Silhouette: 0.2419 | School ROC: 0.6025 F1: 0.5650 | Project ROC: 0.5285 F1: 0.1961 
2026-02-15 14:33:40,685 - INFO - Round 884/1000
2026-02-15 14:33:40,970 - INFO -   Silhouette: 0.2562 | School ROC: 0.6416 F1: 0.6270 | Project ROC: 0.5938 F1: 0.2857 
2026-02-15 14:33:40,970 - INFO - Round 885/1000
2026-02-15 14:33:41,308 - INFO -   Silhouette: 0.2061 | School ROC: 0.5838 F1: 0.5778 | Project ROC: 0.5446 F1: 0.2330 
2026-02-15 14:33:41,309 - INFO - Round 886/1000
2026-02-15 14:33:41,545 - INFO -   Silhouette: 0.2660 | School ROC: 0.5951 F1: 0.6000 | Project ROC: 0.5010 F1: 0.1930 
2026-02-15 14:33:41,545 - INFO - Round 887/1000
2026-02-15 14:33:41,823 - INFO -   Silhouette: 0.2735 | School ROC: 0.5997 F1: 0.6000 | Project ROC: 0.6030 F1: 0.2885 
2026-02-15 14:33:41,823 - INFO - Round 888/1000
2026-02-15 14:33:42,120 - INFO -   Silhouette: 0.2215 | School ROC: 0.6272 F1: 0.6120 | Project ROC: 0.5327 F1: 0.2202 
2026-02-15 14:33:42,120 - INFO - Round 889/1000
2026-02-15 14:33:42,454 - INFO -   Silhouette: 0.1728 | School ROC: 0.6135 F1: 0.6022 | Project ROC: 0.5495 F1: 0.2500 
2026-02-15 14:33:42,454 - INFO - Round 890/1000
2026-02-15 14:33:42,670 - INFO -   Silhouette: 0.2643 | School ROC: 0.6145 F1: 0.5761 | Project ROC: 0.5251 F1: 0.2069 
2026-02-15 14:33:42,671 - INFO - Round 891/1000
2026-02-15 14:33:42,937 - INFO -   Silhouette: 0.2530 | School ROC: 0.6128 F1: 0.5269 | Project ROC: 0.4802 F1: 0.2000 
2026-02-15 14:33:42,937 - INFO - Round 892/1000
2026-02-15 14:33:43,142 - INFO -   Silhouette: 0.2825 | School ROC: 0.6014 F1: 0.5486 | Project ROC: 0.4502 F1: 0.1569 
2026-02-15 14:33:43,142 - INFO - Round 893/1000
2026-02-15 14:33:43,394 - INFO -   Silhouette: 0.1910 | School ROC: 0.5819 F1: 0.5650 | Project ROC: 0.4632 F1: 0.1489 
2026-02-15 14:33:43,394 - INFO - Round 894/1000
2026-02-15 14:33:43,697 - INFO -   Silhouette: 0.2238 | School ROC: 0.6035 F1: 0.5699 | Project ROC: 0.5719 F1: 0.2222 
2026-02-15 14:33:43,697 - INFO - Round 895/1000
2026-02-15 14:33:43,953 - INFO -   Silhouette: 0.1986 | School ROC: 0.6270 F1: 0.6145 | Project ROC: 0.5639 F1: 0.2626 
2026-02-15 14:33:43,954 - INFO - Round 896/1000
2026-02-15 14:33:44,213 - INFO -   Silhouette: 0.2674 | School ROC: 0.5996 F1: 0.6044 | Project ROC: 0.5417 F1: 0.2340 
2026-02-15 14:33:44,214 - INFO - Round 897/1000
2026-02-15 14:33:44,493 - INFO -   Silhouette: 0.2682 | School ROC: 0.6141 F1: 0.5618 | Project ROC: 0.5776 F1: 0.2600 
2026-02-15 14:33:44,493 - INFO - Round 898/1000
2026-02-15 14:33:44,841 - INFO -   Silhouette: 0.2000 | School ROC: 0.5878 F1: 0.5635 | Project ROC: 0.5079 F1: 0.2178 
2026-02-15 14:33:44,841 - INFO - Round 899/1000
2026-02-15 14:33:45,097 - INFO -   Silhouette: 0.2170 | School ROC: 0.5773 F1: 0.5667 | Project ROC: 0.6493 F1: 0.3030 ✓
2026-02-15 14:33:45,273 - INFO - Results saved to /home/dev/work_main/random/assesment/k_means_selected/gemma3-12B_cv_evo_results.json
2026-02-15 14:33:45,274 - INFO - Round 900/1000
2026-02-15 14:33:45,467 - INFO -   Silhouette: 0.2502 | School ROC: 0.6196 F1: 0.5778 | Project ROC: 0.5403 F1: 0.2301 
2026-02-15 14:33:45,468 - INFO - Round 901/1000
2026-02-15 14:33:45,690 - INFO -   Silhouette: 0.2554 | School ROC: 0.6081 F1: 0.5902 | Project ROC: 0.5112 F1: 0.1982 
2026-02-15 14:33:45,690 - INFO - Round 902/1000
2026-02-15 14:33:46,029 - INFO -   Silhouette: 0.2524 | School ROC: 0.6368 F1: 0.6170 | Project ROC: 0.5378 F1: 0.2286 
2026-02-15 14:33:46,029 - INFO - Round 903/1000
2026-02-15 14:33:46,294 - INFO -   Silhouette: 0.2263 | School ROC: 0.6394 F1: 0.5902 | Project ROC: 0.5435 F1: 0.2182 
2026-02-15 14:33:46,294 - INFO - Round 904/1000
2026-02-15 14:33:46,540 - INFO -   Silhouette: 0.1831 | School ROC: 0.5708 F1: 0.5568 | Project ROC: 0.5498 F1: 0.2353 
2026-02-15 14:33:46,541 - INFO - Round 905/1000
2026-02-15 14:33:46,811 - INFO -   Silhouette: 0.2086 | School ROC: 0.6519 F1: 0.6036 | Project ROC: 0.5107 F1: 0.2178 
2026-02-15 14:33:46,811 - INFO - Round 906/1000
2026-02-15 14:33:47,087 - INFO -   Silhouette: 0.2517 | School ROC: 0.6428 F1: 0.6188 | Project ROC: 0.4950 F1: 0.2095 
2026-02-15 14:33:47,088 - INFO - Round 907/1000
2026-02-15 14:33:47,336 - INFO -   Silhouette: 0.2530 | School ROC: 0.6505 F1: 0.5889 | Project ROC: 0.4921 F1: 0.1714 
2026-02-15 14:33:47,337 - INFO - Round 908/1000
2026-02-15 14:33:47,654 - INFO -   Silhouette: 0.1881 | School ROC: 0.5690 F1: 0.5810 | Project ROC: 0.5435 F1: 0.2340 
2026-02-15 14:33:47,655 - INFO - Round 909/1000
2026-02-15 14:33:47,886 - INFO -   Silhouette: 0.2011 | School ROC: 0.6403 F1: 0.5896 | Project ROC: 0.6212 F1: 0.2692 
2026-02-15 14:33:47,886 - INFO - Round 910/1000
2026-02-15 14:33:48,228 - INFO -   Silhouette: 0.1734 | School ROC: 0.6445 F1: 0.6077 | Project ROC: 0.5239 F1: 0.2574 
2026-02-15 14:33:48,228 - INFO - Round 911/1000
2026-02-15 14:33:48,442 - INFO -   Silhouette: 0.2231 | School ROC: 0.6182 F1: 0.5792 | Project ROC: 0.5076 F1: 0.2075 
2026-02-15 14:33:48,442 - INFO - Round 912/1000
2026-02-15 14:33:48,697 - INFO -   Silhouette: 0.2625 | School ROC: 0.6592 F1: 0.6277 | Project ROC: 0.5433 F1: 0.2430 
2026-02-15 14:33:48,697 - INFO - Round 913/1000
2026-02-15 14:33:49,001 - INFO -   Silhouette: 0.2901 | School ROC: 0.6264 F1: 0.6067 | Project ROC: 0.5039 F1: 0.1682 
2026-02-15 14:33:49,002 - INFO - Round 914/1000
2026-02-15 14:33:49,287 - INFO -   Silhouette: 0.2228 | School ROC: 0.6597 F1: 0.5943 | Project ROC: 0.5009 F1: 0.1982 
2026-02-15 14:33:49,287 - INFO - Round 915/1000
2026-02-15 14:33:49,541 - INFO -   Silhouette: 0.1997 | School ROC: 0.6079 F1: 0.5714 | Project ROC: 0.5801 F1: 0.2353 
2026-02-15 14:33:49,541 - INFO - Round 916/1000
2026-02-15 14:33:49,799 - INFO -   Silhouette: 0.2353 | School ROC: 0.6181 F1: 0.5909 | Project ROC: 0.5776 F1: 0.2222 
2026-02-15 14:33:49,800 - INFO - Round 917/1000
2026-02-15 14:33:50,087 - INFO -   Silhouette: 0.2124 | School ROC: 0.5970 F1: 0.5838 | Project ROC: 0.5257 F1: 0.2264 
2026-02-15 14:33:50,088 - INFO - Round 918/1000
2026-02-15 14:33:50,378 - INFO -   Silhouette: 0.2344 | School ROC: 0.5988 F1: 0.5810 | Project ROC: 0.5563 F1: 0.2136 
2026-02-15 14:33:50,379 - INFO - Round 919/1000
2026-02-15 14:33:50,649 - INFO -   Silhouette: 0.2076 | School ROC: 0.5977 F1: 0.5574 | Project ROC: 0.5471 F1: 0.1961 
2026-02-15 14:33:50,650 - INFO - Round 920/1000
2026-02-15 14:33:50,860 - INFO -   Silhouette: 0.2295 | School ROC: 0.6175 F1: 0.6196 | Project ROC: 0.5483 F1: 0.2366 
2026-02-15 14:33:50,860 - INFO - Round 921/1000
2026-02-15 14:33:51,194 - INFO -   Silhouette: 0.2158 | School ROC: 0.6208 F1: 0.5682 | Project ROC: 0.5301 F1: 0.2453 
2026-02-15 14:33:51,194 - INFO - Round 922/1000
2026-02-15 14:33:51,688 - INFO -   Silhouette: 0.2098 | School ROC: 0.6330 F1: 0.6011 | Project ROC: 0.5213 F1: 0.2095 
2026-02-15 14:33:51,689 - INFO - Round 923/1000
2026-02-15 14:33:52,146 - INFO -   Silhouette: 0.1905 | School ROC: 0.5719 F1: 0.5587 | Project ROC: 0.5770 F1: 0.2453 
2026-02-15 14:33:52,146 - INFO - Round 924/1000
2026-02-15 14:33:52,491 - INFO -   Silhouette: 0.1927 | School ROC: 0.6113 F1: 0.5922 | Project ROC: 0.5753 F1: 0.2330 
2026-02-15 14:33:52,491 - INFO - Round 925/1000
2026-02-15 14:33:52,749 - INFO -   Silhouette: 0.1960 | School ROC: 0.6428 F1: 0.6111 | Project ROC: 0.5004 F1: 0.1782 
2026-02-15 14:33:52,749 - INFO - Round 926/1000
2026-02-15 14:33:53,046 - INFO -   Silhouette: 0.2284 | School ROC: 0.5835 F1: 0.5587 | Project ROC: 0.4799 F1: 0.1731 
2026-02-15 14:33:53,046 - INFO - Round 927/1000
2026-02-15 14:33:53,266 - INFO -   Silhouette: 0.2395 | School ROC: 0.5898 F1: 0.5698 | Project ROC: 0.5477 F1: 0.1923 
2026-02-15 14:33:53,267 - INFO - Round 928/1000
2026-02-15 14:33:53,481 - INFO -   Silhouette: 0.2621 | School ROC: 0.6620 F1: 0.6369 | Project ROC: 0.5490 F1: 0.2264 
2026-02-15 14:33:53,481 - INFO - Round 929/1000
2026-02-15 14:33:53,807 - INFO -   Silhouette: 0.1852 | School ROC: 0.6117 F1: 0.5731 | Project ROC: 0.5610 F1: 0.2642 
2026-02-15 14:33:53,807 - INFO - Round 930/1000
2026-02-15 14:33:54,023 - INFO -   Silhouette: 0.2192 | School ROC: 0.5860 F1: 0.5746 | Project ROC: 0.5120 F1: 0.2178 
2026-02-15 14:33:54,024 - INFO - Round 931/1000
2026-02-15 14:33:54,290 - INFO -   Silhouette: 0.2192 | School ROC: 0.5976 F1: 0.5683 | Project ROC: 0.5201 F1: 0.1852 
2026-02-15 14:33:54,290 - INFO - Round 932/1000
2026-02-15 14:33:54,559 - INFO -   Silhouette: 0.2215 | School ROC: 0.5689 F1: 0.5650 | Project ROC: 0.5322 F1: 0.2136 
2026-02-15 14:33:54,560 - INFO - Round 933/1000
2026-02-15 14:33:54,879 - INFO -   Silhouette: 0.2521 | School ROC: 0.5929 F1: 0.5475 | Project ROC: 0.5174 F1: 0.2286 
2026-02-15 14:33:54,879 - INFO - Round 934/1000
2026-02-15 14:33:55,108 - INFO -   Silhouette: 0.2266 | School ROC: 0.5920 F1: 0.6136 | Project ROC: 0.5693 F1: 0.2500 
2026-02-15 14:33:55,108 - INFO - Round 935/1000
2026-02-15 14:33:55,378 - INFO -   Silhouette: 0.3031 | School ROC: 0.6540 F1: 0.6077 | Project ROC: 0.5258 F1: 0.2222 
2026-02-15 14:33:55,378 - INFO - Round 936/1000
2026-02-15 14:33:55,690 - INFO -   Silhouette: 0.2652 | School ROC: 0.6151 F1: 0.6270 | Project ROC: 0.6077 F1: 0.2593 
2026-02-15 14:33:55,690 - INFO - Round 937/1000
2026-02-15 14:33:55,939 - INFO -   Silhouette: 0.3057 | School ROC: 0.6343 F1: 0.5714 | Project ROC: 0.5160 F1: 0.2202 
2026-02-15 14:33:55,939 - INFO - Round 938/1000
2026-02-15 14:33:56,262 - INFO -   Silhouette: 0.2026 | School ROC: 0.5714 F1: 0.5363 | Project ROC: 0.5375 F1: 0.2182 
2026-02-15 14:33:56,262 - INFO - Round 939/1000
2026-02-15 14:33:56,545 - INFO -   Silhouette: 0.2263 | School ROC: 0.6004 F1: 0.6120 | Project ROC: 0.5598 F1: 0.2330 
2026-02-15 14:33:56,546 - INFO - Round 940/1000
2026-02-15 14:33:56,837 - INFO -   Silhouette: 0.1845 | School ROC: 0.5985 F1: 0.6154 | Project ROC: 0.5416 F1: 0.2115 
2026-02-15 14:33:56,837 - INFO - Round 941/1000
2026-02-15 14:33:57,103 - INFO -   Silhouette: 0.2084 | School ROC: 0.6221 F1: 0.6067 | Project ROC: 0.5239 F1: 0.2353 
2026-02-15 14:33:57,103 - INFO - Round 942/1000
2026-02-15 14:33:57,385 - INFO -   Silhouette: 0.2206 | School ROC: 0.5941 F1: 0.5814 | Project ROC: 0.5722 F1: 0.2268 
2026-02-15 14:33:57,385 - INFO - Round 943/1000
2026-02-15 14:33:57,670 - INFO -   Silhouette: 0.2774 | School ROC: 0.6281 F1: 0.6087 | Project ROC: 0.5191 F1: 0.1698 
2026-02-15 14:33:57,671 - INFO - Round 944/1000
2026-02-15 14:33:58,007 - INFO -   Silhouette: 0.1837 | School ROC: 0.6195 F1: 0.5806 | Project ROC: 0.5020 F1: 0.2301 
2026-02-15 14:33:58,008 - INFO - Round 945/1000
2026-02-15 14:33:58,388 - INFO -   Silhouette: 0.2050 | School ROC: 0.6140 F1: 0.5843 | Project ROC: 0.5506 F1: 0.2308 
2026-02-15 14:33:58,388 - INFO - Round 946/1000
2026-02-15 14:33:58,748 - INFO -   Silhouette: 0.2122 | School ROC: 0.6237 F1: 0.5763 | Project ROC: 0.5438 F1: 0.2124 
2026-02-15 14:33:58,748 - INFO - Round 947/1000
2026-02-15 14:33:59,006 - INFO -   Silhouette: 0.2440 | School ROC: 0.6526 F1: 0.6120 | Project ROC: 0.5235 F1: 0.2018 
2026-02-15 14:33:59,006 - INFO - Round 948/1000
2026-02-15 14:33:59,276 - INFO -   Silhouette: 0.1994 | School ROC: 0.6616 F1: 0.6277 | Project ROC: 0.5773 F1: 0.2364 
2026-02-15 14:33:59,277 - INFO - Round 949/1000
2026-02-15 14:33:59,642 - INFO -   Silhouette: 0.2441 | School ROC: 0.5902 F1: 0.5537 | Project ROC: 0.5375 F1: 0.2105 
2026-02-15 14:33:59,643 - INFO - Round 950/1000
2026-02-15 14:33:59,898 - INFO -   Silhouette: 0.2784 | School ROC: 0.6136 F1: 0.6010 | Project ROC: 0.5197 F1: 0.1802 
2026-02-15 14:33:59,898 - INFO - Round 951/1000
2026-02-15 14:34:00,135 - INFO -   Silhouette: 0.2056 | School ROC: 0.6331 F1: 0.6237 | Project ROC: 0.5107 F1: 0.2087 
2026-02-15 14:34:00,135 - INFO - Round 952/1000
2026-02-15 14:34:00,507 - INFO -   Silhouette: 0.2043 | School ROC: 0.6210 F1: 0.5876 | Project ROC: 0.5785 F1: 0.2424 
2026-02-15 14:34:00,508 - INFO - Round 953/1000
2026-02-15 14:34:00,785 - INFO -   Silhouette: 0.2868 | School ROC: 0.6224 F1: 0.6087 | Project ROC: 0.4624 F1: 0.2034 
2026-02-15 14:34:00,785 - INFO - Round 954/1000
2026-02-15 14:34:01,022 - INFO -   Silhouette: 0.2116 | School ROC: 0.6118 F1: 0.6120 | Project ROC: 0.5638 F1: 0.2500 
2026-02-15 14:34:01,023 - INFO - Round 955/1000
2026-02-15 14:34:01,382 - INFO -   Silhouette: 0.2822 | School ROC: 0.6403 F1: 0.6011 | Project ROC: 0.4790 F1: 0.2017 
2026-02-15 14:34:01,383 - INFO - Round 956/1000
2026-02-15 14:34:01,679 - INFO -   Silhouette: 0.2659 | School ROC: 0.6232 F1: 0.5862 | Project ROC: 0.5719 F1: 0.2202 
2026-02-15 14:34:01,679 - INFO - Round 957/1000
2026-02-15 14:34:01,961 - INFO -   Silhouette: 0.2333 | School ROC: 0.6127 F1: 0.5876 | Project ROC: 0.5101 F1: 0.2087 
2026-02-15 14:34:01,961 - INFO - Round 958/1000
2026-02-15 14:34:02,184 - INFO -   Silhouette: 0.2800 | School ROC: 0.6081 F1: 0.5587 | Project ROC: 0.5191 F1: 0.2182 
2026-02-15 14:34:02,184 - INFO - Round 959/1000
2026-02-15 14:34:02,697 - INFO -   Silhouette: 0.2014 | School ROC: 0.6137 F1: 0.5889 | Project ROC: 0.5142 F1: 0.2020 
2026-02-15 14:34:02,697 - INFO - Round 960/1000
2026-02-15 14:34:03,203 - INFO -   Silhouette: 0.2215 | School ROC: 0.6128 F1: 0.6000 | Project ROC: 0.4987 F1: 0.2037 
2026-02-15 14:34:03,204 - INFO - Round 961/1000
2026-02-15 14:34:03,678 - INFO -   Silhouette: 0.3016 | School ROC: 0.6196 F1: 0.6034 | Project ROC: 0.6357 F1: 0.2941 
2026-02-15 14:34:03,678 - INFO - Round 962/1000
2026-02-15 14:34:04,025 - INFO -   Silhouette: 0.2681 | School ROC: 0.6490 F1: 0.6129 | Project ROC: 0.5557 F1: 0.2342 
2026-02-15 14:34:04,025 - INFO - Round 963/1000
2026-02-15 14:34:04,241 - INFO -   Silhouette: 0.1917 | School ROC: 0.6235 F1: 0.5529 | Project ROC: 0.5932 F1: 0.2692 
2026-02-15 14:34:04,242 - INFO - Round 964/1000
2026-02-15 14:34:04,524 - INFO -   Silhouette: 0.2235 | School ROC: 0.6067 F1: 0.5829 | Project ROC: 0.5223 F1: 0.2128 
2026-02-15 14:34:04,524 - INFO - Round 965/1000
2026-02-15 14:34:04,804 - INFO -   Silhouette: 0.2475 | School ROC: 0.6083 F1: 0.5682 | Project ROC: 0.4559 F1: 0.1636 
2026-02-15 14:34:04,804 - INFO - Round 966/1000
2026-02-15 14:34:05,106 - INFO -   Silhouette: 0.2219 | School ROC: 0.6033 F1: 0.5698 | Project ROC: 0.5552 F1: 0.2342 
2026-02-15 14:34:05,106 - INFO - Round 967/1000
2026-02-15 14:34:05,413 - INFO -   Silhouette: 0.2436 | School ROC: 0.6338 F1: 0.5714 | Project ROC: 0.5783 F1: 0.2478 
2026-02-15 14:34:05,413 - INFO - Round 968/1000
2026-02-15 14:34:05,672 - INFO -   Silhouette: 0.2060 | School ROC: 0.6367 F1: 0.6230 | Project ROC: 0.5070 F1: 0.2157 
2026-02-15 14:34:05,672 - INFO - Round 969/1000
2026-02-15 14:34:05,945 - INFO -   Silhouette: 0.2313 | School ROC: 0.6606 F1: 0.6120 | Project ROC: 0.5626 F1: 0.2632 
2026-02-15 14:34:05,945 - INFO - Round 970/1000
2026-02-15 14:34:06,234 - INFO -   Silhouette: 0.2804 | School ROC: 0.5836 F1: 0.5444 | Project ROC: 0.4933 F1: 0.2182 
2026-02-15 14:34:06,235 - INFO - Round 971/1000
2026-02-15 14:34:06,499 - INFO -   Silhouette: 0.1869 | School ROC: 0.6137 F1: 0.5902 | Project ROC: 0.5101 F1: 0.1887 
2026-02-15 14:34:06,499 - INFO - Round 972/1000
2026-02-15 14:34:06,749 - INFO -   Silhouette: 0.1938 | School ROC: 0.6239 F1: 0.5829 | Project ROC: 0.5835 F1: 0.2549 
2026-02-15 14:34:06,749 - INFO - Round 973/1000
2026-02-15 14:34:07,014 - INFO -   Silhouette: 0.2227 | School ROC: 0.5860 F1: 0.5537 | Project ROC: 0.5369 F1: 0.2182 
2026-02-15 14:34:07,015 - INFO - Round 974/1000
2026-02-15 14:34:07,279 - INFO -   Silhouette: 0.2659 | School ROC: 0.6621 F1: 0.6102 | Project ROC: 0.5817 F1: 0.2500 
2026-02-15 14:34:07,279 - INFO - Round 975/1000
2026-02-15 14:34:07,544 - INFO -   Silhouette: 0.2753 | School ROC: 0.6431 F1: 0.5862 | Project ROC: 0.4743 F1: 0.1636 
2026-02-15 14:34:07,544 - INFO - Round 976/1000
2026-02-15 14:34:07,799 - INFO -   Silhouette: 0.2225 | School ROC: 0.6015 F1: 0.5870 | Project ROC: 0.5471 F1: 0.2222 
2026-02-15 14:34:07,799 - INFO - Round 977/1000
2026-02-15 14:34:08,081 - INFO -   Silhouette: 0.1952 | School ROC: 0.6145 F1: 0.5650 | Project ROC: 0.5884 F1: 0.2800 
2026-02-15 14:34:08,082 - INFO - Round 978/1000
2026-02-15 14:34:08,370 - INFO -   Silhouette: 0.1929 | School ROC: 0.6347 F1: 0.6136 | Project ROC: 0.4920 F1: 0.2095 
2026-02-15 14:34:08,382 - INFO - Round 979/1000
2026-02-15 14:34:08,617 - INFO -   Silhouette: 0.2543 | School ROC: 0.6431 F1: 0.6129 | Project ROC: 0.5299 F1: 0.1887 
2026-02-15 14:34:08,618 - INFO - Round 980/1000
2026-02-15 14:34:08,875 - INFO -   Silhouette: 0.2665 | School ROC: 0.6125 F1: 0.6061 | Project ROC: 0.5508 F1: 0.2182 
2026-02-15 14:34:08,875 - INFO - Round 981/1000
2026-02-15 14:34:09,408 - INFO -   Silhouette: 0.3174 | School ROC: 0.6113 F1: 0.5926 | Project ROC: 0.5071 F1: 0.2056 
2026-02-15 14:34:09,408 - INFO - Round 982/1000
2026-02-15 14:34:09,706 - INFO -   Silhouette: 0.2346 | School ROC: 0.6399 F1: 0.5795 | Project ROC: 0.5058 F1: 0.1980 
2026-02-15 14:34:09,707 - INFO - Round 983/1000
2026-02-15 14:34:09,945 - INFO -   Silhouette: 0.2076 | School ROC: 0.6098 F1: 0.5667 | Project ROC: 0.5622 F1: 0.2136 
2026-02-15 14:34:09,945 - INFO - Round 984/1000
2026-02-15 14:34:10,193 - INFO -   Silhouette: 0.2098 | School ROC: 0.5936 F1: 0.5745 | Project ROC: 0.5341 F1: 0.2182 
2026-02-15 14:34:10,194 - INFO - Round 985/1000
2026-02-15 14:34:10,462 - INFO -   Silhouette: 0.2484 | School ROC: 0.6664 F1: 0.6292 | Project ROC: 0.5481 F1: 0.2342 
2026-02-15 14:34:10,464 - INFO - Round 986/1000
2026-02-15 14:34:10,710 - INFO -   Silhouette: 0.2232 | School ROC: 0.5770 F1: 0.5882 | Project ROC: 0.5810 F1: 0.2708 
2026-02-15 14:34:10,711 - INFO - Round 987/1000
2026-02-15 14:34:10,966 - INFO -   Silhouette: 0.2807 | School ROC: 0.6343 F1: 0.6000 | Project ROC: 0.6282 F1: 0.2391 
2026-02-15 14:34:10,967 - INFO - Round 988/1000
2026-02-15 14:34:11,209 - INFO -   Silhouette: 0.2056 | School ROC: 0.5928 F1: 0.5517 | Project ROC: 0.5814 F1: 0.2581 
2026-02-15 14:34:11,209 - INFO - Round 989/1000
2026-02-15 14:34:11,490 - INFO -   Silhouette: 0.2805 | School ROC: 0.6289 F1: 0.6022 | Project ROC: 0.5034 F1: 0.2143 
2026-02-15 14:34:11,491 - INFO - Round 990/1000
2026-02-15 14:34:11,778 - INFO -   Silhouette: 0.2538 | School ROC: 0.6203 F1: 0.5714 | Project ROC: 0.5455 F1: 0.2286 
2026-02-15 14:34:11,779 - INFO - Round 991/1000
2026-02-15 14:34:12,038 - INFO -   Silhouette: 0.2241 | School ROC: 0.6324 F1: 0.5957 | Project ROC: 0.5248 F1: 0.2075 
2026-02-15 14:34:12,038 - INFO - Round 992/1000
2026-02-15 14:34:12,397 - INFO -   Silhouette: 0.2295 | School ROC: 0.6178 F1: 0.6387 | Project ROC: 0.5633 F1: 0.2407 
2026-02-15 14:34:12,397 - INFO - Round 993/1000
2026-02-15 14:34:12,638 - INFO -   Silhouette: 0.2873 | School ROC: 0.6112 F1: 0.5843 | Project ROC: 0.5687 F1: 0.2407 
2026-02-15 14:34:12,638 - INFO - Round 994/1000
2026-02-15 14:34:13,002 - INFO -   Silhouette: 0.2291 | School ROC: 0.5734 F1: 0.5792 | Project ROC: 0.5508 F1: 0.2264 
2026-02-15 14:34:13,002 - INFO - Round 995/1000
2026-02-15 14:34:13,324 - INFO -   Silhouette: 0.3135 | School ROC: 0.5831 F1: 0.5810 | Project ROC: 0.4774 F1: 0.1818 
2026-02-15 14:34:13,324 - INFO - Round 996/1000
2026-02-15 14:34:13,576 - INFO -   Silhouette: 0.2060 | School ROC: 0.6294 F1: 0.5780 | Project ROC: 0.6113 F1: 0.2857 
2026-02-15 14:34:13,576 - INFO - Round 997/1000
2026-02-15 14:34:13,805 - INFO -   Silhouette: 0.2689 | School ROC: 0.5938 F1: 0.5632 | Project ROC: 0.4908 F1: 0.2000 
2026-02-15 14:34:13,805 - INFO - Round 998/1000
2026-02-15 14:34:14,077 - INFO -   Silhouette: 0.2095 | School ROC: 0.6174 F1: 0.5747 | Project ROC: 0.5696 F1: 0.2376 
2026-02-15 14:34:14,077 - INFO - Round 999/1000
2026-02-15 14:34:14,377 - INFO -   Silhouette: 0.2382 | School ROC: 0.6388 F1: 0.5780 | Project ROC: 0.6018 F1: 0.2617 
2026-02-15 14:34:14,378 - INFO - Round 1000/1000
2026-02-15 14:34:14,673 - INFO -   Silhouette: 0.2398 | School ROC: 0.6075 F1: 0.5870 | Project ROC: 0.5241 F1: 0.2095 
2026-02-15 14:34:14,885 - INFO - Results saved to /home/dev/work_main/random/assesment/k_means_selected/gemma3-12B_cv_evo_results.json
2026-02-15 14:34:17,453 - INFO - Convergence plots saved to /home/dev/work_main/random/assesment/k_means_selected/gemma3-12B_cv_evo_convergence_plots.png
2026-02-15 14:34:20,153 - INFO - Focused correlation analysis saved to /home/dev/work_main/random/assesment/k_means_selected/gemma3-12B_cv_evo_silhouette_correlation.png
2026-02-15 14:34:20,154 - INFO - Correlation values saved to /home/dev/work_main/random/assesment/k_means_selected/gemma3-12B_cv_evo_silhouette_correlations.json
2026-02-15 14:34:20,154 - INFO - Silhouette Correlation Summary:
2026-02-15 14:34:20,154 - INFO -   • Silhouette vs School ROC AUC: R=-0.021 (WEAK negative)
2026-02-15 14:34:20,154 - INFO -   • Silhouette vs Project ROC AUC: R=-0.180 (WEAK negative)
2026-02-15 14:34:20,154 - INFO -   • Silhouette vs Avg. ROC AUC: R=-0.143 (WEAK negative)
2026-02-15 14:34:20,154 - INFO -   • Silhouette vs School F1 Score: R=-0.021 (WEAK negative)
2026-02-15 14:34:20,154 - INFO -   • Silhouette vs Project F1 Score: R=-0.110 (WEAK negative)
2026-02-15 14:34:20,154 - INFO -   • Silhouette vs Avg. F1 Score: R=-0.086 (WEAK negative)
2026-02-15 14:34:20,155 - INFO - Experiment completed!
2026-02-15 14:36:18,895 - INFO - 
======================================================================
2026-02-15 14:36:18,895 - INFO - CLASS DISTRIBUTION DIAGNOSTICS
2026-02-15 14:36:18,895 - INFO - ======================================================================
2026-02-15 14:36:18,896 - INFO - 
school_participation_flag:
2026-02-15 14:36:18,896 - INFO -   Class 0 (negative): 309 samples (54.12%)
2026-02-15 14:36:18,896 - INFO -   Class 1 (positive): 262 samples (45.88%)
2026-02-15 14:36:18,896 - INFO - 
project_participation_flag:
2026-02-15 14:36:18,896 - INFO -   Class 0 (negative): 494 samples (86.51%)
2026-02-15 14:36:18,896 - INFO -   Class 1 (positive): 77 samples (13.49%)
2026-02-15 14:36:18,896 - INFO - ======================================================================

2026-02-15 14:36:18,897 - INFO - Initialized experiment: K=10, feature_mode='mean'
2026-02-15 14:36:18,897 - INFO - Starting experiment: gemma3-12B_cv_evo
2026-02-15 14:36:18,897 - INFO - Research focus: Correlation between unsupervised clustering (Silhouette) and supervised metrics
2026-02-15 14:36:18,897 - INFO - Round 1/1000
2026-02-15 14:36:19,177 - INFO -   Silhouette: 0.2315 | School ROC: 0.6307 F1: 0.5665 | Project ROC: 0.5357 F1: 0.1913 ✓
2026-02-15 14:36:19,177 - INFO -     📊 Silhouette improvement → Avg ROC: 0.5832 | Avg F1: 0.3789 | F1/ROC ratio: 0.6496 (F1 < ROC (conservative predictions))
2026-02-15 14:36:19,179 - INFO - Results saved to /home/dev/work_main/random/assesment/k_means_selected/gemma3-12B_cv_evo_results.json
2026-02-15 14:36:19,179 - INFO - Round 2/1000
2026-02-15 14:36:19,511 - INFO -   Silhouette: 0.2264 | School ROC: 0.6408 F1: 0.6374 | Project ROC: 0.5795 F1: 0.2680 ✓
2026-02-15 14:36:19,514 - INFO - Results saved to /home/dev/work_main/random/assesment/k_means_selected/gemma3-12B_cv_evo_results.json
2026-02-15 14:36:19,514 - INFO - Round 3/1000
2026-02-15 14:36:19,819 - INFO -   Silhouette: 0.2023 | School ROC: 0.6441 F1: 0.6042 | Project ROC: 0.5642 F1: 0.2523 ✓
2026-02-15 14:36:19,822 - INFO - Results saved to /home/dev/work_main/random/assesment/k_means_selected/gemma3-12B_cv_evo_results.json
2026-02-15 14:36:19,823 - INFO - Round 4/1000
2026-02-15 14:36:20,106 - INFO -   Silhouette: 0.2353 | School ROC: 0.6323 F1: 0.5783 | Project ROC: 0.5652 F1: 0.2626 ✓
2026-02-15 14:36:20,106 - INFO -     📊 Silhouette improvement → Avg ROC: 0.5988 | Avg F1: 0.4205 | F1/ROC ratio: 0.7022 (F1 < ROC (conservative predictions))
2026-02-15 14:36:20,109 - INFO - Results saved to /home/dev/work_main/random/assesment/k_means_selected/gemma3-12B_cv_evo_results.json
2026-02-15 14:36:20,109 - INFO - Round 5/1000
2026-02-15 14:36:20,413 - INFO -   Silhouette: 0.1948 | School ROC: 0.6406 F1: 0.5952 | Project ROC: 0.5480 F1: 0.2087 
2026-02-15 14:36:20,413 - INFO - Round 6/1000
2026-02-15 14:36:20,745 - INFO -   Silhouette: 0.1880 | School ROC: 0.6239 F1: 0.5680 | Project ROC: 0.5506 F1: 0.2041 
2026-02-15 14:36:20,745 - INFO - Round 7/1000
2026-02-15 14:36:21,143 - INFO -   Silhouette: 0.2157 | School ROC: 0.6633 F1: 0.6448 | Project ROC: 0.5619 F1: 0.2286 ✓
2026-02-15 14:36:21,152 - INFO - Results saved to /home/dev/work_main/random/assesment/k_means_selected/gemma3-12B_cv_evo_results.json
2026-02-15 14:36:21,153 - INFO - Round 8/1000
2026-02-15 14:36:21,455 - INFO -   Silhouette: 0.2091 | School ROC: 0.6213 F1: 0.5714 | Project ROC: 0.5031 F1: 0.1682 
2026-02-15 14:36:21,455 - INFO - Round 9/1000
2026-02-15 14:36:21,889 - INFO -   Silhouette: 0.2319 | School ROC: 0.6122 F1: 0.5967 | Project ROC: 0.5191 F1: 0.2056 
2026-02-15 14:36:21,889 - INFO - Round 10/1000
2026-02-15 14:36:22,202 - INFO -   Silhouette: 0.2783 | School ROC: 0.6367 F1: 0.6237 | Project ROC: 0.5152 F1: 0.2018 ✓
2026-02-15 14:36:22,203 - INFO -     📊 Silhouette improvement → Avg ROC: 0.5759 | Avg F1: 0.4127 | F1/ROC ratio: 0.7167 (F1 < ROC (conservative predictions))
2026-02-15 14:36:22,207 - INFO - Results saved to /home/dev/work_main/random/assesment/k_means_selected/gemma3-12B_cv_evo_results.json
2026-02-15 14:36:22,207 - INFO - Round 11/1000
2026-02-15 14:36:22,637 - INFO -   Silhouette: 0.2512 | School ROC: 0.6330 F1: 0.5978 | Project ROC: 0.5409 F1: 0.2435 
2026-02-15 14:36:22,637 - INFO - Round 12/1000
2026-02-15 14:36:22,929 - INFO -   Silhouette: 0.2460 | School ROC: 0.6021 F1: 0.5876 | Project ROC: 0.5306 F1: 0.1818 
2026-02-15 14:36:22,929 - INFO - Round 13/1000
2026-02-15 14:36:23,338 - INFO -   Silhouette: 0.2358 | School ROC: 0.5688 F1: 0.5745 | Project ROC: 0.5419 F1: 0.2202 
2026-02-15 14:36:23,338 - INFO - Round 14/1000
2026-02-15 14:36:23,761 - INFO -   Silhouette: 0.1881 | School ROC: 0.6286 F1: 0.6087 | Project ROC: 0.5607 F1: 0.2430 
2026-02-15 14:36:23,761 - INFO - Round 15/1000
2026-02-15 14:36:24,014 - INFO -   Silhouette: 0.2089 | School ROC: 0.6776 F1: 0.6444 | Project ROC: 0.5810 F1: 0.2456 ✓
2026-02-15 14:36:24,018 - INFO - Results saved to /home/dev/work_main/random/assesment/k_means_selected/gemma3-12B_cv_evo_results.json
2026-02-15 14:36:24,018 - INFO - Round 16/1000
2026-02-15 14:36:24,342 - INFO -   Silhouette: 0.2730 | School ROC: 0.6095 F1: 0.5824 | Project ROC: 0.5337 F1: 0.2321 
2026-02-15 14:36:24,342 - INFO - Round 17/1000
2026-02-15 14:36:24,656 - INFO -   Silhouette: 0.2462 | School ROC: 0.6627 F1: 0.6180 | Project ROC: 0.5344 F1: 0.2393 
2026-02-15 14:36:24,656 - INFO - Round 18/1000
2026-02-15 14:36:25,044 - INFO -   Silhouette: 0.2077 | School ROC: 0.6456 F1: 0.6092 | Project ROC: 0.5781 F1: 0.2202 
2026-02-15 14:36:25,044 - INFO - Round 19/1000
2026-02-15 14:36:25,275 - INFO -   Silhouette: 0.2472 | School ROC: 0.6261 F1: 0.5955 | Project ROC: 0.5607 F1: 0.2393 
2026-02-15 14:36:25,275 - INFO - Round 20/1000
2026-02-15 14:36:25,588 - INFO -   Silhouette: 0.2626 | School ROC: 0.6258 F1: 0.5778 | Project ROC: 0.5273 F1: 0.2075 
2026-02-15 14:36:25,589 - INFO - Round 21/1000
2026-02-15 14:36:25,836 - INFO -   Silhouette: 0.2026 | School ROC: 0.6241 F1: 0.6196 | Project ROC: 0.4917 F1: 0.2000 
2026-02-15 14:36:25,836 - INFO - Round 22/1000
2026-02-15 14:36:26,065 - INFO -   Silhouette: 0.2676 | School ROC: 0.6073 F1: 0.6032 | Project ROC: 0.4818 F1: 0.1852 
2026-02-15 14:36:26,066 - INFO - Round 23/1000
2026-02-15 14:36:26,312 - INFO -   Silhouette: 0.2598 | School ROC: 0.6408 F1: 0.5682 | Project ROC: 0.5645 F1: 0.2182 
2026-02-15 14:36:26,312 - INFO - Round 24/1000
2026-02-15 14:36:26,560 - INFO -   Silhouette: 0.2661 | School ROC: 0.6401 F1: 0.6105 | Project ROC: 0.5465 F1: 0.2202 
2026-02-15 14:36:26,561 - INFO - Round 25/1000
2026-02-15 14:36:26,808 - INFO -   Silhouette: 0.2708 | School ROC: 0.6090 F1: 0.6092 | Project ROC: 0.5433 F1: 0.2222 
2026-02-15 14:36:26,808 - INFO - Round 26/1000
2026-02-15 14:36:27,079 - INFO -   Silhouette: 0.2352 | School ROC: 0.5849 F1: 0.5424 | Project ROC: 0.5029 F1: 0.2083 
2026-02-15 14:36:27,079 - INFO - Round 27/1000
2026-02-15 14:36:27,358 - INFO -   Silhouette: 0.2301 | School ROC: 0.6405 F1: 0.6180 | Project ROC: 0.4974 F1: 0.1961 
2026-02-15 14:36:27,358 - INFO - Round 28/1000
2026-02-15 14:36:27,639 - INFO -   Silhouette: 0.2251 | School ROC: 0.5826 F1: 0.5946 | Project ROC: 0.5121 F1: 0.2095 
2026-02-15 14:36:27,639 - INFO - Round 29/1000
2026-02-15 14:36:27,891 - INFO -   Silhouette: 0.2137 | School ROC: 0.6592 F1: 0.6593 | Project ROC: 0.5020 F1: 0.1869 ✓
2026-02-15 14:36:27,903 - INFO - Results saved to /home/dev/work_main/random/assesment/k_means_selected/gemma3-12B_cv_evo_results.json
2026-02-15 14:36:27,903 - INFO - Round 30/1000
2026-02-15 14:36:28,207 - INFO -   Silhouette: 0.2789 | School ROC: 0.6015 F1: 0.5778 | Project ROC: 0.4628 F1: 0.1698 ✓
2026-02-15 14:36:28,207 - INFO -     📊 Silhouette improvement → Avg ROC: 0.5322 | Avg F1: 0.3738 | F1/ROC ratio: 0.7024 (F1 < ROC (conservative predictions))
2026-02-15 14:36:28,213 - INFO - Results saved to /home/dev/work_main/random/assesment/k_means_selected/gemma3-12B_cv_evo_results.json
2026-02-15 14:36:28,214 - INFO - Round 31/1000
2026-02-15 14:36:28,580 - INFO -   Silhouette: 0.2074 | School ROC: 0.6179 F1: 0.5889 | Project ROC: 0.5347 F1: 0.2243 
2026-02-15 14:36:28,580 - INFO - Round 32/1000
2026-02-15 14:36:28,867 - INFO -   Silhouette: 0.2038 | School ROC: 0.6136 F1: 0.5862 | Project ROC: 0.5537 F1: 0.2500 
2026-02-15 14:36:28,867 - INFO - Round 33/1000
2026-02-15 14:36:29,214 - INFO -   Silhouette: 0.1889 | School ROC: 0.6040 F1: 0.6000 | Project ROC: 0.5481 F1: 0.2342 
2026-02-15 14:36:29,214 - INFO - Round 34/1000
2026-02-15 14:36:29,449 - INFO -   Silhouette: 0.2273 | School ROC: 0.6213 F1: 0.5843 | Project ROC: 0.5925 F1: 0.2376 ✓
2026-02-15 14:36:29,461 - INFO - Results saved to /home/dev/work_main/random/assesment/k_means_selected/gemma3-12B_cv_evo_results.json
2026-02-15 14:36:29,461 - INFO - Round 35/1000
2026-02-15 14:36:29,783 - INFO -   Silhouette: 0.1630 | School ROC: 0.5998 F1: 0.5595 | Project ROC: 0.5350 F1: 0.2268 
2026-02-15 14:36:29,783 - INFO - Round 36/1000
2026-02-15 14:36:29,987 - INFO -   Silhouette: 0.2319 | School ROC: 0.5895 F1: 0.5902 | Project ROC: 0.5554 F1: 0.2200 
2026-02-15 14:36:29,987 - INFO - Round 37/1000
2026-02-15 14:36:30,232 - INFO -   Silhouette: 0.1999 | School ROC: 0.6454 F1: 0.6304 | Project ROC: 0.5881 F1: 0.2456 
2026-02-15 14:36:30,232 - INFO - Round 38/1000
2026-02-15 14:36:30,497 - INFO -   Silhouette: 0.2314 | School ROC: 0.6092 F1: 0.5889 | Project ROC: 0.5454 F1: 0.2321 
2026-02-15 14:36:30,497 - INFO - Round 39/1000
2026-02-15 14:36:30,811 - INFO -   Silhouette: 0.2159 | School ROC: 0.6254 F1: 0.6145 | Project ROC: 0.5333 F1: 0.2200 
2026-02-15 14:36:30,811 - INFO - Round 40/1000
2026-02-15 14:36:31,096 - INFO -   Silhouette: 0.2601 | School ROC: 0.5672 F1: 0.5730 | Project ROC: 0.5061 F1: 0.1569 
2026-02-15 14:36:31,096 - INFO - Round 41/1000
2026-02-15 14:36:31,340 - INFO -   Silhouette: 0.2639 | School ROC: 0.6267 F1: 0.6243 | Project ROC: 0.5255 F1: 0.1982 
2026-02-15 14:36:31,340 - INFO - Round 42/1000
2026-02-15 14:36:31,578 - INFO -   Silhouette: 0.2500 | School ROC: 0.6032 F1: 0.5730 | Project ROC: 0.5610 F1: 0.2243 
2026-02-15 14:36:31,579 - INFO - Round 43/1000
2026-02-15 14:36:31,886 - INFO -   Silhouette: 0.2581 | School ROC: 0.6600 F1: 0.6092 | Project ROC: 0.5490 F1: 0.2586 
2026-02-15 14:36:31,886 - INFO - Round 44/1000
2026-02-15 14:36:32,129 - INFO -   Silhouette: 0.2121 | School ROC: 0.6254 F1: 0.5635 | Project ROC: 0.5214 F1: 0.2115 
2026-02-15 14:36:32,129 - INFO - Round 45/1000
2026-02-15 14:36:32,386 - INFO -   Silhouette: 0.1922 | School ROC: 0.6069 F1: 0.5967 | Project ROC: 0.5528 F1: 0.2157 
2026-02-15 14:36:32,386 - INFO - Round 46/1000
2026-02-15 14:36:32,682 - INFO -   Silhouette: 0.2066 | School ROC: 0.5708 F1: 0.5926 | Project ROC: 0.5305 F1: 0.1935 
2026-02-15 14:36:32,682 - INFO - Round 47/1000
2026-02-15 14:36:33,032 - INFO -   Silhouette: 0.2542 | School ROC: 0.6676 F1: 0.6111 | Project ROC: 0.5718 F1: 0.2162 
2026-02-15 14:36:33,033 - INFO - Round 48/1000
2026-02-15 14:36:33,291 - INFO -   Silhouette: 0.2629 | School ROC: 0.5959 F1: 0.5909 | Project ROC: 0.6094 F1: 0.2574 ✓
2026-02-15 14:36:33,302 - INFO - Results saved to /home/dev/work_main/random/assesment/k_means_selected/gemma3-12B_cv_evo_results.json
2026-02-15 14:36:33,302 - INFO - Round 49/1000
2026-02-15 14:36:33,584 - INFO -   Silhouette: 0.2204 | School ROC: 0.6349 F1: 0.5848 | Project ROC: 0.5559 F1: 0.2157 
2026-02-15 14:36:33,584 - INFO - Round 50/1000
2026-02-15 14:36:33,926 - INFO -   Silhouette: 0.2538 | School ROC: 0.6217 F1: 0.5652 | Project ROC: 0.5477 F1: 0.2124 
2026-02-15 14:36:33,926 - INFO - Round 51/1000
2026-02-15 14:36:34,159 - INFO -   Silhouette: 0.2696 | School ROC: 0.5444 F1: 0.5318 | Project ROC: 0.4648 F1: 0.1905 
2026-02-15 14:36:34,159 - INFO - Round 52/1000
2026-02-15 14:36:34,504 - INFO -   Silhouette: 0.2287 | School ROC: 0.6610 F1: 0.6171 | Project ROC: 0.5719 F1: 0.2342 
2026-02-15 14:36:34,505 - INFO - Round 53/1000
2026-02-15 14:36:34,773 - INFO -   Silhouette: 0.2522 | School ROC: 0.6356 F1: 0.6224 | Project ROC: 0.5338 F1: 0.2203 
2026-02-15 14:36:34,773 - INFO - Round 54/1000
2026-02-15 14:36:35,037 - INFO -   Silhouette: 0.2736 | School ROC: 0.6415 F1: 0.5909 | Project ROC: 0.5953 F1: 0.2500 
2026-02-15 14:36:35,038 - INFO - Round 55/1000
2026-02-15 14:36:35,294 - INFO -   Silhouette: 0.2551 | School ROC: 0.6197 F1: 0.5922 | Project ROC: 0.5388 F1: 0.2542 
2026-02-15 14:36:35,294 - INFO - Round 56/1000
2026-02-15 14:36:35,600 - INFO -   Silhouette: 0.2324 | School ROC: 0.6215 F1: 0.6237 | Project ROC: 0.5333 F1: 0.1869 
2026-02-15 14:36:35,600 - INFO - Round 57/1000
2026-02-15 14:36:35,852 - INFO -   Silhouette: 0.2228 | School ROC: 0.6110 F1: 0.5667 | Project ROC: 0.5064 F1: 0.1980 
2026-02-15 14:36:35,852 - INFO - Round 58/1000
2026-02-15 14:36:36,207 - INFO -   Silhouette: 0.2461 | School ROC: 0.5768 F1: 0.5902 | Project ROC: 0.5274 F1: 0.2083 
2026-02-15 14:36:36,207 - INFO - Round 59/1000
2026-02-15 14:36:36,436 - INFO -   Silhouette: 0.2672 | School ROC: 0.5531 F1: 0.5287 | Project ROC: 0.4994 F1: 0.1923 
2026-02-15 14:36:36,437 - INFO - Round 60/1000
2026-02-15 14:36:36,693 - INFO -   Silhouette: 0.2160 | School ROC: 0.6064 F1: 0.5889 | Project ROC: 0.5053 F1: 0.2264 
2026-02-15 14:36:36,693 - INFO - Round 61/1000
2026-02-15 14:36:36,961 - INFO -   Silhouette: 0.2211 | School ROC: 0.6192 F1: 0.5882 | Project ROC: 0.5324 F1: 0.2453 
2026-02-15 14:36:36,961 - INFO - Round 62/1000
2026-02-15 14:36:37,203 - INFO -   Silhouette: 0.1612 | School ROC: 0.6860 F1: 0.6413 | Project ROC: 0.5258 F1: 0.2308 ✓
2026-02-15 14:36:37,224 - INFO - Results saved to /home/dev/work_main/random/assesment/k_means_selected/gemma3-12B_cv_evo_results.json
2026-02-15 14:36:37,224 - INFO - Round 63/1000
2026-02-15 14:36:37,447 - INFO -   Silhouette: 0.3103 | School ROC: 0.5976 F1: 0.5746 | Project ROC: 0.5661 F1: 0.2745 ✓
2026-02-15 14:36:37,447 - INFO -     📊 Silhouette improvement → Avg ROC: 0.5818 | Avg F1: 0.4245 | F1/ROC ratio: 0.7297 (F1 < ROC (conservative predictions))
2026-02-15 14:36:37,460 - INFO - Results saved to /home/dev/work_main/random/assesment/k_means_selected/gemma3-12B_cv_evo_results.json
2026-02-15 14:36:37,460 - INFO - Round 64/1000
2026-02-15 14:36:37,900 - INFO -   Silhouette: 0.1746 | School ROC: 0.6234 F1: 0.5967 | Project ROC: 0.5810 F1: 0.2143 
2026-02-15 14:36:37,901 - INFO - Round 65/1000
2026-02-15 14:36:38,199 - INFO -   Silhouette: 0.2434 | School ROC: 0.5830 F1: 0.5778 | Project ROC: 0.5677 F1: 0.2524 
2026-02-15 14:36:38,199 - INFO - Round 66/1000
2026-02-15 14:36:38,486 - INFO -   Silhouette: 0.2270 | School ROC: 0.6467 F1: 0.6170 | Project ROC: 0.5353 F1: 0.2056 
2026-02-15 14:36:38,486 - INFO - Round 67/1000
2026-02-15 14:36:38,732 - INFO -   Silhouette: 0.2865 | School ROC: 0.6378 F1: 0.6044 | Project ROC: 0.5344 F1: 0.2301 
2026-02-15 14:36:38,733 - INFO - Round 68/1000
2026-02-15 14:36:38,976 - INFO -   Silhouette: 0.2368 | School ROC: 0.5975 F1: 0.5424 | Project ROC: 0.4825 F1: 0.1942 
2026-02-15 14:36:38,976 - INFO - Round 69/1000
2026-02-15 14:36:39,270 - INFO -   Silhouette: 0.2630 | School ROC: 0.6335 F1: 0.6145 | Project ROC: 0.5544 F1: 0.1923 
2026-02-15 14:36:39,270 - INFO - Round 70/1000
2026-02-15 14:36:39,631 - INFO -   Silhouette: 0.2222 | School ROC: 0.5964 F1: 0.5838 | Project ROC: 0.5045 F1: 0.1835 
2026-02-15 14:36:39,631 - INFO - Round 71/1000
2026-02-15 14:36:39,929 - INFO -   Silhouette: 0.1885 | School ROC: 0.6171 F1: 0.5595 | Project ROC: 0.6033 F1: 0.2637 
2026-02-15 14:36:39,930 - INFO - Round 72/1000
2026-02-15 14:36:40,160 - INFO -   Silhouette: 0.2275 | School ROC: 0.6578 F1: 0.6146 | Project ROC: 0.5712 F1: 0.2308 
2026-02-15 14:36:40,160 - INFO - Round 73/1000
2026-02-15 14:36:40,415 - INFO -   Silhouette: 0.2801 | School ROC: 0.6569 F1: 0.5824 | Project ROC: 0.4946 F1: 0.2182 
2026-02-15 14:36:40,416 - INFO - Round 74/1000
2026-02-15 14:36:40,763 - INFO -   Silhouette: 0.2338 | School ROC: 0.5847 F1: 0.5698 | Project ROC: 0.4851 F1: 0.1600 
2026-02-15 14:36:40,763 - INFO - Round 75/1000
2026-02-15 14:36:41,042 - INFO -   Silhouette: 0.2345 | School ROC: 0.6040 F1: 0.5938 | Project ROC: 0.5392 F1: 0.2105 
2026-02-15 14:36:41,043 - INFO - Round 76/1000
2026-02-15 14:36:41,290 - INFO -   Silhouette: 0.2049 | School ROC: 0.6619 F1: 0.6196 | Project ROC: 0.5716 F1: 0.2435 
2026-02-15 14:36:41,291 - INFO - Round 77/1000
2026-02-15 14:36:41,583 - INFO -   Silhouette: 0.2897 | School ROC: 0.5870 F1: 0.5667 | Project ROC: 0.5105 F1: 0.1782 
2026-02-15 14:36:41,584 - INFO - Round 78/1000
2026-02-15 14:36:41,933 - INFO -   Silhouette: 0.2484 | School ROC: 0.6297 F1: 0.6154 | Project ROC: 0.5552 F1: 0.2095 
2026-02-15 14:36:41,934 - INFO - Round 79/1000
2026-02-15 14:36:42,302 - INFO -   Silhouette: 0.2283 | School ROC: 0.6023 F1: 0.5902 | Project ROC: 0.5200 F1: 0.2000 
2026-02-15 14:36:42,302 - INFO - Round 80/1000
2026-02-15 14:36:42,551 - INFO -   Silhouette: 0.2618 | School ROC: 0.6307 F1: 0.6448 | Project ROC: 0.5684 F1: 0.2243 
2026-02-15 14:36:42,552 - INFO - Round 81/1000
2026-02-15 14:36:42,812 - INFO -   Silhouette: 0.1991 | School ROC: 0.6356 F1: 0.6118 | Project ROC: 0.5641 F1: 0.2476 
2026-02-15 14:36:42,812 - INFO - Round 82/1000
2026-02-15 14:36:43,051 - INFO -   Silhouette: 0.2192 | School ROC: 0.6566 F1: 0.6127 | Project ROC: 0.5559 F1: 0.2407 
2026-02-15 14:36:43,051 - INFO - Round 83/1000
2026-02-15 14:36:43,348 - INFO -   Silhouette: 0.2316 | School ROC: 0.5936 F1: 0.6011 | Project ROC: 0.5277 F1: 0.1782 
2026-02-15 14:36:43,349 - INFO - Round 84/1000
2026-02-15 14:36:43,616 - INFO -   Silhouette: 0.2274 | School ROC: 0.6952 F1: 0.6630 | Project ROC: 0.5546 F1: 0.2105 ✓
2026-02-15 14:36:43,641 - INFO - Results saved to /home/dev/work_main/random/assesment/k_means_selected/gemma3-12B_cv_evo_results.json
2026-02-15 14:36:43,641 - INFO - Round 85/1000
2026-02-15 14:36:43,946 - INFO -   Silhouette: 0.3270 | School ROC: 0.6439 F1: 0.6413 | Project ROC: 0.5535 F1: 0.2095 ✓
2026-02-15 14:36:43,946 - INFO -     📊 Silhouette improvement → Avg ROC: 0.5987 | Avg F1: 0.4254 | F1/ROC ratio: 0.7105 (F1 < ROC (conservative predictions))
2026-02-15 14:36:43,970 - INFO - Results saved to /home/dev/work_main/random/assesment/k_means_selected/gemma3-12B_cv_evo_results.json
2026-02-15 14:36:43,970 - INFO - Round 86/1000
2026-02-15 14:36:54,326 - INFO - 
======================================================================
2026-02-15 14:36:54,327 - INFO - CLASS DISTRIBUTION DIAGNOSTICS
2026-02-15 14:36:54,327 - INFO - ======================================================================
2026-02-15 14:36:54,327 - INFO - 
school_participation_flag:
2026-02-15 14:36:54,327 - INFO -   Class 0 (negative): 309 samples (54.12%)
2026-02-15 14:36:54,327 - INFO -   Class 1 (positive): 262 samples (45.88%)
2026-02-15 14:36:54,328 - INFO - 
project_participation_flag:
2026-02-15 14:36:54,328 - INFO -   Class 0 (negative): 494 samples (86.51%)
2026-02-15 14:36:54,328 - INFO -   Class 1 (positive): 77 samples (13.49%)
2026-02-15 14:36:54,328 - INFO - ======================================================================

2026-02-15 14:36:54,328 - INFO - Initialized experiment: K=10, feature_mode='mean'
2026-02-15 14:36:54,329 - INFO - Starting experiment: gemma3-12B_cv_evo
2026-02-15 14:36:54,329 - INFO - Research focus: Correlation between unsupervised clustering (Silhouette) and supervised metrics
2026-02-15 14:36:54,329 - INFO - Round 1/1000
2026-02-15 14:36:54,601 - INFO -   Silhouette: 0.2315 | School ROC: 0.6307 F1: 0.5665 | Project ROC: 0.5357 F1: 0.1913 ✓
2026-02-15 14:36:54,602 - INFO -     📊 Silhouette improvement → Avg ROC: 0.5832 | Avg F1: 0.3789 | F1/ROC ratio: 0.6496 (F1 < ROC (conservative predictions))
2026-02-15 14:36:54,604 - INFO - Results saved to /home/dev/work_main/random/assesment/k_means_selected/gemma3-12B_cv_evo_results.json
2026-02-15 14:36:54,605 - INFO - Round 2/1000
2026-02-15 14:36:54,990 - INFO -   Silhouette: 0.2264 | School ROC: 0.6408 F1: 0.6374 | Project ROC: 0.5795 F1: 0.2680 ✓
2026-02-15 14:36:54,991 - INFO - Results saved to /home/dev/work_main/random/assesment/k_means_selected/gemma3-12B_cv_evo_results.json
2026-02-15 14:36:54,991 - INFO - Round 3/1000
2026-02-15 14:36:55,430 - INFO -   Silhouette: 0.2023 | School ROC: 0.6441 F1: 0.6042 | Project ROC: 0.5642 F1: 0.2523 ✓
2026-02-15 14:36:55,433 - INFO - Results saved to /home/dev/work_main/random/assesment/k_means_selected/gemma3-12B_cv_evo_results.json
2026-02-15 14:36:55,433 - INFO - Round 4/1000
2026-02-15 14:36:55,742 - INFO -   Silhouette: 0.2353 | School ROC: 0.6323 F1: 0.5783 | Project ROC: 0.5652 F1: 0.2626 ✓
2026-02-15 14:36:55,743 - INFO -     📊 Silhouette improvement → Avg ROC: 0.5988 | Avg F1: 0.4205 | F1/ROC ratio: 0.7022 (F1 < ROC (conservative predictions))
2026-02-15 14:36:55,746 - INFO - Results saved to /home/dev/work_main/random/assesment/k_means_selected/gemma3-12B_cv_evo_results.json
2026-02-15 14:36:55,746 - INFO - Round 5/1000
2026-02-15 14:36:56,012 - INFO -   Silhouette: 0.1948 | School ROC: 0.6406 F1: 0.5952 | Project ROC: 0.5480 F1: 0.2087 
2026-02-15 14:36:56,012 - INFO - Round 6/1000
2026-02-15 14:36:56,450 - INFO -   Silhouette: 0.1880 | School ROC: 0.6239 F1: 0.5680 | Project ROC: 0.5506 F1: 0.2041 
2026-02-15 14:36:56,451 - INFO - Round 7/1000
2026-02-15 14:36:56,880 - INFO -   Silhouette: 0.2157 | School ROC: 0.6633 F1: 0.6448 | Project ROC: 0.5619 F1: 0.2286 ✓
2026-02-15 14:36:56,882 - INFO - Results saved to /home/dev/work_main/random/assesment/k_means_selected/gemma3-12B_cv_evo_results.json
2026-02-15 14:36:56,883 - INFO - Round 8/1000
2026-02-15 14:36:57,151 - INFO -   Silhouette: 0.2091 | School ROC: 0.6213 F1: 0.5714 | Project ROC: 0.5031 F1: 0.1682 
2026-02-15 14:36:57,151 - INFO - Round 9/1000
2026-02-15 14:36:57,600 - INFO -   Silhouette: 0.2319 | School ROC: 0.6122 F1: 0.5967 | Project ROC: 0.5191 F1: 0.2056 
2026-02-15 14:36:57,600 - INFO - Round 10/1000
2026-02-15 14:36:58,022 - INFO -   Silhouette: 0.2783 | School ROC: 0.6367 F1: 0.6237 | Project ROC: 0.5152 F1: 0.2018 ✓
2026-02-15 14:36:58,022 - INFO -     📊 Silhouette improvement → Avg ROC: 0.5759 | Avg F1: 0.4127 | F1/ROC ratio: 0.7167 (F1 < ROC (conservative predictions))
2026-02-15 14:36:58,025 - INFO - Results saved to /home/dev/work_main/random/assesment/k_means_selected/gemma3-12B_cv_evo_results.json
2026-02-15 14:36:58,025 - INFO - Round 11/1000
2026-02-15 14:36:58,383 - INFO -   Silhouette: 0.2512 | School ROC: 0.6330 F1: 0.5978 | Project ROC: 0.5409 F1: 0.2435 
2026-02-15 14:36:58,383 - INFO - Round 12/1000
2026-02-15 14:36:58,770 - INFO -   Silhouette: 0.2460 | School ROC: 0.6021 F1: 0.5876 | Project ROC: 0.5306 F1: 0.1818 
2026-02-15 14:36:58,770 - INFO - Round 13/1000
2026-02-15 14:36:59,239 - INFO -   Silhouette: 0.2358 | School ROC: 0.5688 F1: 0.5745 | Project ROC: 0.5419 F1: 0.2202 
2026-02-15 14:36:59,239 - INFO - Round 14/1000
2026-02-15 14:36:59,652 - INFO -   Silhouette: 0.1881 | School ROC: 0.6286 F1: 0.6087 | Project ROC: 0.5607 F1: 0.2430 
2026-02-15 14:36:59,652 - INFO - Round 15/1000
2026-02-15 14:36:59,980 - INFO -   Silhouette: 0.2089 | School ROC: 0.6776 F1: 0.6444 | Project ROC: 0.5810 F1: 0.2456 ✓
2026-02-15 14:36:59,987 - INFO - Results saved to /home/dev/work_main/random/assesment/k_means_selected/gemma3-12B_cv_evo_results.json
2026-02-15 14:36:59,988 - INFO - Round 16/1000
2026-02-15 14:37:00,402 - INFO -   Silhouette: 0.2730 | School ROC: 0.6095 F1: 0.5824 | Project ROC: 0.5337 F1: 0.2321 
2026-02-15 14:37:00,402 - INFO - Round 17/1000
2026-02-15 14:37:00,684 - INFO -   Silhouette: 0.2462 | School ROC: 0.6627 F1: 0.6180 | Project ROC: 0.5344 F1: 0.2393 
2026-02-15 14:37:00,684 - INFO - Round 18/1000
2026-02-15 14:37:00,949 - INFO -   Silhouette: 0.2077 | School ROC: 0.6456 F1: 0.6092 | Project ROC: 0.5781 F1: 0.2202 
2026-02-15 14:37:00,949 - INFO - Round 19/1000
2026-02-15 14:37:01,289 - INFO -   Silhouette: 0.2472 | School ROC: 0.6261 F1: 0.5955 | Project ROC: 0.5607 F1: 0.2393 
2026-02-15 14:37:01,290 - INFO - Round 20/1000
2026-02-15 14:37:01,567 - INFO -   Silhouette: 0.2626 | School ROC: 0.6258 F1: 0.5778 | Project ROC: 0.5273 F1: 0.2075 
2026-02-15 14:37:01,567 - INFO - Round 21/1000
2026-02-15 14:37:01,816 - INFO -   Silhouette: 0.2026 | School ROC: 0.6241 F1: 0.6196 | Project ROC: 0.4917 F1: 0.2000 
2026-02-15 14:37:01,817 - INFO - Round 22/1000
2026-02-15 14:37:02,117 - INFO -   Silhouette: 0.2676 | School ROC: 0.6073 F1: 0.6032 | Project ROC: 0.4818 F1: 0.1852 
2026-02-15 14:37:02,117 - INFO - Round 23/1000
2026-02-15 14:37:02,360 - INFO -   Silhouette: 0.2598 | School ROC: 0.6408 F1: 0.5682 | Project ROC: 0.5645 F1: 0.2182 
2026-02-15 14:37:02,361 - INFO - Round 24/1000
2026-02-15 14:37:02,630 - INFO -   Silhouette: 0.2661 | School ROC: 0.6401 F1: 0.6105 | Project ROC: 0.5465 F1: 0.2202 
2026-02-15 14:37:02,642 - INFO - Round 25/1000
2026-02-15 14:37:02,983 - INFO -   Silhouette: 0.2708 | School ROC: 0.6090 F1: 0.6092 | Project ROC: 0.5433 F1: 0.2222 
2026-02-15 14:37:02,984 - INFO - Round 26/1000
2026-02-15 14:37:03,244 - INFO -   Silhouette: 0.2352 | School ROC: 0.5849 F1: 0.5424 | Project ROC: 0.5029 F1: 0.2083 
2026-02-15 14:37:03,244 - INFO - Round 27/1000
2026-02-15 14:37:03,463 - INFO -   Silhouette: 0.2301 | School ROC: 0.6405 F1: 0.6180 | Project ROC: 0.4974 F1: 0.1961 
2026-02-15 14:37:03,463 - INFO - Round 28/1000
2026-02-15 14:37:03,749 - INFO -   Silhouette: 0.2251 | School ROC: 0.5826 F1: 0.5946 | Project ROC: 0.5121 F1: 0.2095 
2026-02-15 14:37:03,750 - INFO - Round 29/1000
2026-02-15 14:37:03,993 - INFO -   Silhouette: 0.2137 | School ROC: 0.6592 F1: 0.6593 | Project ROC: 0.5020 F1: 0.1869 ✓
2026-02-15 14:37:03,999 - INFO - Results saved to /home/dev/work_main/random/assesment/k_means_selected/gemma3-12B_cv_evo_results.json
2026-02-15 14:37:03,999 - INFO - Round 30/1000
2026-02-15 14:37:04,361 - INFO -   Silhouette: 0.2789 | School ROC: 0.6015 F1: 0.5778 | Project ROC: 0.4628 F1: 0.1698 ✓
2026-02-15 14:37:04,361 - INFO -     📊 Silhouette improvement → Avg ROC: 0.5322 | Avg F1: 0.3738 | F1/ROC ratio: 0.7024 (F1 < ROC (conservative predictions))
2026-02-15 14:37:04,369 - INFO - Results saved to /home/dev/work_main/random/assesment/k_means_selected/gemma3-12B_cv_evo_results.json
2026-02-15 14:37:04,369 - INFO - Round 31/1000
2026-02-15 14:37:04,639 - INFO -   Silhouette: 0.2074 | School ROC: 0.6179 F1: 0.5889 | Project ROC: 0.5347 F1: 0.2243 
2026-02-15 14:37:04,640 - INFO - Round 32/1000
2026-02-15 14:37:04,980 - INFO -   Silhouette: 0.2038 | School ROC: 0.6136 F1: 0.5862 | Project ROC: 0.5537 F1: 0.2500 
2026-02-15 14:37:04,981 - INFO - Round 33/1000
2026-02-15 14:37:05,285 - INFO -   Silhouette: 0.1889 | School ROC: 0.6040 F1: 0.6000 | Project ROC: 0.5481 F1: 0.2342 
2026-02-15 14:37:05,286 - INFO - Round 34/1000
2026-02-15 14:37:05,613 - INFO -   Silhouette: 0.2273 | School ROC: 0.6213 F1: 0.5843 | Project ROC: 0.5925 F1: 0.2376 ✓
2026-02-15 14:37:05,622 - INFO - Results saved to /home/dev/work_main/random/assesment/k_means_selected/gemma3-12B_cv_evo_results.json
2026-02-15 14:37:05,622 - INFO - Round 35/1000
2026-02-15 14:37:05,850 - INFO -   Silhouette: 0.1630 | School ROC: 0.5998 F1: 0.5595 | Project ROC: 0.5350 F1: 0.2268 
2026-02-15 14:37:05,851 - INFO - Round 36/1000
2026-02-15 14:37:06,186 - INFO -   Silhouette: 0.2319 | School ROC: 0.5895 F1: 0.5902 | Project ROC: 0.5554 F1: 0.2200 
2026-02-15 14:37:06,187 - INFO - Round 37/1000
2026-02-15 14:37:06,449 - INFO -   Silhouette: 0.1999 | School ROC: 0.6454 F1: 0.6304 | Project ROC: 0.5881 F1: 0.2456 
2026-02-15 14:37:06,450 - INFO - Round 38/1000
2026-02-15 14:37:06,713 - INFO -   Silhouette: 0.2314 | School ROC: 0.6092 F1: 0.5889 | Project ROC: 0.5454 F1: 0.2321 
2026-02-15 14:37:06,713 - INFO - Round 39/1000
2026-02-15 14:37:06,985 - INFO -   Silhouette: 0.2159 | School ROC: 0.6254 F1: 0.6145 | Project ROC: 0.5333 F1: 0.2200 
2026-02-15 14:37:06,986 - INFO - Round 40/1000
2026-02-15 14:37:07,231 - INFO -   Silhouette: 0.2601 | School ROC: 0.5672 F1: 0.5730 | Project ROC: 0.5061 F1: 0.1569 
2026-02-15 14:37:07,231 - INFO - Round 41/1000
2026-02-15 14:37:07,486 - INFO -   Silhouette: 0.2639 | School ROC: 0.6267 F1: 0.6243 | Project ROC: 0.5255 F1: 0.1982 
2026-02-15 14:37:07,486 - INFO - Round 42/1000
2026-02-15 14:37:07,779 - INFO -   Silhouette: 0.2500 | School ROC: 0.6032 F1: 0.5730 | Project ROC: 0.5610 F1: 0.2243 
2026-02-15 14:37:07,779 - INFO - Round 43/1000
2026-02-15 14:37:08,084 - INFO -   Silhouette: 0.2581 | School ROC: 0.6600 F1: 0.6092 | Project ROC: 0.5490 F1: 0.2586 
2026-02-15 14:37:08,085 - INFO - Round 44/1000
2026-02-15 14:37:08,383 - INFO -   Silhouette: 0.2121 | School ROC: 0.6254 F1: 0.5635 | Project ROC: 0.5214 F1: 0.2115 
2026-02-15 14:37:08,383 - INFO - Round 45/1000
2026-02-15 14:37:08,637 - INFO -   Silhouette: 0.1922 | School ROC: 0.6069 F1: 0.5967 | Project ROC: 0.5528 F1: 0.2157 
2026-02-15 14:37:08,637 - INFO - Round 46/1000
2026-02-15 14:37:08,938 - INFO -   Silhouette: 0.2066 | School ROC: 0.5708 F1: 0.5926 | Project ROC: 0.5305 F1: 0.1935 
2026-02-15 14:37:08,938 - INFO - Round 47/1000
2026-02-15 14:37:09,282 - INFO -   Silhouette: 0.2542 | School ROC: 0.6676 F1: 0.6111 | Project ROC: 0.5718 F1: 0.2162 
2026-02-15 14:37:09,282 - INFO - Round 48/1000
2026-02-15 14:37:09,504 - INFO -   Silhouette: 0.2629 | School ROC: 0.5959 F1: 0.5909 | Project ROC: 0.6094 F1: 0.2574 ✓
2026-02-15 14:37:09,520 - INFO - Results saved to /home/dev/work_main/random/assesment/k_means_selected/gemma3-12B_cv_evo_results.json
2026-02-15 14:37:09,521 - INFO - Round 49/1000
2026-02-15 14:37:09,763 - INFO -   Silhouette: 0.2204 | School ROC: 0.6349 F1: 0.5848 | Project ROC: 0.5559 F1: 0.2157 
2026-02-15 14:37:09,764 - INFO - Round 50/1000
2026-02-15 14:37:10,103 - INFO -   Silhouette: 0.2538 | School ROC: 0.6217 F1: 0.5652 | Project ROC: 0.5477 F1: 0.2124 
2026-02-15 14:37:10,103 - INFO - Round 51/1000
2026-02-15 14:37:10,442 - INFO -   Silhouette: 0.2696 | School ROC: 0.5444 F1: 0.5318 | Project ROC: 0.4648 F1: 0.1905 
2026-02-15 14:37:10,442 - INFO - Round 52/1000
2026-02-15 14:37:10,706 - INFO -   Silhouette: 0.2287 | School ROC: 0.6610 F1: 0.6171 | Project ROC: 0.5719 F1: 0.2342 
2026-02-15 14:37:10,706 - INFO - Round 53/1000
2026-02-15 14:37:11,022 - INFO -   Silhouette: 0.2522 | School ROC: 0.6356 F1: 0.6224 | Project ROC: 0.5338 F1: 0.2203 
2026-02-15 14:37:11,022 - INFO - Round 54/1000
2026-02-15 14:37:11,256 - INFO -   Silhouette: 0.2736 | School ROC: 0.6415 F1: 0.5909 | Project ROC: 0.5953 F1: 0.2500 
2026-02-15 14:37:11,257 - INFO - Round 55/1000
2026-02-15 14:37:11,564 - INFO -   Silhouette: 0.2551 | School ROC: 0.6197 F1: 0.5922 | Project ROC: 0.5388 F1: 0.2542 
2026-02-15 14:37:11,564 - INFO - Round 56/1000
2026-02-15 14:37:11,910 - INFO -   Silhouette: 0.2324 | School ROC: 0.6215 F1: 0.6237 | Project ROC: 0.5333 F1: 0.1869 
2026-02-15 14:37:11,910 - INFO - Round 57/1000
2026-02-15 14:37:12,134 - INFO -   Silhouette: 0.2228 | School ROC: 0.6110 F1: 0.5667 | Project ROC: 0.5064 F1: 0.1980 
2026-02-15 14:37:12,134 - INFO - Round 58/1000
2026-02-15 14:37:12,446 - INFO -   Silhouette: 0.2461 | School ROC: 0.5768 F1: 0.5902 | Project ROC: 0.5274 F1: 0.2083 
2026-02-15 14:37:12,447 - INFO - Round 59/1000
2026-02-15 14:37:12,690 - INFO -   Silhouette: 0.2672 | School ROC: 0.5531 F1: 0.5287 | Project ROC: 0.4994 F1: 0.1923 
2026-02-15 14:37:12,690 - INFO - Round 60/1000
2026-02-15 14:37:13,086 - INFO -   Silhouette: 0.2160 | School ROC: 0.6064 F1: 0.5889 | Project ROC: 0.5053 F1: 0.2264 
2026-02-15 14:37:13,086 - INFO - Round 61/1000
2026-02-15 14:37:13,312 - INFO -   Silhouette: 0.2211 | School ROC: 0.6192 F1: 0.5882 | Project ROC: 0.5324 F1: 0.2453 
2026-02-15 14:37:13,312 - INFO - Round 62/1000
2026-02-15 14:37:13,603 - INFO -   Silhouette: 0.1612 | School ROC: 0.6860 F1: 0.6413 | Project ROC: 0.5258 F1: 0.2308 ✓
2026-02-15 14:37:13,617 - INFO - Results saved to /home/dev/work_main/random/assesment/k_means_selected/gemma3-12B_cv_evo_results.json
2026-02-15 14:37:13,618 - INFO - Round 63/1000
2026-02-15 14:37:13,868 - INFO -   Silhouette: 0.3103 | School ROC: 0.5976 F1: 0.5746 | Project ROC: 0.5661 F1: 0.2745 ✓
2026-02-15 14:37:13,869 - INFO -     📊 Silhouette improvement → Avg ROC: 0.5818 | Avg F1: 0.4245 | F1/ROC ratio: 0.7297 (F1 < ROC (conservative predictions))
2026-02-15 14:37:13,889 - INFO - Results saved to /home/dev/work_main/random/assesment/k_means_selected/gemma3-12B_cv_evo_results.json
2026-02-15 14:37:13,890 - INFO - Round 64/1000
2026-02-15 14:37:14,155 - INFO -   Silhouette: 0.1746 | School ROC: 0.6234 F1: 0.5967 | Project ROC: 0.5810 F1: 0.2143 
2026-02-15 14:37:14,155 - INFO - Round 65/1000
2026-02-15 14:37:14,566 - INFO -   Silhouette: 0.2434 | School ROC: 0.5830 F1: 0.5778 | Project ROC: 0.5677 F1: 0.2524 
2026-02-15 14:37:14,566 - INFO - Round 66/1000
2026-02-15 14:37:14,986 - INFO -   Silhouette: 0.2270 | School ROC: 0.6467 F1: 0.6170 | Project ROC: 0.5353 F1: 0.2056 
2026-02-15 14:37:14,986 - INFO - Round 67/1000
2026-02-15 14:37:15,339 - INFO -   Silhouette: 0.2865 | School ROC: 0.6378 F1: 0.6044 | Project ROC: 0.5344 F1: 0.2301 
2026-02-15 14:37:15,340 - INFO - Round 68/1000
2026-02-15 14:37:15,631 - INFO -   Silhouette: 0.2368 | School ROC: 0.5975 F1: 0.5424 | Project ROC: 0.4825 F1: 0.1942 
2026-02-15 14:37:15,632 - INFO - Round 69/1000
2026-02-15 14:37:15,989 - INFO -   Silhouette: 0.2630 | School ROC: 0.6335 F1: 0.6145 | Project ROC: 0.5544 F1: 0.1923 
2026-02-15 14:37:15,990 - INFO - Round 70/1000
2026-02-15 14:37:16,250 - INFO -   Silhouette: 0.2222 | School ROC: 0.5964 F1: 0.5838 | Project ROC: 0.5045 F1: 0.1835 
2026-02-15 14:37:16,251 - INFO - Round 71/1000
2026-02-15 14:37:16,561 - INFO -   Silhouette: 0.1885 | School ROC: 0.6171 F1: 0.5595 | Project ROC: 0.6033 F1: 0.2637 
2026-02-15 14:37:16,562 - INFO - Round 72/1000
2026-02-15 14:37:16,867 - INFO -   Silhouette: 0.2275 | School ROC: 0.6578 F1: 0.6146 | Project ROC: 0.5712 F1: 0.2308 
2026-02-15 14:37:16,868 - INFO - Round 73/1000
2026-02-15 14:37:17,098 - INFO -   Silhouette: 0.2801 | School ROC: 0.6569 F1: 0.5824 | Project ROC: 0.4946 F1: 0.2182 
2026-02-15 14:37:17,098 - INFO - Round 74/1000
2026-02-15 14:37:17,466 - INFO -   Silhouette: 0.2338 | School ROC: 0.5847 F1: 0.5698 | Project ROC: 0.4851 F1: 0.1600 
2026-02-15 14:37:17,466 - INFO - Round 75/1000
2026-02-15 14:37:17,827 - INFO -   Silhouette: 0.2345 | School ROC: 0.6040 F1: 0.5938 | Project ROC: 0.5392 F1: 0.2105 
2026-02-15 14:37:17,827 - INFO - Round 76/1000
2026-02-15 14:37:18,106 - INFO -   Silhouette: 0.2049 | School ROC: 0.6619 F1: 0.6196 | Project ROC: 0.5716 F1: 0.2435 
2026-02-15 14:37:18,106 - INFO - Round 77/1000
2026-02-15 14:37:18,350 - INFO -   Silhouette: 0.2897 | School ROC: 0.5870 F1: 0.5667 | Project ROC: 0.5105 F1: 0.1782 
2026-02-15 14:37:18,350 - INFO - Round 78/1000
2026-02-15 14:37:18,589 - INFO -   Silhouette: 0.2484 | School ROC: 0.6297 F1: 0.6154 | Project ROC: 0.5552 F1: 0.2095 
2026-02-15 14:37:18,590 - INFO - Round 79/1000
2026-02-15 14:37:18,831 - INFO -   Silhouette: 0.2283 | School ROC: 0.6023 F1: 0.5902 | Project ROC: 0.5200 F1: 0.2000 
2026-02-15 14:37:18,840 - INFO - Round 80/1000
2026-02-15 14:37:19,125 - INFO -   Silhouette: 0.2618 | School ROC: 0.6307 F1: 0.6448 | Project ROC: 0.5684 F1: 0.2243 
2026-02-15 14:37:19,125 - INFO - Round 81/1000
2026-02-15 14:37:19,434 - INFO -   Silhouette: 0.1991 | School ROC: 0.6356 F1: 0.6118 | Project ROC: 0.5641 F1: 0.2476 
2026-02-15 14:37:19,435 - INFO - Round 82/1000
2026-02-15 14:37:19,738 - INFO -   Silhouette: 0.2192 | School ROC: 0.6566 F1: 0.6127 | Project ROC: 0.5559 F1: 0.2407 
2026-02-15 14:37:19,738 - INFO - Round 83/1000
2026-02-15 14:37:19,990 - INFO -   Silhouette: 0.2316 | School ROC: 0.5936 F1: 0.6011 | Project ROC: 0.5277 F1: 0.1782 
2026-02-15 14:37:19,990 - INFO - Round 84/1000
2026-02-15 14:37:20,299 - INFO -   Silhouette: 0.2274 | School ROC: 0.6952 F1: 0.6630 | Project ROC: 0.5546 F1: 0.2105 ✓
2026-02-15 14:37:20,326 - INFO - Results saved to /home/dev/work_main/random/assesment/k_means_selected/gemma3-12B_cv_evo_results.json
2026-02-15 14:37:20,326 - INFO - Round 85/1000
2026-02-15 14:37:20,537 - INFO -   Silhouette: 0.3270 | School ROC: 0.6439 F1: 0.6413 | Project ROC: 0.5535 F1: 0.2095 ✓
2026-02-15 14:37:20,537 - INFO -     📊 Silhouette improvement → Avg ROC: 0.5987 | Avg F1: 0.4254 | F1/ROC ratio: 0.7105 (F1 < ROC (conservative predictions))
2026-02-15 14:37:20,554 - INFO - Results saved to /home/dev/work_main/random/assesment/k_means_selected/gemma3-12B_cv_evo_results.json
2026-02-15 14:37:20,554 - INFO - Round 86/1000
2026-02-15 14:37:20,785 - INFO -   Silhouette: 0.2576 | School ROC: 0.6335 F1: 0.5978 | Project ROC: 0.5133 F1: 0.2264 
2026-02-15 14:37:20,785 - INFO - Round 87/1000
2026-02-15 14:37:21,039 - INFO -   Silhouette: 0.2293 | School ROC: 0.6158 F1: 0.6129 | Project ROC: 0.5165 F1: 0.2202 
2026-02-15 14:37:21,039 - INFO - Round 88/1000
2026-02-15 14:37:21,304 - INFO -   Silhouette: 0.2263 | School ROC: 0.6197 F1: 0.5763 | Project ROC: 0.5276 F1: 0.1887 
2026-02-15 14:37:21,304 - INFO - Round 89/1000
2026-02-15 14:37:21,662 - INFO -   Silhouette: 0.2172 | School ROC: 0.6485 F1: 0.6524 | Project ROC: 0.5731 F1: 0.2609 ✓
2026-02-15 14:37:21,709 - INFO - Results saved to /home/dev/work_main/random/assesment/k_means_selected/gemma3-12B_cv_evo_results.json
2026-02-15 14:37:21,709 - INFO - Round 90/1000
2026-02-15 14:37:21,934 - INFO -   Silhouette: 0.2026 | School ROC: 0.6028 F1: 0.5402 | Project ROC: 0.5715 F1: 0.2264 
2026-02-15 14:37:21,934 - INFO - Round 91/1000
2026-02-15 14:37:22,194 - INFO -   Silhouette: 0.2046 | School ROC: 0.6498 F1: 0.6022 | Project ROC: 0.5692 F1: 0.2342 
2026-02-15 14:37:22,194 - INFO - Round 92/1000
2026-02-15 14:37:22,491 - INFO -   Silhouette: 0.1760 | School ROC: 0.5712 F1: 0.5792 | Project ROC: 0.4837 F1: 0.1731 
2026-02-15 14:37:22,491 - INFO - Round 93/1000
2026-02-15 14:37:22,761 - INFO -   Silhouette: 0.2965 | School ROC: 0.6552 F1: 0.6032 | Project ROC: 0.5279 F1: 0.1930 
2026-02-15 14:37:22,762 - INFO - Round 94/1000
2026-02-15 14:37:22,978 - INFO -   Silhouette: 0.2294 | School ROC: 0.6353 F1: 0.5714 | Project ROC: 0.5104 F1: 0.1835 
2026-02-15 14:37:22,979 - INFO - Round 95/1000
2026-02-15 14:37:23,266 - INFO -   Silhouette: 0.1936 | School ROC: 0.6397 F1: 0.5876 | Project ROC: 0.5124 F1: 0.2200 
2026-02-15 14:37:23,267 - INFO - Round 96/1000
2026-02-15 14:37:23,517 - INFO -   Silhouette: 0.2176 | School ROC: 0.6145 F1: 0.5814 | Project ROC: 0.5197 F1: 0.2136 
2026-02-15 14:37:23,518 - INFO - Round 97/1000
2026-02-15 14:37:23,869 - INFO -   Silhouette: 0.1956 | School ROC: 0.6392 F1: 0.5829 | Project ROC: 0.5088 F1: 0.2200 
2026-02-15 14:37:23,870 - INFO - Round 98/1000
2026-02-15 14:37:24,108 - INFO -   Silhouette: 0.2385 | School ROC: 0.6184 F1: 0.6044 | Project ROC: 0.5204 F1: 0.1964 
2026-02-15 14:37:24,109 - INFO - Round 99/1000
2026-02-15 14:37:24,374 - INFO -   Silhouette: 0.2216 | School ROC: 0.6383 F1: 0.5943 | Project ROC: 0.5414 F1: 0.2385 
2026-02-15 14:37:24,374 - INFO - Round 100/1000
2026-02-15 14:37:24,656 - INFO -   Silhouette: 0.2006 | School ROC: 0.6568 F1: 0.6054 | Project ROC: 0.5673 F1: 0.2500 
2026-02-15 14:37:24,656 - INFO - Round 101/1000
2026-02-15 14:37:24,926 - INFO -   Silhouette: 0.2248 | School ROC: 0.6252 F1: 0.6044 | Project ROC: 0.5748 F1: 0.2376 
2026-02-15 14:37:24,927 - INFO - Round 102/1000
2026-02-15 14:37:25,202 - INFO -   Silhouette: 0.2370 | School ROC: 0.6369 F1: 0.5896 | Project ROC: 0.5298 F1: 0.2083 
2026-02-15 14:37:25,203 - INFO - Round 103/1000
2026-02-15 14:37:25,450 - INFO -   Silhouette: 0.2476 | School ROC: 0.6152 F1: 0.5780 | Project ROC: 0.5533 F1: 0.2105 
2026-02-15 14:37:25,451 - INFO - Round 104/1000
2026-02-15 14:37:25,781 - INFO -   Silhouette: 0.2124 | School ROC: 0.6072 F1: 0.5650 | Project ROC: 0.5025 F1: 0.1748 
2026-02-15 14:37:25,782 - INFO - Round 105/1000
2026-02-15 14:37:26,026 - INFO -   Silhouette: 0.2431 | School ROC: 0.6553 F1: 0.6180 | Project ROC: 0.5643 F1: 0.2308 
2026-02-15 14:37:26,027 - INFO - Round 106/1000
2026-02-15 14:37:26,395 - INFO -   Silhouette: 0.2754 | School ROC: 0.6265 F1: 0.5746 | Project ROC: 0.5225 F1: 0.2222 
2026-02-15 14:37:26,395 - INFO - Round 107/1000
2026-02-15 14:37:26,663 - INFO -   Silhouette: 0.2662 | School ROC: 0.5681 F1: 0.5668 | Project ROC: 0.4891 F1: 0.1980 
2026-02-15 14:37:26,663 - INFO - Round 108/1000
2026-02-15 14:37:26,938 - INFO -   Silhouette: 0.2466 | School ROC: 0.6291 F1: 0.6270 | Project ROC: 0.5725 F1: 0.2376 
2026-02-15 14:37:26,938 - INFO - Round 109/1000
2026-02-15 14:37:27,210 - INFO -   Silhouette: 0.2222 | School ROC: 0.6344 F1: 0.6222 | Project ROC: 0.5646 F1: 0.2281 
2026-02-15 14:37:27,210 - INFO - Round 110/1000
2026-02-15 14:37:27,491 - INFO -   Silhouette: 0.2245 | School ROC: 0.6485 F1: 0.5965 | Project ROC: 0.5833 F1: 0.2569 
2026-02-15 14:37:27,491 - INFO - Round 111/1000
2026-02-15 14:37:27,761 - INFO -   Silhouette: 0.3195 | School ROC: 0.5812 F1: 0.5537 | Project ROC: 0.4656 F1: 0.1835 
2026-02-15 14:37:27,762 - INFO - Round 112/1000
2026-02-15 14:37:27,989 - INFO -   Silhouette: 0.2256 | School ROC: 0.5985 F1: 0.5896 | Project ROC: 0.5684 F1: 0.1887 
2026-02-15 14:37:27,989 - INFO - Round 113/1000
2026-02-15 14:37:28,304 - INFO -   Silhouette: 0.2242 | School ROC: 0.6373 F1: 0.6044 | Project ROC: 0.5314 F1: 0.2333 
2026-02-15 14:37:28,305 - INFO - Round 114/1000
2026-02-15 14:37:28,561 - INFO -   Silhouette: 0.2495 | School ROC: 0.5764 F1: 0.6011 | Project ROC: 0.5266 F1: 0.2222 
2026-02-15 14:37:28,561 - INFO - Round 115/1000
2026-02-15 14:37:28,840 - INFO -   Silhouette: 0.1917 | School ROC: 0.6277 F1: 0.6064 | Project ROC: 0.5678 F1: 0.2593 
2026-02-15 14:37:28,840 - INFO - Round 116/1000
2026-02-15 14:37:29,113 - INFO -   Silhouette: 0.2854 | School ROC: 0.5849 F1: 0.5795 | Project ROC: 0.4338 F1: 0.1053 
2026-02-15 14:37:29,113 - INFO - Round 117/1000
2026-02-15 14:37:29,395 - INFO -   Silhouette: 0.2395 | School ROC: 0.6542 F1: 0.6127 | Project ROC: 0.5429 F1: 0.1923 
2026-02-15 14:37:29,395 - INFO - Round 118/1000
2026-02-15 14:37:29,699 - INFO -   Silhouette: 0.2606 | School ROC: 0.5614 F1: 0.5829 | Project ROC: 0.5422 F1: 0.1856 
2026-02-15 14:37:29,699 - INFO - Round 119/1000
2026-02-15 14:37:30,089 - INFO -   Silhouette: 0.2117 | School ROC: 0.6292 F1: 0.5789 | Project ROC: 0.4867 F1: 0.1818 
2026-02-15 14:37:30,090 - INFO - Round 120/1000
2026-02-15 14:37:30,315 - INFO -   Silhouette: 0.2570 | School ROC: 0.6095 F1: 0.6211 | Project ROC: 0.5266 F1: 0.2202 
2026-02-15 14:37:30,315 - INFO - Round 121/1000
2026-02-15 14:37:30,543 - INFO -   Silhouette: 0.2898 | School ROC: 0.5941 F1: 0.5843 | Project ROC: 0.5872 F1: 0.2708 
2026-02-15 14:37:30,543 - INFO - Round 122/1000
2026-02-15 14:37:30,943 - INFO -   Silhouette: 0.1926 | School ROC: 0.6071 F1: 0.5632 | Project ROC: 0.5064 F1: 0.2162 
2026-02-15 14:37:30,943 - INFO - Round 123/1000
2026-02-15 14:37:31,187 - INFO -   Silhouette: 0.1930 | School ROC: 0.6572 F1: 0.6047 | Project ROC: 0.5811 F1: 0.2424 
2026-02-15 14:37:31,187 - INFO - Round 124/1000
2026-02-15 14:37:31,472 - INFO -   Silhouette: 0.3154 | School ROC: 0.6204 F1: 0.6154 | Project ROC: 0.5944 F1: 0.2593 
2026-02-15 14:37:31,472 - INFO - Round 125/1000
2026-02-15 14:37:31,704 - INFO -   Silhouette: 0.2366 | School ROC: 0.6036 F1: 0.5537 | Project ROC: 0.5639 F1: 0.2524 
2026-02-15 14:37:31,704 - INFO - Round 126/1000
2026-02-15 14:37:31,970 - INFO -   Silhouette: 0.2548 | School ROC: 0.6117 F1: 0.5876 | Project ROC: 0.4961 F1: 0.2000 
2026-02-15 14:37:31,970 - INFO - Round 127/1000
2026-02-15 14:37:32,307 - INFO -   Silhouette: 0.2301 | School ROC: 0.6122 F1: 0.5714 | Project ROC: 0.4869 F1: 0.1930 
2026-02-15 14:37:32,308 - INFO - Round 128/1000
2026-02-15 14:37:32,572 - INFO -   Silhouette: 0.2177 | School ROC: 0.6135 F1: 0.5424 | Project ROC: 0.5108 F1: 0.1856 
2026-02-15 14:37:32,572 - INFO - Round 129/1000
2026-02-15 14:37:32,855 - INFO -   Silhouette: 0.2851 | School ROC: 0.6236 F1: 0.6023 | Project ROC: 0.4580 F1: 0.1636 
2026-02-15 14:37:32,855 - INFO - Round 130/1000
2026-02-15 14:37:33,069 - INFO -   Silhouette: 0.1758 | School ROC: 0.6162 F1: 0.5632 | Project ROC: 0.5894 F1: 0.2653 
2026-02-15 14:37:33,069 - INFO - Round 131/1000
2026-02-15 14:37:33,332 - INFO -   Silhouette: 0.3150 | School ROC: 0.6007 F1: 0.5806 | Project ROC: 0.4784 F1: 0.1651 
2026-02-15 14:37:33,333 - INFO - Round 132/1000
2026-02-15 14:37:33,570 - INFO -   Silhouette: 0.1930 | School ROC: 0.6012 F1: 0.5763 | Project ROC: 0.5460 F1: 0.2157 
2026-02-15 14:37:33,571 - INFO - Round 133/1000
2026-02-15 14:37:33,862 - INFO -   Silhouette: 0.2169 | School ROC: 0.5836 F1: 0.5556 | Project ROC: 0.5274 F1: 0.2286 
2026-02-15 14:37:33,862 - INFO - Round 134/1000
2026-02-15 14:37:34,106 - INFO -   Silhouette: 0.2131 | School ROC: 0.6228 F1: 0.5914 | Project ROC: 0.5554 F1: 0.2500 
2026-02-15 14:37:34,106 - INFO - Round 135/1000
2026-02-15 14:37:34,491 - INFO -   Silhouette: 0.2013 | School ROC: 0.6431 F1: 0.5833 | Project ROC: 0.6071 F1: 0.2745 
2026-02-15 14:37:34,492 - INFO - Round 136/1000
2026-02-15 14:37:34,752 - INFO -   Silhouette: 0.2776 | School ROC: 0.6025 F1: 0.5434 | Project ROC: 0.4816 F1: 0.1584 
2026-02-15 14:37:34,752 - INFO - Round 137/1000
2026-02-15 14:37:34,997 - INFO -   Silhouette: 0.2086 | School ROC: 0.6047 F1: 0.5810 | Project ROC: 0.5616 F1: 0.2281 
2026-02-15 14:37:34,998 - INFO - Round 138/1000
2026-02-15 14:37:35,252 - INFO -   Silhouette: 0.2748 | School ROC: 0.6245 F1: 0.6129 | Project ROC: 0.5283 F1: 0.2342 
2026-02-15 14:37:35,253 - INFO - Round 139/1000
2026-02-15 14:37:35,551 - INFO -   Silhouette: 0.1851 | School ROC: 0.6223 F1: 0.5967 | Project ROC: 0.5506 F1: 0.1942 
2026-02-15 14:37:35,551 - INFO - Round 140/1000
2026-02-15 14:37:35,790 - INFO -   Silhouette: 0.2653 | School ROC: 0.6557 F1: 0.6000 | Project ROC: 0.4918 F1: 0.2500 
2026-02-15 14:37:35,790 - INFO - Round 141/1000
2026-02-15 14:37:36,037 - INFO -   Silhouette: 0.2506 | School ROC: 0.6646 F1: 0.6222 | Project ROC: 0.5706 F1: 0.2407 
2026-02-15 14:37:36,037 - INFO - Round 142/1000
2026-02-15 14:37:36,314 - INFO -   Silhouette: 0.2224 | School ROC: 0.5892 F1: 0.5824 | Project ROC: 0.5070 F1: 0.2400 
2026-02-15 14:37:36,315 - INFO - Round 143/1000
2026-02-15 14:37:36,560 - INFO -   Silhouette: 0.2280 | School ROC: 0.6163 F1: 0.5856 | Project ROC: 0.5239 F1: 0.2162 
2026-02-15 14:37:36,560 - INFO - Round 144/1000
2026-02-15 14:37:36,823 - INFO -   Silhouette: 0.2277 | School ROC: 0.6280 F1: 0.5780 | Project ROC: 0.5605 F1: 0.2308 
2026-02-15 14:37:36,823 - INFO - Round 145/1000
2026-02-15 14:37:37,098 - INFO -   Silhouette: 0.2011 | School ROC: 0.5615 F1: 0.5635 | Project ROC: 0.5282 F1: 0.1980 
2026-02-15 14:37:37,099 - INFO - Round 146/1000
2026-02-15 14:37:37,345 - INFO -   Silhouette: 0.1985 | School ROC: 0.5980 F1: 0.5843 | Project ROC: 0.5821 F1: 0.2549 
2026-02-15 14:37:37,346 - INFO - Round 147/1000
2026-02-15 14:37:37,621 - INFO -   Silhouette: 0.2535 | School ROC: 0.6183 F1: 0.6243 | Project ROC: 0.5619 F1: 0.2385 
2026-02-15 14:37:37,622 - INFO - Round 148/1000
2026-02-15 14:37:37,883 - INFO -   Silhouette: 0.2009 | School ROC: 0.6357 F1: 0.6196 | Project ROC: 0.5553 F1: 0.2524 
2026-02-15 14:37:37,884 - INFO - Round 149/1000
2026-02-15 14:37:38,111 - INFO -   Silhouette: 0.2281 | School ROC: 0.6236 F1: 0.5647 | Project ROC: 0.5372 F1: 0.2105 
2026-02-15 14:37:38,112 - INFO - Round 150/1000
2026-02-15 14:37:38,346 - INFO -   Silhouette: 0.2378 | School ROC: 0.5742 F1: 0.5455 | Project ROC: 0.4993 F1: 0.1782 
2026-02-15 14:37:38,347 - INFO - Round 151/1000
2026-02-15 14:37:38,725 - INFO -   Silhouette: 0.2208 | School ROC: 0.6535 F1: 0.6489 | Project ROC: 0.5505 F1: 0.1754 
2026-02-15 14:37:38,726 - INFO - Round 152/1000
2026-02-15 14:37:38,968 - INFO -   Silhouette: 0.2148 | School ROC: 0.5977 F1: 0.5635 | Project ROC: 0.5118 F1: 0.1935 
2026-02-15 14:37:38,969 - INFO - Round 153/1000
2026-02-15 14:37:39,338 - INFO -   Silhouette: 0.3023 | School ROC: 0.6067 F1: 0.5778 | Project ROC: 0.5134 F1: 0.2400 
2026-02-15 14:37:39,338 - INFO - Round 154/1000
2026-02-15 14:37:39,629 - INFO -   Silhouette: 0.2453 | School ROC: 0.6112 F1: 0.5934 | Project ROC: 0.5676 F1: 0.2549 
2026-02-15 14:37:39,629 - INFO - Round 155/1000
2026-02-15 14:37:39,812 - INFO -   Silhouette: 0.2297 | School ROC: 0.6188 F1: 0.5946 | Project ROC: 0.5530 F1: 0.2549 
2026-02-15 14:37:39,812 - INFO - Round 156/1000
2026-02-15 14:37:40,063 - INFO -   Silhouette: 0.2148 | School ROC: 0.6690 F1: 0.6364 | Project ROC: 0.5991 F1: 0.2667 ✓
2026-02-15 14:37:40,114 - INFO - Results saved to /home/dev/work_main/random/assesment/k_means_selected/gemma3-12B_cv_evo_results.json
2026-02-15 14:37:40,118 - INFO - Round 157/1000
2026-02-15 14:37:40,345 - INFO -   Silhouette: 0.2727 | School ROC: 0.6216 F1: 0.6096 | Project ROC: 0.5730 F1: 0.2453 
2026-02-15 14:37:40,346 - INFO - Round 158/1000
2026-02-15 14:37:40,613 - INFO -   Silhouette: 0.2261 | School ROC: 0.6341 F1: 0.6077 | Project ROC: 0.4990 F1: 0.1524 
2026-02-15 14:37:40,614 - INFO - Round 159/1000
2026-02-15 14:37:41,035 - INFO -   Silhouette: 0.2356 | School ROC: 0.5463 F1: 0.5198 | Project ROC: 0.4832 F1: 0.1443 
2026-02-15 14:37:41,035 - INFO - Round 160/1000
2026-02-15 14:37:41,253 - INFO -   Silhouette: 0.2404 | School ROC: 0.6152 F1: 0.5978 | Project ROC: 0.5416 F1: 0.2115 
2026-02-15 14:37:41,253 - INFO - Round 161/1000
2026-02-15 14:37:41,502 - INFO -   Silhouette: 0.2737 | School ROC: 0.6386 F1: 0.6383 | Project ROC: 0.5086 F1: 0.1651 
2026-02-15 14:37:41,503 - INFO - Round 162/1000
2026-02-15 14:37:41,747 - INFO -   Silhouette: 0.1810 | School ROC: 0.6918 F1: 0.6102 | Project ROC: 0.5433 F1: 0.2353 
2026-02-15 14:37:41,747 - INFO - Round 163/1000
2026-02-15 14:37:42,059 - INFO -   Silhouette: 0.2766 | School ROC: 0.6064 F1: 0.5829 | Project ROC: 0.5201 F1: 0.1982 
2026-02-15 14:37:42,059 - INFO - Round 164/1000
2026-02-15 14:37:42,286 - INFO -   Silhouette: 0.2073 | School ROC: 0.5821 F1: 0.5614 | Project ROC: 0.5905 F1: 0.2500 
2026-02-15 14:37:42,286 - INFO - Round 165/1000
2026-02-15 14:37:42,601 - INFO -   Silhouette: 0.2143 | School ROC: 0.6479 F1: 0.6215 | Project ROC: 0.5563 F1: 0.2308 
2026-02-15 14:37:42,602 - INFO - Round 166/1000
2026-02-15 14:37:42,854 - INFO -   Silhouette: 0.1872 | School ROC: 0.6229 F1: 0.5444 | Project ROC: 0.6469 F1: 0.3077 ✓
2026-02-15 14:37:42,887 - INFO - Results saved to /home/dev/work_main/random/assesment/k_means_selected/gemma3-12B_cv_evo_results.json
2026-02-15 14:37:42,887 - INFO - Round 167/1000
2026-02-15 14:37:43,203 - INFO -   Silhouette: 0.1731 | School ROC: 0.6317 F1: 0.5731 | Project ROC: 0.5728 F1: 0.2281 
2026-02-15 14:37:43,203 - INFO - Round 168/1000
2026-02-15 14:37:43,564 - INFO -   Silhouette: 0.2555 | School ROC: 0.5891 F1: 0.5914 | Project ROC: 0.5708 F1: 0.2364 
2026-02-15 14:37:43,564 - INFO - Round 169/1000
2026-02-15 14:37:43,891 - INFO -   Silhouette: 0.2233 | School ROC: 0.6085 F1: 0.5926 | Project ROC: 0.4875 F1: 0.2222 
2026-02-15 14:37:43,891 - INFO - Round 170/1000
2026-02-15 14:37:44,158 - INFO -   Silhouette: 0.2881 | School ROC: 0.5980 F1: 0.5604 | Project ROC: 0.5133 F1: 0.1980 
2026-02-15 14:37:44,158 - INFO - Round 171/1000
2026-02-15 14:37:44,422 - INFO -   Silhouette: 0.2190 | School ROC: 0.6539 F1: 0.6057 | Project ROC: 0.5826 F1: 0.2301 
2026-02-15 14:37:44,422 - INFO - Round 172/1000
2026-02-15 14:37:44,748 - INFO -   Silhouette: 0.2137 | School ROC: 0.6094 F1: 0.5978 | Project ROC: 0.5486 F1: 0.2115 
2026-02-15 14:37:44,749 - INFO - Round 173/1000
2026-02-15 14:37:45,021 - INFO -   Silhouette: 0.2122 | School ROC: 0.6641 F1: 0.5967 | Project ROC: 0.5312 F1: 0.2062 
2026-02-15 14:37:45,021 - INFO - Round 174/1000
2026-02-15 14:37:45,494 - INFO -   Silhouette: 0.2178 | School ROC: 0.5416 F1: 0.5574 | Project ROC: 0.4991 F1: 0.2037 
2026-02-15 14:37:45,494 - INFO - Round 175/1000
2026-02-15 14:37:45,749 - INFO -   Silhouette: 0.1986 | School ROC: 0.6390 F1: 0.5989 | Project ROC: 0.5680 F1: 0.2424 
2026-02-15 14:37:45,749 - INFO - Round 176/1000
2026-02-15 14:37:45,968 - INFO -   Silhouette: 0.2497 | School ROC: 0.5917 F1: 0.5682 | Project ROC: 0.5760 F1: 0.2500 
2026-02-15 14:37:45,969 - INFO - Round 177/1000
2026-02-15 14:37:46,259 - INFO -   Silhouette: 0.2630 | School ROC: 0.6061 F1: 0.5730 | Project ROC: 0.5477 F1: 0.2136 
2026-02-15 14:37:46,260 - INFO - Round 178/1000
2026-02-15 14:37:46,511 - INFO -   Silhouette: 0.2106 | School ROC: 0.6211 F1: 0.6087 | Project ROC: 0.5715 F1: 0.2264 
2026-02-15 14:37:46,511 - INFO - Round 179/1000
2026-02-15 14:37:46,797 - INFO -   Silhouette: 0.1943 | School ROC: 0.6738 F1: 0.6077 | Project ROC: 0.5391 F1: 0.2124 
2026-02-15 14:37:46,797 - INFO - Round 180/1000
2026-02-15 14:37:47,142 - INFO -   Silhouette: 0.2385 | School ROC: 0.6652 F1: 0.6364 | Project ROC: 0.5832 F1: 0.2523 
2026-02-15 14:37:47,143 - INFO - Round 181/1000
2026-02-15 14:37:47,360 - INFO -   Silhouette: 0.2576 | School ROC: 0.6471 F1: 0.6277 | Project ROC: 0.4910 F1: 0.2000 
2026-02-15 14:37:47,360 - INFO - Round 182/1000
2026-02-15 14:37:47,657 - INFO -   Silhouette: 0.2928 | School ROC: 0.6128 F1: 0.5955 | Project ROC: 0.4751 F1: 0.2037 
2026-02-15 14:37:47,658 - INFO - Round 183/1000
2026-02-15 14:37:47,885 - INFO -   Silhouette: 0.2195 | School ROC: 0.6236 F1: 0.5698 | Project ROC: 0.5547 F1: 0.2642 
2026-02-15 14:37:47,885 - INFO - Round 184/1000
2026-02-15 14:37:48,189 - INFO -   Silhouette: 0.2092 | School ROC: 0.6090 F1: 0.5829 | Project ROC: 0.5051 F1: 0.2018 
2026-02-15 14:37:48,189 - INFO - Round 185/1000
2026-02-15 14:37:48,550 - INFO -   Silhouette: 0.2698 | School ROC: 0.6066 F1: 0.5537 | Project ROC: 0.5120 F1: 0.1964 
2026-02-15 14:37:48,550 - INFO - Round 186/1000
2026-02-15 14:37:48,827 - INFO -   Silhouette: 0.2305 | School ROC: 0.5900 F1: 0.5682 | Project ROC: 0.5374 F1: 0.2292 
2026-02-15 14:37:48,827 - INFO - Round 187/1000
2026-02-15 14:37:49,150 - INFO -   Silhouette: 0.2384 | School ROC: 0.5856 F1: 0.5600 | Project ROC: 0.5334 F1: 0.2178 
2026-02-15 14:37:49,151 - INFO - Round 188/1000
2026-02-15 14:37:49,423 - INFO -   Silhouette: 0.1949 | School ROC: 0.6036 F1: 0.5810 | Project ROC: 0.5374 F1: 0.2157 
2026-02-15 14:37:49,424 - INFO - Round 189/1000
2026-02-15 14:37:49,735 - INFO -   Silhouette: 0.2296 | School ROC: 0.6448 F1: 0.6333 | Project ROC: 0.5980 F1: 0.2353 
2026-02-15 14:37:49,735 - INFO - Round 190/1000
2026-02-15 14:37:50,047 - INFO -   Silhouette: 0.2100 | School ROC: 0.6443 F1: 0.5896 | Project ROC: 0.5734 F1: 0.2435 
2026-02-15 14:37:50,047 - INFO - Round 191/1000
2026-02-15 14:37:50,334 - INFO -   Silhouette: 0.2258 | School ROC: 0.6384 F1: 0.6270 | Project ROC: 0.5626 F1: 0.2281 
2026-02-15 14:37:50,334 - INFO - Round 192/1000
2026-02-15 14:37:50,598 - INFO -   Silhouette: 0.2484 | School ROC: 0.6049 F1: 0.5792 | Project ROC: 0.5261 F1: 0.2000 
2026-02-15 14:37:50,599 - INFO - Round 193/1000
2026-02-15 14:37:50,837 - INFO -   Silhouette: 0.2507 | School ROC: 0.5713 F1: 0.5730 | Project ROC: 0.5416 F1: 0.2342 
2026-02-15 14:37:50,838 - INFO - Round 194/1000
2026-02-15 14:37:51,114 - INFO -   Silhouette: 0.2217 | School ROC: 0.5804 F1: 0.5946 | Project ROC: 0.5471 F1: 0.2342 
2026-02-15 14:37:51,114 - INFO - Round 195/1000
2026-02-15 14:37:51,414 - INFO -   Silhouette: 0.2358 | School ROC: 0.6166 F1: 0.6044 | Project ROC: 0.5266 F1: 0.2222 
2026-02-15 14:37:51,414 - INFO - Round 196/1000
2026-02-15 14:37:51,666 - INFO -   Silhouette: 0.2363 | School ROC: 0.6241 F1: 0.5549 | Project ROC: 0.4917 F1: 0.1964 
2026-02-15 14:37:51,666 - INFO - Round 197/1000
2026-02-15 14:37:51,913 - INFO -   Silhouette: 0.2416 | School ROC: 0.6434 F1: 0.6264 | Project ROC: 0.4739 F1: 0.1636 
2026-02-15 14:37:51,913 - INFO - Round 198/1000
2026-02-15 14:37:52,181 - INFO -   Silhouette: 0.2330 | School ROC: 0.5981 F1: 0.5698 | Project ROC: 0.5512 F1: 0.2340 
2026-02-15 14:37:52,182 - INFO - Round 199/1000
2026-02-15 14:37:52,478 - INFO -   Silhouette: 0.3083 | School ROC: 0.6252 F1: 0.5934 | Project ROC: 0.5461 F1: 0.2500 
2026-02-15 14:37:52,479 - INFO - Round 200/1000
2026-02-15 14:37:52,721 - INFO -   Silhouette: 0.1908 | School ROC: 0.6155 F1: 0.5922 | Project ROC: 0.5299 F1: 0.2115 
2026-02-15 14:37:52,721 - INFO - Round 201/1000
2026-02-15 14:37:52,986 - INFO -   Silhouette: 0.2585 | School ROC: 0.6341 F1: 0.6054 | Project ROC: 0.5244 F1: 0.2430 
2026-02-15 14:37:52,986 - INFO - Round 202/1000
2026-02-15 14:37:53,305 - INFO -   Silhouette: 0.2288 | School ROC: 0.6227 F1: 0.5909 | Project ROC: 0.5181 F1: 0.2157 
2026-02-15 14:37:53,306 - INFO - Round 203/1000
2026-02-15 14:37:53,605 - INFO -   Silhouette: 0.2645 | School ROC: 0.6004 F1: 0.5414 | Project ROC: 0.5210 F1: 0.2202 
2026-02-15 14:37:53,605 - INFO - Round 204/1000
2026-02-15 14:37:53,865 - INFO -   Silhouette: 0.2033 | School ROC: 0.5947 F1: 0.5476 | Project ROC: 0.5715 F1: 0.2545 
2026-02-15 14:37:53,866 - INFO - Round 205/1000
2026-02-15 14:37:54,124 - INFO -   Silhouette: 0.2254 | School ROC: 0.5960 F1: 0.5763 | Project ROC: 0.4955 F1: 0.1748 
2026-02-15 14:37:54,125 - INFO - Round 206/1000
2026-02-15 14:37:54,484 - INFO -   Silhouette: 0.2454 | School ROC: 0.6518 F1: 0.6237 | Project ROC: 0.5347 F1: 0.2124 
2026-02-15 14:37:54,484 - INFO - Round 207/1000
2026-02-15 14:37:54,818 - INFO -   Silhouette: 0.2212 | School ROC: 0.6482 F1: 0.5922 | Project ROC: 0.5563 F1: 0.2308 
2026-02-15 14:37:54,818 - INFO - Round 208/1000
2026-02-15 14:37:55,067 - INFO -   Silhouette: 0.2340 | School ROC: 0.5847 F1: 0.5574 | Project ROC: 0.4705 F1: 0.1818 
2026-02-15 14:37:55,067 - INFO - Round 209/1000
2026-02-15 14:37:55,358 - INFO -   Silhouette: 0.2161 | School ROC: 0.6163 F1: 0.5810 | Project ROC: 0.5622 F1: 0.2353 
2026-02-15 14:37:55,359 - INFO - Round 210/1000
2026-02-15 14:37:55,652 - INFO -   Silhouette: 0.2002 | School ROC: 0.6421 F1: 0.6032 | Project ROC: 0.5566 F1: 0.2456 
2026-02-15 14:37:55,653 - INFO - Round 211/1000
2026-02-15 14:37:55,971 - INFO -   Silhouette: 0.2623 | School ROC: 0.6047 F1: 0.6170 | Project ROC: 0.5266 F1: 0.2037 
2026-02-15 14:37:55,972 - INFO - Round 212/1000
2026-02-15 14:37:56,334 - INFO -   Silhouette: 0.2020 | School ROC: 0.5903 F1: 0.5562 | Project ROC: 0.5553 F1: 0.1860 
2026-02-15 14:37:56,334 - INFO - Round 213/1000
2026-02-15 14:37:56,647 - INFO -   Silhouette: 0.2080 | School ROC: 0.6548 F1: 0.6630 | Project ROC: 0.5538 F1: 0.2569 ✓
2026-02-15 14:37:56,724 - INFO - Results saved to /home/dev/work_main/random/assesment/k_means_selected/gemma3-12B_cv_evo_results.json
2026-02-15 14:37:56,724 - INFO - Round 214/1000
2026-02-15 14:37:56,922 - INFO -   Silhouette: 0.2056 | School ROC: 0.6175 F1: 0.6162 | Project ROC: 0.5800 F1: 0.2407 
2026-02-15 14:37:56,923 - INFO - Round 215/1000
2026-02-15 14:37:57,201 - INFO -   Silhouette: 0.2279 | School ROC: 0.6072 F1: 0.6120 | Project ROC: 0.5486 F1: 0.2178 
2026-02-15 14:37:57,202 - INFO - Round 216/1000
2026-02-15 14:37:57,433 - INFO -   Silhouette: 0.1903 | School ROC: 0.5960 F1: 0.5318 | Project ROC: 0.6145 F1: 0.2574 
2026-02-15 14:37:57,434 - INFO - Round 217/1000
2026-02-15 14:37:57,824 - INFO -   Silhouette: 0.2397 | School ROC: 0.5918 F1: 0.5304 | Project ROC: 0.4717 F1: 0.1698 
2026-02-15 14:37:57,825 - INFO - Round 218/1000
2026-02-15 14:37:58,125 - INFO -   Silhouette: 0.2233 | School ROC: 0.6192 F1: 0.5876 | Project ROC: 0.5550 F1: 0.1856 
2026-02-15 14:37:58,126 - INFO - Round 219/1000
2026-02-15 14:37:58,488 - INFO -   Silhouette: 0.2246 | School ROC: 0.5868 F1: 0.5682 | Project ROC: 0.5130 F1: 0.2157 
2026-02-15 14:37:58,488 - INFO - Round 220/1000
2026-02-15 14:37:58,733 - INFO -   Silhouette: 0.2825 | School ROC: 0.6305 F1: 0.6452 | Project ROC: 0.5372 F1: 0.2321 
2026-02-15 14:37:58,734 - INFO - Round 221/1000
2026-02-15 14:37:59,246 - INFO -   Silhouette: 0.2604 | School ROC: 0.6340 F1: 0.6170 | Project ROC: 0.5765 F1: 0.2456 
2026-02-15 14:37:59,246 - INFO - Round 222/1000
2026-02-15 14:37:59,518 - INFO -   Silhouette: 0.2257 | School ROC: 0.6429 F1: 0.6129 | Project ROC: 0.5228 F1: 0.1930 
2026-02-15 14:37:59,518 - INFO - Round 223/1000
2026-02-15 14:37:59,802 - INFO -   Silhouette: 0.2485 | School ROC: 0.6401 F1: 0.5934 | Project ROC: 0.5448 F1: 0.2222 
2026-02-15 14:37:59,802 - INFO - Round 224/1000
2026-02-15 14:38:00,178 - INFO -   Silhouette: 0.2731 | School ROC: 0.6028 F1: 0.5556 | Project ROC: 0.5223 F1: 0.2095 
2026-02-15 14:38:00,179 - INFO - Round 225/1000
2026-02-15 14:38:00,413 - INFO -   Silhouette: 0.2263 | School ROC: 0.6147 F1: 0.6067 | Project ROC: 0.4964 F1: 0.1913 
2026-02-15 14:38:00,414 - INFO - Round 226/1000
2026-02-15 14:38:00,697 - INFO -   Silhouette: 0.3196 | School ROC: 0.5647 F1: 0.5257 | Project ROC: 0.4895 F1: 0.1800 
2026-02-15 14:38:00,698 - INFO - Round 227/1000
2026-02-15 14:38:01,155 - INFO -   Silhouette: 0.2906 | School ROC: 0.5973 F1: 0.5635 | Project ROC: 0.5566 F1: 0.2430 
2026-02-15 14:38:01,155 - INFO - Round 228/1000
2026-02-15 14:38:01,414 - INFO -   Silhouette: 0.2395 | School ROC: 0.6297 F1: 0.5955 | Project ROC: 0.4856 F1: 0.1731 
2026-02-15 14:38:01,414 - INFO - Round 229/1000
2026-02-15 14:38:01,681 - INFO -   Silhouette: 0.2654 | School ROC: 0.6141 F1: 0.5978 | Project ROC: 0.5661 F1: 0.2407 
2026-02-15 14:38:01,681 - INFO - Round 230/1000
2026-02-15 14:38:01,918 - INFO -   Silhouette: 0.2200 | School ROC: 0.6290 F1: 0.5650 | Project ROC: 0.5527 F1: 0.2136 
2026-02-15 14:38:01,919 - INFO - Round 231/1000
2026-02-15 14:38:02,186 - INFO -   Silhouette: 0.2885 | School ROC: 0.6139 F1: 0.5635 | Project ROC: 0.4788 F1: 0.1754 
2026-02-15 14:38:02,186 - INFO - Round 232/1000
2026-02-15 14:38:02,493 - INFO -   Silhouette: 0.2680 | School ROC: 0.5877 F1: 0.5902 | Project ROC: 0.5058 F1: 0.1942 
2026-02-15 14:38:02,494 - INFO - Round 233/1000
2026-02-15 14:38:02,874 - INFO -   Silhouette: 0.2475 | School ROC: 0.6384 F1: 0.5806 | Project ROC: 0.4930 F1: 0.2000 
2026-02-15 14:38:02,875 - INFO - Round 234/1000
2026-02-15 14:38:03,125 - INFO -   Silhouette: 0.1908 | School ROC: 0.6045 F1: 0.5989 | Project ROC: 0.5674 F1: 0.2772 
2026-02-15 14:38:03,125 - INFO - Round 235/1000
2026-02-15 14:38:03,410 - INFO -   Silhouette: 0.2124 | School ROC: 0.6015 F1: 0.5856 | Project ROC: 0.4533 F1: 0.1400 
2026-02-15 14:38:03,410 - INFO - Round 236/1000
2026-02-15 14:38:03,665 - INFO -   Silhouette: 0.2678 | School ROC: 0.6065 F1: 0.5824 | Project ROC: 0.4972 F1: 0.1786 
2026-02-15 14:38:03,666 - INFO - Round 237/1000
2026-02-15 14:38:03,955 - INFO -   Silhouette: 0.2905 | School ROC: 0.5955 F1: 0.5730 | Project ROC: 0.5207 F1: 0.2115 
2026-02-15 14:38:03,955 - INFO - Round 238/1000
2026-02-15 14:38:04,210 - INFO -   Silhouette: 0.3020 | School ROC: 0.6045 F1: 0.6270 | Project ROC: 0.5614 F1: 0.2202 
2026-02-15 14:38:04,211 - INFO - Round 239/1000
2026-02-15 14:38:04,477 - INFO -   Silhouette: 0.2748 | School ROC: 0.6167 F1: 0.5746 | Project ROC: 0.5216 F1: 0.2056 
2026-02-15 14:38:04,478 - INFO - Round 240/1000
2026-02-15 14:38:04,765 - INFO -   Silhouette: 0.2248 | School ROC: 0.6029 F1: 0.5969 | Project ROC: 0.4965 F1: 0.2143 
2026-02-15 14:38:04,765 - INFO - Round 241/1000
2026-02-15 14:38:05,277 - INFO -   Silhouette: 0.2390 | School ROC: 0.6119 F1: 0.5967 | Project ROC: 0.6001 F1: 0.2424 
2026-02-15 14:38:05,277 - INFO - Round 242/1000
2026-02-15 14:38:05,644 - INFO -   Silhouette: 0.1934 | School ROC: 0.6766 F1: 0.6358 | Project ROC: 0.5684 F1: 0.2655 
2026-02-15 14:38:05,644 - INFO - Round 243/1000
2026-02-15 14:38:05,915 - INFO -   Silhouette: 0.2217 | School ROC: 0.6002 F1: 0.5543 | Project ROC: 0.5178 F1: 0.2075 
2026-02-15 14:38:05,915 - INFO - Round 244/1000
2026-02-15 14:38:06,238 - INFO -   Silhouette: 0.2254 | School ROC: 0.6316 F1: 0.6162 | Project ROC: 0.5360 F1: 0.2143 
2026-02-15 14:38:06,238 - INFO - Round 245/1000
2026-02-15 14:38:06,512 - INFO -   Silhouette: 0.1849 | School ROC: 0.6392 F1: 0.6096 | Project ROC: 0.5131 F1: 0.2301 
2026-02-15 14:38:06,513 - INFO - Round 246/1000
2026-02-15 14:38:06,781 - INFO -   Silhouette: 0.1996 | School ROC: 0.5890 F1: 0.5955 | Project ROC: 0.5481 F1: 0.2330 
2026-02-15 14:38:06,781 - INFO - Round 247/1000
2026-02-15 14:38:07,098 - INFO -   Silhouette: 0.2577 | School ROC: 0.6009 F1: 0.5595 | Project ROC: 0.5071 F1: 0.2056 
2026-02-15 14:38:07,110 - INFO - Round 248/1000
2026-02-15 14:38:07,473 - INFO -   Silhouette: 0.2023 | School ROC: 0.6916 F1: 0.6448 | Project ROC: 0.5158 F1: 0.2162 
2026-02-15 14:38:07,474 - INFO - Round 249/1000
2026-02-15 14:38:07,705 - INFO -   Silhouette: 0.2384 | School ROC: 0.5796 F1: 0.5914 | Project ROC: 0.5158 F1: 0.2075 
2026-02-15 14:38:07,706 - INFO - Round 250/1000
2026-02-15 14:38:08,125 - INFO -   Silhouette: 0.1999 | School ROC: 0.5829 F1: 0.5412 | Project ROC: 0.5874 F1: 0.2178 
2026-02-15 14:38:08,125 - INFO - Round 251/1000
2026-02-15 14:38:08,376 - INFO -   Silhouette: 0.2525 | School ROC: 0.6531 F1: 0.6129 | Project ROC: 0.5175 F1: 0.2301 
2026-02-15 14:38:08,377 - INFO - Round 252/1000
2026-02-15 14:38:08,738 - INFO -   Silhouette: 0.1752 | School ROC: 0.6038 F1: 0.5341 | Project ROC: 0.5487 F1: 0.2200 
2026-02-15 14:38:08,738 - INFO - Round 253/1000
2026-02-15 14:38:09,054 - INFO -   Silhouette: 0.2433 | School ROC: 0.6176 F1: 0.5761 | Project ROC: 0.5055 F1: 0.2037 
2026-02-15 14:38:09,054 - INFO - Round 254/1000
2026-02-15 14:38:09,286 - INFO -   Silhouette: 0.2369 | School ROC: 0.5899 F1: 0.5792 | Project ROC: 0.5191 F1: 0.2245 
2026-02-15 14:38:09,287 - INFO - Round 255/1000
2026-02-15 14:38:09,582 - INFO -   Silhouette: 0.2229 | School ROC: 0.5892 F1: 0.5537 | Project ROC: 0.5603 F1: 0.2041 
2026-02-15 14:38:09,583 - INFO - Round 256/1000
2026-02-15 14:38:09,878 - INFO -   Silhouette: 0.2213 | School ROC: 0.5769 F1: 0.5882 | Project ROC: 0.5534 F1: 0.2222 
2026-02-15 14:38:09,879 - INFO - Round 257/1000
2026-02-15 14:38:10,136 - INFO -   Silhouette: 0.2235 | School ROC: 0.6141 F1: 0.6304 | Project ROC: 0.5451 F1: 0.1935 
2026-02-15 14:38:10,136 - INFO - Round 258/1000
2026-02-15 14:38:10,369 - INFO -   Silhouette: 0.2155 | School ROC: 0.5841 F1: 0.5789 | Project ROC: 0.4937 F1: 0.1852 
2026-02-15 14:38:10,369 - INFO - Round 259/1000
2026-02-15 14:38:10,673 - INFO -   Silhouette: 0.2478 | School ROC: 0.6651 F1: 0.6178 | Project ROC: 0.5511 F1: 0.2364 
2026-02-15 14:38:10,674 - INFO - Round 260/1000
2026-02-15 14:38:10,908 - INFO -   Silhouette: 0.1928 | School ROC: 0.6522 F1: 0.6136 | Project ROC: 0.5503 F1: 0.2407 
2026-02-15 14:38:10,909 - INFO - Round 261/1000
2026-02-15 14:38:11,194 - INFO -   Silhouette: 0.2477 | School ROC: 0.6442 F1: 0.6087 | Project ROC: 0.5187 F1: 0.2018 
2026-02-15 14:38:11,194 - INFO - Round 262/1000
2026-02-15 14:38:11,461 - INFO -   Silhouette: 0.1785 | School ROC: 0.6524 F1: 0.6304 | Project ROC: 0.5357 F1: 0.2353 
2026-02-15 14:38:11,461 - INFO - Round 263/1000
2026-02-15 14:38:11,727 - INFO -   Silhouette: 0.2647 | School ROC: 0.6330 F1: 0.6526 | Project ROC: 0.5279 F1: 0.2075 
2026-02-15 14:38:11,727 - INFO - Round 264/1000
2026-02-15 14:38:12,154 - INFO -   Silhouette: 0.2052 | School ROC: 0.5954 F1: 0.6064 | Project ROC: 0.6034 F1: 0.2804 
2026-02-15 14:38:12,154 - INFO - Round 265/1000
2026-02-15 14:38:12,438 - INFO -   Silhouette: 0.2619 | School ROC: 0.6338 F1: 0.5792 | Project ROC: 0.5108 F1: 0.1835 
2026-02-15 14:38:12,438 - INFO - Round 266/1000
2026-02-15 14:38:12,744 - INFO -   Silhouette: 0.2085 | School ROC: 0.6243 F1: 0.5792 | Project ROC: 0.5479 F1: 0.2264 
2026-02-15 14:38:12,744 - INFO - Round 267/1000
2026-02-15 14:38:12,986 - INFO -   Silhouette: 0.2202 | School ROC: 0.6422 F1: 0.5882 | Project ROC: 0.4907 F1: 0.1800 
2026-02-15 14:38:12,986 - INFO - Round 268/1000
2026-02-15 14:38:13,277 - INFO -   Silhouette: 0.2364 | School ROC: 0.5612 F1: 0.5000 | Project ROC: 0.5320 F1: 0.2308 
2026-02-15 14:38:13,278 - INFO - Round 269/1000
2026-02-15 14:38:13,505 - INFO -   Silhouette: 0.1926 | School ROC: 0.5526 F1: 0.5486 | Project ROC: 0.4755 F1: 0.1524 
2026-02-15 14:38:13,505 - INFO - Round 270/1000
2026-02-15 14:38:13,763 - INFO -   Silhouette: 0.2201 | School ROC: 0.6414 F1: 0.5989 | Project ROC: 0.5568 F1: 0.2385 
2026-02-15 14:38:13,763 - INFO - Round 271/1000
2026-02-15 14:38:14,042 - INFO -   Silhouette: 0.2191 | School ROC: 0.6213 F1: 0.5698 | Project ROC: 0.5893 F1: 0.2642 
2026-02-15 14:38:14,043 - INFO - Round 272/1000
2026-02-15 14:38:14,380 - INFO -   Silhouette: 0.2218 | School ROC: 0.6116 F1: 0.6067 | Project ROC: 0.5123 F1: 0.1947 
2026-02-15 14:38:14,380 - INFO - Round 273/1000
2026-02-15 14:38:14,709 - INFO -   Silhouette: 0.2298 | School ROC: 0.5792 F1: 0.5763 | Project ROC: 0.5169 F1: 0.2018 
2026-02-15 14:38:14,709 - INFO - Round 274/1000
2026-02-15 14:38:15,017 - INFO -   Silhouette: 0.2502 | School ROC: 0.5993 F1: 0.5789 | Project ROC: 0.4832 F1: 0.1818 
2026-02-15 14:38:15,017 - INFO - Round 275/1000
2026-02-15 14:38:15,262 - INFO -   Silhouette: 0.1880 | School ROC: 0.6532 F1: 0.6118 | Project ROC: 0.5136 F1: 0.2301 
2026-02-15 14:38:15,262 - INFO - Round 276/1000
2026-02-15 14:38:15,544 - INFO -   Silhouette: 0.2435 | School ROC: 0.6169 F1: 0.5876 | Project ROC: 0.5852 F1: 0.2286 
2026-02-15 14:38:15,545 - INFO - Round 277/1000
2026-02-15 14:38:15,832 - INFO -   Silhouette: 0.2162 | School ROC: 0.5499 F1: 0.5281 | Project ROC: 0.5442 F1: 0.2286 
2026-02-15 14:38:15,833 - INFO - Round 278/1000
2026-02-15 14:38:16,121 - INFO -   Silhouette: 0.2922 | School ROC: 0.6471 F1: 0.6136 | Project ROC: 0.5563 F1: 0.2385 
2026-02-15 14:38:16,121 - INFO - Round 279/1000
2026-02-15 14:38:16,404 - INFO -   Silhouette: 0.2647 | School ROC: 0.6296 F1: 0.5792 | Project ROC: 0.5368 F1: 0.2157 
2026-02-15 14:38:16,405 - INFO - Round 280/1000
2026-02-15 14:38:16,679 - INFO -   Silhouette: 0.2393 | School ROC: 0.6025 F1: 0.5810 | Project ROC: 0.4695 F1: 0.1818 
2026-02-15 14:38:16,679 - INFO - Round 281/1000
2026-02-15 14:38:16,917 - INFO -   Silhouette: 0.2975 | School ROC: 0.6239 F1: 0.5682 | Project ROC: 0.5928 F1: 0.2800 
2026-02-15 14:38:16,917 - INFO - Round 282/1000
2026-02-15 14:38:17,188 - INFO -   Silhouette: 0.2364 | School ROC: 0.6829 F1: 0.6369 | Project ROC: 0.5810 F1: 0.2752 
2026-02-15 14:38:17,189 - INFO - Round 283/1000
2026-02-15 14:38:17,450 - INFO -   Silhouette: 0.2279 | School ROC: 0.6164 F1: 0.5549 | Project ROC: 0.5413 F1: 0.2330 
2026-02-15 14:38:17,451 - INFO - Round 284/1000
2026-02-15 14:38:17,695 - INFO -   Silhouette: 0.2341 | School ROC: 0.6371 F1: 0.5989 | Project ROC: 0.5368 F1: 0.2162 
2026-02-15 14:38:17,695 - INFO - Round 285/1000
2026-02-15 14:38:17,963 - INFO -   Silhouette: 0.1848 | School ROC: 0.6286 F1: 0.6421 | Project ROC: 0.6015 F1: 0.2569 
2026-02-15 14:38:17,964 - INFO - Round 286/1000
2026-02-15 14:38:18,268 - INFO -   Silhouette: 0.2331 | School ROC: 0.6386 F1: 0.5922 | Project ROC: 0.5296 F1: 0.2200 
2026-02-15 14:38:18,268 - INFO - Round 287/1000
2026-02-15 14:38:18,511 - INFO -   Silhouette: 0.2469 | School ROC: 0.6388 F1: 0.6129 | Project ROC: 0.4807 F1: 0.1667 
2026-02-15 14:38:18,512 - INFO - Round 288/1000
2026-02-15 14:38:18,782 - INFO -   Silhouette: 0.2937 | School ROC: 0.6221 F1: 0.5824 | Project ROC: 0.5916 F1: 0.2524 
2026-02-15 14:38:18,782 - INFO - Round 289/1000
2026-02-15 14:38:19,048 - INFO -   Silhouette: 0.2184 | School ROC: 0.6154 F1: 0.5581 | Project ROC: 0.5182 F1: 0.1905 
2026-02-15 14:38:19,048 - INFO - Round 290/1000
2026-02-15 14:38:19,318 - INFO -   Silhouette: 0.2567 | School ROC: 0.5532 F1: 0.5525 | Project ROC: 0.5213 F1: 0.2430 
2026-02-15 14:38:19,319 - INFO - Round 291/1000
2026-02-15 14:38:19,574 - INFO -   Silhouette: 0.2133 | School ROC: 0.6212 F1: 0.6222 | Project ROC: 0.5804 F1: 0.2581 
2026-02-15 14:38:19,574 - INFO - Round 292/1000
2026-02-15 14:38:19,856 - INFO -   Silhouette: 0.2187 | School ROC: 0.5568 F1: 0.5698 | Project ROC: 0.4626 F1: 0.1800 
2026-02-15 14:38:19,856 - INFO - Round 293/1000
2026-02-15 14:38:20,174 - INFO -   Silhouette: 0.2597 | School ROC: 0.6298 F1: 0.6203 | Project ROC: 0.5477 F1: 0.2162 
2026-02-15 14:38:20,175 - INFO - Round 294/1000
2026-02-15 14:38:20,543 - INFO -   Silhouette: 0.2958 | School ROC: 0.5794 F1: 0.5202 | Project ROC: 0.4877 F1: 0.1682 
2026-02-15 14:38:20,544 - INFO - Round 295/1000
2026-02-15 14:38:20,907 - INFO -   Silhouette: 0.2623 | School ROC: 0.6013 F1: 0.5635 | Project ROC: 0.5392 F1: 0.2222 
2026-02-15 14:38:20,907 - INFO - Round 296/1000
2026-02-15 14:38:21,241 - INFO -   Silhouette: 0.2024 | School ROC: 0.6164 F1: 0.5838 | Project ROC: 0.5200 F1: 0.2037 
2026-02-15 14:38:21,242 - INFO - Round 297/1000
2026-02-15 14:38:21,478 - INFO -   Silhouette: 0.2339 | School ROC: 0.6625 F1: 0.6421 | Project ROC: 0.4955 F1: 0.2069 
2026-02-15 14:38:21,478 - INFO - Round 298/1000
2026-02-15 14:38:21,729 - INFO -   Silhouette: 0.2822 | School ROC: 0.6052 F1: 0.5856 | Project ROC: 0.5093 F1: 0.1923 
2026-02-15 14:38:21,730 - INFO - Round 299/1000
2026-02-15 14:38:22,011 - INFO -   Silhouette: 0.2148 | School ROC: 0.6240 F1: 0.6257 | Project ROC: 0.5756 F1: 0.2083 
2026-02-15 14:38:22,011 - INFO - Round 300/1000
2026-02-15 14:38:22,275 - INFO -   Silhouette: 0.2052 | School ROC: 0.6655 F1: 0.6264 | Project ROC: 0.5547 F1: 0.2500 
2026-02-15 14:38:22,275 - INFO - Round 301/1000
2026-02-15 14:38:22,542 - INFO -   Silhouette: 0.2565 | School ROC: 0.6049 F1: 0.6022 | Project ROC: 0.5658 F1: 0.2407 
2026-02-15 14:38:22,542 - INFO - Round 302/1000
2026-02-15 14:38:22,838 - INFO -   Silhouette: 0.2149 | School ROC: 0.5897 F1: 0.5680 | Project ROC: 0.5641 F1: 0.2581 
2026-02-15 14:38:22,838 - INFO - Round 303/1000
2026-02-15 14:38:23,158 - INFO -   Silhouette: 0.1840 | School ROC: 0.5610 F1: 0.5683 | Project ROC: 0.5800 F1: 0.2476 
2026-02-15 14:38:23,159 - INFO - Round 304/1000
2026-02-15 14:38:23,433 - INFO -   Silhouette: 0.2354 | School ROC: 0.6356 F1: 0.6304 | Project ROC: 0.5875 F1: 0.2804 
2026-02-15 14:38:23,433 - INFO - Round 305/1000
2026-02-15 14:38:23,669 - INFO -   Silhouette: 0.1829 | School ROC: 0.6024 F1: 0.5763 | Project ROC: 0.5411 F1: 0.2105 
2026-02-15 14:38:23,670 - INFO - Round 306/1000
2026-02-15 14:38:23,895 - INFO -   Silhouette: 0.2510 | School ROC: 0.6247 F1: 0.6203 | Project ROC: 0.5481 F1: 0.2456 
2026-02-15 14:38:23,895 - INFO - Round 307/1000
2026-02-15 14:38:24,144 - INFO -   Silhouette: 0.2164 | School ROC: 0.6419 F1: 0.5934 | Project ROC: 0.5286 F1: 0.1980 
2026-02-15 14:38:24,144 - INFO - Round 308/1000
2026-02-15 14:38:24,402 - INFO -   Silhouette: 0.1844 | School ROC: 0.6394 F1: 0.6087 | Project ROC: 0.5703 F1: 0.2292 
2026-02-15 14:38:24,402 - INFO - Round 309/1000
2026-02-15 14:38:24,698 - INFO -   Silhouette: 0.2413 | School ROC: 0.6435 F1: 0.5977 | Project ROC: 0.5941 F1: 0.2800 
2026-02-15 14:38:24,698 - INFO - Round 310/1000
2026-02-15 14:38:25,059 - INFO -   Silhouette: 0.2412 | School ROC: 0.6134 F1: 0.6077 | Project ROC: 0.4651 F1: 0.1748 
2026-02-15 14:38:25,060 - INFO - Round 311/1000
2026-02-15 14:38:25,350 - INFO -   Silhouette: 0.2292 | School ROC: 0.5988 F1: 0.5549 | Project ROC: 0.4980 F1: 0.1748 
2026-02-15 14:38:25,350 - INFO - Round 312/1000
2026-02-15 14:38:25,645 - INFO -   Silhouette: 0.2226 | School ROC: 0.5990 F1: 0.5778 | Project ROC: 0.4964 F1: 0.1765 
2026-02-15 14:38:25,645 - INFO - Round 313/1000
2026-02-15 14:38:25,942 - INFO -   Silhouette: 0.1832 | School ROC: 0.6004 F1: 0.5889 | Project ROC: 0.5473 F1: 0.1980 
2026-02-15 14:38:25,942 - INFO - Round 314/1000
2026-02-15 14:38:26,211 - INFO -   Silhouette: 0.2068 | School ROC: 0.6243 F1: 0.5922 | Project ROC: 0.5607 F1: 0.2281 
2026-02-15 14:38:26,211 - INFO - Round 315/1000
2026-02-15 14:38:26,453 - INFO -   Silhouette: 0.2462 | School ROC: 0.6422 F1: 0.5632 | Project ROC: 0.5061 F1: 0.2124 
2026-02-15 14:38:26,454 - INFO - Round 316/1000
2026-02-15 14:38:26,736 - INFO -   Silhouette: 0.2210 | School ROC: 0.5977 F1: 0.6000 | Project ROC: 0.5241 F1: 0.2115 
2026-02-15 14:38:26,737 - INFO - Round 317/1000
2026-02-15 14:38:27,031 - INFO -   Silhouette: 0.2197 | School ROC: 0.5982 F1: 0.5517 | Project ROC: 0.5457 F1: 0.2449 
2026-02-15 14:38:27,031 - INFO - Round 318/1000
2026-02-15 14:38:27,334 - INFO -   Silhouette: 0.2419 | School ROC: 0.6117 F1: 0.6180 | Project ROC: 0.5877 F1: 0.2453 
2026-02-15 14:38:27,334 - INFO - Round 319/1000
2026-02-15 14:38:27,607 - INFO -   Silhouette: 0.2246 | School ROC: 0.5987 F1: 0.5730 | Project ROC: 0.5155 F1: 0.2400 
2026-02-15 14:38:27,608 - INFO - Round 320/1000
2026-02-15 14:38:27,885 - INFO -   Silhouette: 0.2220 | School ROC: 0.5849 F1: 0.5587 | Project ROC: 0.4901 F1: 0.1731 
2026-02-15 14:38:27,885 - INFO - Round 321/1000
2026-02-15 14:38:28,269 - INFO -   Silhouette: 0.2279 | School ROC: 0.6213 F1: 0.5763 | Project ROC: 0.5069 F1: 0.2200 
2026-02-15 14:38:28,269 - INFO - Round 322/1000
2026-02-15 14:38:28,590 - INFO -   Silhouette: 0.2202 | School ROC: 0.6048 F1: 0.5568 | Project ROC: 0.5080 F1: 0.1905 
2026-02-15 14:38:28,590 - INFO - Round 323/1000
2026-02-15 14:38:28,837 - INFO -   Silhouette: 0.2387 | School ROC: 0.6584 F1: 0.6120 | Project ROC: 0.4943 F1: 0.1852 
2026-02-15 14:38:28,837 - INFO - Round 324/1000
2026-02-15 14:38:29,080 - INFO -   Silhouette: 0.2289 | School ROC: 0.6260 F1: 0.6000 | Project ROC: 0.4875 F1: 0.1414 
2026-02-15 14:38:29,080 - INFO - Round 325/1000
2026-02-15 14:38:29,339 - INFO -   Silhouette: 0.2515 | School ROC: 0.5956 F1: 0.5814 | Project ROC: 0.5264 F1: 0.1887 
2026-02-15 14:38:29,339 - INFO - Round 326/1000
2026-02-15 14:38:29,661 - INFO -   Silhouette: 0.2384 | School ROC: 0.6212 F1: 0.5843 | Project ROC: 0.5206 F1: 0.1837 
2026-02-15 14:38:29,661 - INFO - Round 327/1000
2026-02-15 14:38:29,932 - INFO -   Silhouette: 0.2354 | School ROC: 0.6056 F1: 0.6264 | Project ROC: 0.5533 F1: 0.2745 
2026-02-15 14:38:29,933 - INFO - Round 328/1000
2026-02-15 14:38:30,183 - INFO -   Silhouette: 0.2217 | School ROC: 0.5860 F1: 0.5746 | Project ROC: 0.5123 F1: 0.1782 
2026-02-15 14:38:30,184 - INFO - Round 329/1000
2026-02-15 14:38:30,437 - INFO -   Silhouette: 0.2179 | School ROC: 0.6287 F1: 0.6077 | Project ROC: 0.5912 F1: 0.2545 
2026-02-15 14:38:30,437 - INFO - Round 330/1000
2026-02-15 14:38:30,695 - INFO -   Silhouette: 0.2868 | School ROC: 0.6111 F1: 0.6023 | Project ROC: 0.4866 F1: 0.2075 
2026-02-15 14:38:30,695 - INFO - Round 331/1000
2026-02-15 14:38:30,982 - INFO -   Silhouette: 0.3140 | School ROC: 0.6281 F1: 0.5683 | Project ROC: 0.4628 F1: 0.1651 
2026-02-15 14:38:30,983 - INFO - Round 332/1000
2026-02-15 14:38:31,306 - INFO -   Silhouette: 0.2480 | School ROC: 0.6084 F1: 0.5989 | Project ROC: 0.5487 F1: 0.2222 
2026-02-15 14:38:31,307 - INFO - Round 333/1000
2026-02-15 14:38:31,589 - INFO -   Silhouette: 0.2275 | School ROC: 0.6267 F1: 0.5909 | Project ROC: 0.5219 F1: 0.2075 
2026-02-15 14:38:31,589 - INFO - Round 334/1000
2026-02-15 14:38:31,837 - INFO -   Silhouette: 0.2202 | School ROC: 0.6470 F1: 0.6257 | Project ROC: 0.5890 F1: 0.2718 
2026-02-15 14:38:31,837 - INFO - Round 335/1000
2026-02-15 14:38:32,138 - INFO -   Silhouette: 0.2320 | School ROC: 0.6714 F1: 0.6215 | Project ROC: 0.5236 F1: 0.2261 
2026-02-15 14:38:32,138 - INFO - Round 336/1000
2026-02-15 14:38:32,359 - INFO -   Silhouette: 0.2044 | School ROC: 0.6014 F1: 0.5876 | Project ROC: 0.5474 F1: 0.2353 
2026-02-15 14:38:32,360 - INFO - Round 337/1000
2026-02-15 14:38:32,618 - INFO -   Silhouette: 0.2036 | School ROC: 0.6529 F1: 0.6222 | Project ROC: 0.5905 F1: 0.2569 
2026-02-15 14:38:32,618 - INFO - Round 338/1000
2026-02-15 14:38:32,937 - INFO -   Silhouette: 0.2651 | School ROC: 0.5924 F1: 0.5934 | Project ROC: 0.5547 F1: 0.2308 
2026-02-15 14:38:32,937 - INFO - Round 339/1000
2026-02-15 14:38:33,233 - INFO -   Silhouette: 0.2529 | School ROC: 0.6756 F1: 0.6257 | Project ROC: 0.5039 F1: 0.2185 
2026-02-15 14:38:33,233 - INFO - Round 340/1000
2026-02-15 14:38:33,473 - INFO -   Silhouette: 0.2357 | School ROC: 0.6379 F1: 0.6145 | Project ROC: 0.5610 F1: 0.2264 
2026-02-15 14:38:33,473 - INFO - Round 341/1000
2026-02-15 14:38:33,796 - INFO -   Silhouette: 0.2559 | School ROC: 0.5877 F1: 0.5989 | Project ROC: 0.5229 F1: 0.2342 
2026-02-15 14:38:33,797 - INFO - Round 342/1000
2026-02-15 14:38:34,061 - INFO -   Silhouette: 0.2194 | School ROC: 0.6145 F1: 0.5667 | Project ROC: 0.5004 F1: 0.2182 
2026-02-15 14:38:34,062 - INFO - Round 343/1000
2026-02-15 14:38:34,340 - INFO -   Silhouette: 0.2167 | School ROC: 0.6200 F1: 0.5600 | Project ROC: 0.5137 F1: 0.2308 
2026-02-15 14:38:34,340 - INFO - Round 344/1000
2026-02-15 14:38:34,592 - INFO -   Silhouette: 0.2473 | School ROC: 0.6232 F1: 0.5870 | Project ROC: 0.5261 F1: 0.2243 
2026-02-15 14:38:34,593 - INFO - Round 345/1000
2026-02-15 14:38:34,870 - INFO -   Silhouette: 0.2460 | School ROC: 0.5966 F1: 0.5537 | Project ROC: 0.5003 F1: 0.2037 
2026-02-15 14:38:34,870 - INFO - Round 346/1000
2026-02-15 14:38:35,130 - INFO -   Silhouette: 0.2416 | School ROC: 0.5932 F1: 0.5730 | Project ROC: 0.5953 F1: 0.2679 
2026-02-15 14:38:35,131 - INFO - Round 347/1000
2026-02-15 14:38:35,401 - INFO -   Silhouette: 0.1982 | School ROC: 0.6503 F1: 0.6196 | Project ROC: 0.5549 F1: 0.2424 
2026-02-15 14:38:35,402 - INFO - Round 348/1000
2026-02-15 14:38:35,726 - INFO -   Silhouette: 0.2041 | School ROC: 0.6876 F1: 0.6292 | Project ROC: 0.5048 F1: 0.2018 
2026-02-15 14:38:35,726 - INFO - Round 349/1000
2026-02-15 14:38:35,970 - INFO -   Silhouette: 0.2263 | School ROC: 0.6230 F1: 0.5647 | Project ROC: 0.5778 F1: 0.2476 
2026-02-15 14:38:35,970 - INFO - Round 350/1000
2026-02-15 14:38:36,311 - INFO -   Silhouette: 0.2243 | School ROC: 0.6110 F1: 0.5549 | Project ROC: 0.5343 F1: 0.2301 
2026-02-15 14:38:36,311 - INFO - Round 351/1000
2026-02-15 14:38:36,583 - INFO -   Silhouette: 0.2340 | School ROC: 0.6326 F1: 0.5556 | Project ROC: 0.6443 F1: 0.2778 ✓
2026-02-15 14:38:36,656 - INFO - Results saved to /home/dev/work_main/random/assesment/k_means_selected/gemma3-12B_cv_evo_results.json
2026-02-15 14:38:36,656 - INFO - Round 352/1000
2026-02-15 14:38:36,843 - INFO -   Silhouette: 0.2615 | School ROC: 0.5536 F1: 0.5506 | Project ROC: 0.5476 F1: 0.2041 
2026-02-15 14:38:36,843 - INFO - Round 353/1000
2026-02-15 14:38:37,105 - INFO -   Silhouette: 0.1884 | School ROC: 0.6401 F1: 0.5896 | Project ROC: 0.5219 F1: 0.2200 
2026-02-15 14:38:37,105 - INFO - Round 354/1000
2026-02-15 14:38:37,348 - INFO -   Silhouette: 0.2181 | School ROC: 0.6098 F1: 0.5730 | Project ROC: 0.5171 F1: 0.1835 
2026-02-15 14:38:37,349 - INFO - Round 355/1000
2026-02-15 14:38:37,611 - INFO -   Silhouette: 0.2396 | School ROC: 0.6373 F1: 0.6237 | Project ROC: 0.5407 F1: 0.2424 
2026-02-15 14:38:37,611 - INFO - Round 356/1000
2026-02-15 14:38:37,958 - INFO -   Silhouette: 0.2133 | School ROC: 0.6126 F1: 0.5810 | Project ROC: 0.5508 F1: 0.1982 
2026-02-15 14:38:37,958 - INFO - Round 357/1000
2026-02-15 14:38:38,246 - INFO -   Silhouette: 0.1734 | School ROC: 0.5977 F1: 0.5775 | Project ROC: 0.5260 F1: 0.2385 
2026-02-15 14:38:38,246 - INFO - Round 358/1000
2026-02-15 14:38:38,485 - INFO -   Silhouette: 0.2521 | School ROC: 0.6295 F1: 0.5761 | Project ROC: 0.5398 F1: 0.2281 
2026-02-15 14:38:38,485 - INFO - Round 359/1000
2026-02-15 14:38:38,762 - INFO -   Silhouette: 0.1886 | School ROC: 0.6288 F1: 0.5595 | Project ROC: 0.5864 F1: 0.2737 
2026-02-15 14:38:38,762 - INFO - Round 360/1000
2026-02-15 14:38:39,088 - INFO -   Silhouette: 0.2408 | School ROC: 0.6318 F1: 0.6162 | Project ROC: 0.5257 F1: 0.2000 
2026-02-15 14:38:39,089 - INFO - Round 361/1000
2026-02-15 14:38:39,426 - INFO -   Silhouette: 0.2478 | School ROC: 0.6060 F1: 0.5775 | Project ROC: 0.5257 F1: 0.2182 
2026-02-15 14:38:39,427 - INFO - Round 362/1000
2026-02-15 14:38:39,701 - INFO -   Silhouette: 0.2273 | School ROC: 0.5998 F1: 0.5730 | Project ROC: 0.5427 F1: 0.2136 
2026-02-15 14:38:39,702 - INFO - Round 363/1000
2026-02-15 14:38:39,958 - INFO -   Silhouette: 0.2544 | School ROC: 0.6026 F1: 0.5870 | Project ROC: 0.5614 F1: 0.2642 
2026-02-15 14:38:39,958 - INFO - Round 364/1000
2026-02-15 14:38:40,217 - INFO -   Silhouette: 0.1920 | School ROC: 0.6196 F1: 0.6010 | Project ROC: 0.4997 F1: 0.2000 
2026-02-15 14:38:40,217 - INFO - Round 365/1000
2026-02-15 14:38:40,462 - INFO -   Silhouette: 0.1975 | School ROC: 0.5719 F1: 0.5405 | Project ROC: 0.5273 F1: 0.2182 
2026-02-15 14:38:40,463 - INFO - Round 366/1000
2026-02-15 14:38:40,706 - INFO -   Silhouette: 0.2748 | School ROC: 0.6104 F1: 0.5914 | Project ROC: 0.5264 F1: 0.1961 
2026-02-15 14:38:40,706 - INFO - Round 367/1000
2026-02-15 14:38:41,025 - INFO -   Silhouette: 0.2521 | School ROC: 0.6257 F1: 0.6170 | Project ROC: 0.5913 F1: 0.2524 
2026-02-15 14:38:41,025 - INFO - Round 368/1000
2026-02-15 14:38:41,304 - INFO -   Silhouette: 0.2286 | School ROC: 0.6313 F1: 0.5810 | Project ROC: 0.4930 F1: 0.1748 
2026-02-15 14:38:41,305 - INFO - Round 369/1000
2026-02-15 14:38:41,649 - INFO -   Silhouette: 0.2822 | School ROC: 0.6032 F1: 0.5683 | Project ROC: 0.4991 F1: 0.2075 
2026-02-15 14:38:41,650 - INFO - Round 370/1000
2026-02-15 14:38:41,988 - INFO -   Silhouette: 0.2087 | School ROC: 0.6359 F1: 0.6102 | Project ROC: 0.5158 F1: 0.2373 
2026-02-15 14:38:41,988 - INFO - Round 371/1000
2026-02-15 14:38:42,212 - INFO -   Silhouette: 0.1821 | School ROC: 0.6555 F1: 0.6082 | Project ROC: 0.5724 F1: 0.2500 
2026-02-15 14:38:42,212 - INFO - Round 372/1000
2026-02-15 14:38:42,482 - INFO -   Silhouette: 0.2654 | School ROC: 0.6376 F1: 0.6032 | Project ROC: 0.5293 F1: 0.2202 
2026-02-15 14:38:42,482 - INFO - Round 373/1000
2026-02-15 14:38:42,822 - INFO -   Silhouette: 0.2650 | School ROC: 0.6138 F1: 0.6023 | Project ROC: 0.5600 F1: 0.2151 
2026-02-15 14:38:42,822 - INFO - Round 374/1000
2026-02-15 14:38:43,086 - INFO -   Silhouette: 0.2285 | School ROC: 0.5920 F1: 0.5902 | Project ROC: 0.4710 F1: 0.2075 
2026-02-15 14:38:43,086 - INFO - Round 375/1000
2026-02-15 14:38:43,362 - INFO -   Silhouette: 0.2842 | School ROC: 0.6321 F1: 0.5698 | Project ROC: 0.5039 F1: 0.2143 
2026-02-15 14:38:43,363 - INFO - Round 376/1000
2026-02-15 14:38:43,628 - INFO -   Silhouette: 0.2366 | School ROC: 0.5730 F1: 0.5269 | Project ROC: 0.4697 F1: 0.1489 
2026-02-15 14:38:43,628 - INFO - Round 377/1000
2026-02-15 14:38:43,903 - INFO -   Silhouette: 0.2184 | School ROC: 0.5907 F1: 0.5761 | Project ROC: 0.4527 F1: 0.1786 
2026-02-15 14:38:43,903 - INFO - Round 378/1000
2026-02-15 14:38:44,211 - INFO -   Silhouette: 0.2585 | School ROC: 0.6837 F1: 0.6310 | Project ROC: 0.5053 F1: 0.2203 
2026-02-15 14:38:44,211 - INFO - Round 379/1000
2026-02-15 14:38:44,502 - INFO -   Silhouette: 0.2396 | School ROC: 0.5696 F1: 0.5667 | Project ROC: 0.5616 F1: 0.2151 
2026-02-15 14:38:44,502 - INFO - Round 380/1000
2026-02-15 14:38:44,949 - INFO -   Silhouette: 0.2193 | School ROC: 0.6248 F1: 0.6022 | Project ROC: 0.4975 F1: 0.2037 
2026-02-15 14:38:44,950 - INFO - Round 381/1000
2026-02-15 14:38:45,365 - INFO -   Silhouette: 0.1936 | School ROC: 0.6203 F1: 0.5934 | Project ROC: 0.5131 F1: 0.2182 
2026-02-15 14:38:45,365 - INFO - Round 382/1000
2026-02-15 14:38:45,686 - INFO -   Silhouette: 0.2086 | School ROC: 0.6282 F1: 0.6034 | Project ROC: 0.5048 F1: 0.1782 
2026-02-15 14:38:45,686 - INFO - Round 383/1000
2026-02-15 14:38:45,924 - INFO -   Silhouette: 0.2386 | School ROC: 0.5991 F1: 0.5683 | Project ROC: 0.5296 F1: 0.2095 
2026-02-15 14:38:45,925 - INFO - Round 384/1000
2026-02-15 14:38:46,206 - INFO -   Silhouette: 0.2094 | School ROC: 0.6499 F1: 0.6257 | Project ROC: 0.5231 F1: 0.2095 
2026-02-15 14:38:46,206 - INFO - Round 385/1000
2026-02-15 14:38:46,497 - INFO -   Silhouette: 0.2216 | School ROC: 0.6389 F1: 0.6292 | Project ROC: 0.5058 F1: 0.1905 
2026-02-15 14:38:46,498 - INFO - Round 386/1000
2026-02-15 14:38:46,806 - INFO -   Silhouette: 0.2120 | School ROC: 0.6365 F1: 0.6067 | Project ROC: 0.4968 F1: 0.1895 
2026-02-15 14:38:46,807 - INFO - Round 387/1000
2026-02-15 14:38:47,076 - INFO -   Silhouette: 0.2362 | School ROC: 0.6688 F1: 0.6413 | Project ROC: 0.5760 F1: 0.2243 
2026-02-15 14:38:47,077 - INFO - Round 388/1000
2026-02-15 14:38:47,389 - INFO -   Silhouette: 0.2182 | School ROC: 0.6715 F1: 0.6404 | Project ROC: 0.5184 F1: 0.1942 
2026-02-15 14:38:47,389 - INFO - Round 389/1000
2026-02-15 14:38:47,611 - INFO -   Silhouette: 0.2336 | School ROC: 0.5604 F1: 0.5604 | Project ROC: 0.5306 F1: 0.2453 
2026-02-15 14:38:47,611 - INFO - Round 390/1000
2026-02-15 14:38:47,866 - INFO -   Silhouette: 0.2604 | School ROC: 0.6098 F1: 0.5824 | Project ROC: 0.4977 F1: 0.1905 
2026-02-15 14:38:47,866 - INFO - Round 391/1000
2026-02-15 14:38:48,169 - INFO -   Silhouette: 0.2402 | School ROC: 0.6286 F1: 0.6054 | Project ROC: 0.5273 F1: 0.2075 
2026-02-15 14:38:48,170 - INFO - Round 392/1000
2026-02-15 14:38:48,399 - INFO -   Silhouette: 0.2545 | School ROC: 0.6290 F1: 0.6230 | Project ROC: 0.5712 F1: 0.2692 
2026-02-15 14:38:48,399 - INFO - Round 393/1000
2026-02-15 14:38:48,680 - INFO -   Silhouette: 0.2796 | School ROC: 0.5960 F1: 0.5465 | Project ROC: 0.4783 F1: 0.1964 
2026-02-15 14:38:48,681 - INFO - Round 394/1000
2026-02-15 14:38:49,000 - INFO -   Silhouette: 0.2853 | School ROC: 0.6435 F1: 0.6564 | Project ROC: 0.5839 F1: 0.2655 ✓
2026-02-15 14:38:49,096 - INFO - Results saved to /home/dev/work_main/random/assesment/k_means_selected/gemma3-12B_cv_evo_results.json
2026-02-15 14:38:49,096 - INFO - Round 395/1000
2026-02-15 14:38:49,271 - INFO -   Silhouette: 0.2319 | School ROC: 0.6099 F1: 0.5843 | Project ROC: 0.5713 F1: 0.2385 
2026-02-15 14:38:49,272 - INFO - Round 396/1000
2026-02-15 14:38:49,505 - INFO -   Silhouette: 0.2958 | School ROC: 0.6512 F1: 0.6064 | Project ROC: 0.5096 F1: 0.2105 
2026-02-15 14:38:49,506 - INFO - Round 397/1000
2026-02-15 14:38:49,799 - INFO -   Silhouette: 0.2364 | School ROC: 0.6156 F1: 0.5922 | Project ROC: 0.5226 F1: 0.2143 
2026-02-15 14:38:49,799 - INFO - Round 398/1000
2026-02-15 14:38:50,041 - INFO -   Silhouette: 0.2194 | School ROC: 0.6156 F1: 0.5943 | Project ROC: 0.5352 F1: 0.2157 
2026-02-15 14:38:50,042 - INFO - Round 399/1000
2026-02-15 14:38:50,288 - INFO -   Silhouette: 0.1913 | School ROC: 0.6413 F1: 0.6111 | Project ROC: 0.4657 F1: 0.1524 
2026-02-15 14:38:50,288 - INFO - Round 400/1000
2026-02-15 14:38:50,573 - INFO -   Silhouette: 0.2212 | School ROC: 0.5935 F1: 0.5465 | Project ROC: 0.5088 F1: 0.2200 
2026-02-15 14:38:50,574 - INFO - Round 401/1000
2026-02-15 14:38:50,929 - INFO -   Silhouette: 0.2584 | School ROC: 0.6342 F1: 0.5889 | Project ROC: 0.5069 F1: 0.2136 
2026-02-15 14:38:50,929 - INFO - Round 402/1000
2026-02-15 14:38:51,276 - INFO -   Silhouette: 0.2618 | School ROC: 0.6448 F1: 0.6096 | Project ROC: 0.5308 F1: 0.1869 
2026-02-15 14:38:51,276 - INFO - Round 403/1000
2026-02-15 14:38:51,558 - INFO -   Silhouette: 0.2702 | School ROC: 0.6109 F1: 0.5650 | Project ROC: 0.5550 F1: 0.2000 
2026-02-15 14:38:51,558 - INFO - Round 404/1000
2026-02-15 14:38:51,798 - INFO -   Silhouette: 0.2744 | School ROC: 0.6249 F1: 0.5824 | Project ROC: 0.5239 F1: 0.2243 
2026-02-15 14:38:51,798 - INFO - Round 405/1000
2026-02-15 14:38:52,070 - INFO -   Silhouette: 0.2529 | School ROC: 0.6380 F1: 0.6087 | Project ROC: 0.4946 F1: 0.2000 
2026-02-15 14:38:52,070 - INFO - Round 406/1000
2026-02-15 14:38:52,354 - INFO -   Silhouette: 0.1847 | School ROC: 0.6208 F1: 0.6222 | Project ROC: 0.5473 F1: 0.1905 
2026-02-15 14:38:52,354 - INFO - Round 407/1000
2026-02-15 14:38:52,662 - INFO -   Silhouette: 0.2134 | School ROC: 0.6505 F1: 0.6092 | Project ROC: 0.5804 F1: 0.2679 
2026-02-15 14:38:52,662 - INFO - Round 408/1000
2026-02-15 14:38:52,930 - INFO -   Silhouette: 0.2317 | School ROC: 0.6179 F1: 0.6011 | Project ROC: 0.5782 F1: 0.2500 
2026-02-15 14:38:52,930 - INFO - Round 409/1000
2026-02-15 14:38:53,230 - INFO -   Silhouette: 0.2473 | School ROC: 0.6217 F1: 0.5896 | Project ROC: 0.5667 F1: 0.2222 
2026-02-15 14:38:53,230 - INFO - Round 410/1000
2026-02-15 14:38:53,524 - INFO -   Silhouette: 0.2069 | School ROC: 0.6861 F1: 0.6448 | Project ROC: 0.5600 F1: 0.2593 
2026-02-15 14:38:53,524 - INFO - Round 411/1000
2026-02-15 14:38:53,892 - INFO -   Silhouette: 0.2043 | School ROC: 0.5734 F1: 0.5424 | Project ROC: 0.5445 F1: 0.2136 
2026-02-15 14:38:53,892 - INFO - Round 412/1000
2026-02-15 14:38:54,160 - INFO -   Silhouette: 0.2481 | School ROC: 0.6192 F1: 0.5414 | Project ROC: 0.5248 F1: 0.2261 
2026-02-15 14:38:54,160 - INFO - Round 413/1000
2026-02-15 14:38:54,470 - INFO -   Silhouette: 0.2266 | School ROC: 0.5765 F1: 0.5989 | Project ROC: 0.5693 F1: 0.2680 
2026-02-15 14:38:54,470 - INFO - Round 414/1000
2026-02-15 14:38:54,756 - INFO -   Silhouette: 0.2760 | School ROC: 0.6343 F1: 0.6044 | Project ROC: 0.5465 F1: 0.2308 
2026-02-15 14:38:54,756 - INFO - Round 415/1000
2026-02-15 14:38:55,073 - INFO -   Silhouette: 0.2324 | School ROC: 0.6173 F1: 0.5934 | Project ROC: 0.5546 F1: 0.2407 
2026-02-15 14:38:55,082 - INFO - Round 416/1000
2026-02-15 14:38:55,362 - INFO -   Silhouette: 0.2167 | School ROC: 0.6686 F1: 0.6012 | Project ROC: 0.5661 F1: 0.2524 
2026-02-15 14:38:55,363 - INFO - Round 417/1000
2026-02-15 14:38:55,590 - INFO -   Silhouette: 0.1642 | School ROC: 0.6015 F1: 0.5778 | Project ROC: 0.5219 F1: 0.1702 
2026-02-15 14:38:55,590 - INFO - Round 418/1000
2026-02-15 14:38:55,878 - INFO -   Silhouette: 0.2339 | School ROC: 0.5873 F1: 0.5862 | Project ROC: 0.5454 F1: 0.2136 
2026-02-15 14:38:55,886 - INFO - Round 419/1000
2026-02-15 14:38:56,188 - INFO -   Silhouette: 0.2364 | School ROC: 0.6162 F1: 0.5889 | Project ROC: 0.5489 F1: 0.2549 
2026-02-15 14:38:56,188 - INFO - Round 420/1000
2026-02-15 14:38:56,523 - INFO -   Silhouette: 0.2688 | School ROC: 0.6260 F1: 0.5838 | Project ROC: 0.4774 F1: 0.1835 
2026-02-15 14:38:56,523 - INFO - Round 421/1000
2026-02-15 14:38:56,889 - INFO -   Silhouette: 0.2515 | School ROC: 0.6186 F1: 0.5967 | Project ROC: 0.5664 F1: 0.2456 
2026-02-15 14:38:56,890 - INFO - Round 422/1000
2026-02-15 14:38:57,197 - INFO -   Silhouette: 0.2747 | School ROC: 0.6147 F1: 0.5902 | Project ROC: 0.5044 F1: 0.1731 
2026-02-15 14:38:57,197 - INFO - Round 423/1000
2026-02-15 14:38:57,538 - INFO -   Silhouette: 0.2125 | School ROC: 0.6561 F1: 0.6012 | Project ROC: 0.5592 F1: 0.2222 
2026-02-15 14:38:57,538 - INFO - Round 424/1000
2026-02-15 14:38:57,776 - INFO -   Silhouette: 0.2159 | School ROC: 0.5615 F1: 0.5568 | Project ROC: 0.4698 F1: 0.1584 
2026-02-15 14:38:57,777 - INFO - Round 425/1000
2026-02-15 14:38:58,078 - INFO -   Silhouette: 0.2511 | School ROC: 0.6301 F1: 0.6203 | Project ROC: 0.5620 F1: 0.2162 
2026-02-15 14:38:58,078 - INFO - Round 426/1000
2026-02-15 14:38:58,304 - INFO -   Silhouette: 0.2260 | School ROC: 0.6164 F1: 0.5778 | Project ROC: 0.4999 F1: 0.1782 
2026-02-15 14:38:58,304 - INFO - Round 427/1000
2026-02-15 14:38:58,571 - INFO -   Silhouette: 0.2280 | School ROC: 0.6183 F1: 0.5486 | Project ROC: 0.5836 F1: 0.2453 
2026-02-15 14:38:58,571 - INFO - Round 428/1000
2026-02-15 14:38:58,834 - INFO -   Silhouette: 0.2906 | School ROC: 0.5825 F1: 0.5792 | Project ROC: 0.4786 F1: 0.2037 
2026-02-15 14:38:58,834 - INFO - Round 429/1000
2026-02-15 14:38:59,085 - INFO -   Silhouette: 0.2100 | School ROC: 0.6239 F1: 0.5795 | Project ROC: 0.5552 F1: 0.2430 
2026-02-15 14:38:59,085 - INFO - Round 430/1000
2026-02-15 14:38:59,338 - INFO -   Silhouette: 0.2305 | School ROC: 0.6282 F1: 0.5914 | Project ROC: 0.5474 F1: 0.2143 
2026-02-15 14:38:59,339 - INFO - Round 431/1000
2026-02-15 14:38:59,592 - INFO -   Silhouette: 0.1911 | School ROC: 0.5784 F1: 0.5650 | Project ROC: 0.5155 F1: 0.2574 
2026-02-15 14:38:59,592 - INFO - Round 432/1000
2026-02-15 14:38:59,823 - INFO -   Silhouette: 0.2547 | School ROC: 0.6170 F1: 0.5683 | Project ROC: 0.4962 F1: 0.1930 
2026-02-15 14:38:59,823 - INFO - Round 433/1000
2026-02-15 14:39:00,129 - INFO -   Silhouette: 0.2048 | School ROC: 0.5850 F1: 0.5824 | Project ROC: 0.4918 F1: 0.2075 
2026-02-15 14:39:00,130 - INFO - Round 434/1000
2026-02-15 14:39:00,422 - INFO -   Silhouette: 0.3539 | School ROC: 0.6627 F1: 0.6077 | Project ROC: 0.5535 F1: 0.2222 ✓
2026-02-15 14:39:00,422 - INFO -     📊 Silhouette improvement → Avg ROC: 0.6081 | Avg F1: 0.4150 | F1/ROC ratio: 0.6824 (F1 < ROC (conservative predictions))
2026-02-15 14:39:00,513 - INFO - Results saved to /home/dev/work_main/random/assesment/k_means_selected/gemma3-12B_cv_evo_results.json
2026-02-15 14:39:00,514 - INFO - Round 435/1000
2026-02-15 14:39:00,687 - INFO -   Silhouette: 0.2536 | School ROC: 0.5793 F1: 0.5294 | Project ROC: 0.5022 F1: 0.2062 
2026-02-15 14:39:00,687 - INFO - Round 436/1000
2026-02-15 14:39:00,946 - INFO -   Silhouette: 0.2039 | School ROC: 0.6759 F1: 0.5848 | Project ROC: 0.5735 F1: 0.2476 
2026-02-15 14:39:00,946 - INFO - Round 437/1000
2026-02-15 14:39:01,225 - INFO -   Silhouette: 0.2818 | School ROC: 0.6316 F1: 0.5780 | Project ROC: 0.5807 F1: 0.2718 
2026-02-15 14:39:01,226 - INFO - Round 438/1000
2026-02-15 14:39:01,470 - INFO -   Silhouette: 0.2325 | School ROC: 0.5883 F1: 0.5556 | Project ROC: 0.4765 F1: 0.1980 
2026-02-15 14:39:01,470 - INFO - Round 439/1000
2026-02-15 14:39:01,794 - INFO -   Silhouette: 0.2291 | School ROC: 0.6226 F1: 0.5730 | Project ROC: 0.5429 F1: 0.2115 
2026-02-15 14:39:01,794 - INFO - Round 440/1000
2026-02-15 14:39:02,000 - INFO -   Silhouette: 0.2473 | School ROC: 0.6153 F1: 0.5870 | Project ROC: 0.4879 F1: 0.1739 
2026-02-15 14:39:02,001 - INFO - Round 441/1000
2026-02-15 14:39:02,246 - INFO -   Silhouette: 0.2476 | School ROC: 0.6286 F1: 0.6298 | Project ROC: 0.5477 F1: 0.2407 
2026-02-15 14:39:02,246 - INFO - Round 442/1000
2026-02-15 14:39:02,485 - INFO -   Silhouette: 0.2778 | School ROC: 0.6158 F1: 0.6243 | Project ROC: 0.5328 F1: 0.2075 
2026-02-15 14:39:02,485 - INFO - Round 443/1000
2026-02-15 14:39:02,809 - INFO -   Silhouette: 0.2018 | School ROC: 0.6226 F1: 0.5978 | Project ROC: 0.5324 F1: 0.2243 
2026-02-15 14:39:02,810 - INFO - Round 444/1000
2026-02-15 14:39:03,083 - INFO -   Silhouette: 0.2408 | School ROC: 0.6391 F1: 0.5509 | Project ROC: 0.5646 F1: 0.2330 
2026-02-15 14:39:03,084 - INFO - Round 445/1000
2026-02-15 14:39:03,355 - INFO -   Silhouette: 0.2149 | School ROC: 0.6156 F1: 0.5714 | Project ROC: 0.5191 F1: 0.2200 
2026-02-15 14:39:03,355 - INFO - Round 446/1000
2026-02-15 14:39:03,598 - INFO -   Silhouette: 0.2193 | School ROC: 0.6328 F1: 0.5902 | Project ROC: 0.5312 F1: 0.2162 
2026-02-15 14:39:03,599 - INFO - Round 447/1000
2026-02-15 14:39:03,875 - INFO -   Silhouette: 0.2528 | School ROC: 0.6475 F1: 0.6378 | Project ROC: 0.5289 F1: 0.2364 
2026-02-15 14:39:03,875 - INFO - Round 448/1000
2026-02-15 14:39:04,143 - INFO -   Silhouette: 0.2699 | School ROC: 0.6517 F1: 0.6178 | Project ROC: 0.5333 F1: 0.2281 
2026-02-15 14:39:04,144 - INFO - Round 449/1000
2026-02-15 14:39:04,394 - INFO -   Silhouette: 0.1961 | School ROC: 0.6407 F1: 0.6162 | Project ROC: 0.5757 F1: 0.2478 
2026-02-15 14:39:04,394 - INFO - Round 450/1000
2026-02-15 14:39:04,643 - INFO -   Silhouette: 0.2349 | School ROC: 0.6030 F1: 0.5943 | Project ROC: 0.5368 F1: 0.1942 
2026-02-15 14:39:04,643 - INFO - Round 451/1000
2026-02-15 14:39:05,056 - INFO -   Silhouette: 0.2444 | School ROC: 0.6568 F1: 0.5731 | Project ROC: 0.5223 F1: 0.2056 
2026-02-15 14:39:05,056 - INFO - Round 452/1000
2026-02-15 14:39:05,287 - INFO -   Silhouette: 0.2209 | School ROC: 0.6718 F1: 0.6522 | Project ROC: 0.5407 F1: 0.2261 
2026-02-15 14:39:05,288 - INFO - Round 453/1000
2026-02-15 14:39:05,512 - INFO -   Silhouette: 0.2541 | School ROC: 0.6769 F1: 0.6772 | Project ROC: 0.5053 F1: 0.2342 ✓
2026-02-15 14:39:05,639 - INFO - Results saved to /home/dev/work_main/random/assesment/k_means_selected/gemma3-12B_cv_evo_results.json
2026-02-15 14:39:05,639 - INFO - Round 454/1000
2026-02-15 14:39:05,826 - INFO -   Silhouette: 0.2164 | School ROC: 0.6079 F1: 0.6180 | Project ROC: 0.4816 F1: 0.1905 
2026-02-15 14:39:05,826 - INFO - Round 455/1000
2026-02-15 14:39:06,063 - INFO -   Silhouette: 0.2254 | School ROC: 0.6296 F1: 0.6044 | Project ROC: 0.5505 F1: 0.2286 
2026-02-15 14:39:06,064 - INFO - Round 456/1000
2026-02-15 14:39:06,426 - INFO -   Silhouette: 0.1823 | School ROC: 0.6410 F1: 0.6196 | Project ROC: 0.5355 F1: 0.2075 
2026-02-15 14:39:06,426 - INFO - Round 457/1000
2026-02-15 14:39:06,693 - INFO -   Silhouette: 0.2467 | School ROC: 0.6406 F1: 0.5930 | Project ROC: 0.5150 F1: 0.2182 
2026-02-15 14:39:06,694 - INFO - Round 458/1000
2026-02-15 14:39:07,002 - INFO -   Silhouette: 0.2604 | School ROC: 0.6250 F1: 0.5870 | Project ROC: 0.4975 F1: 0.2000 
2026-02-15 14:39:07,002 - INFO - Round 459/1000
2026-02-15 14:39:07,266 - INFO -   Silhouette: 0.2656 | School ROC: 0.6320 F1: 0.6203 | Project ROC: 0.5760 F1: 0.2202 
2026-02-15 14:39:07,266 - INFO - Round 460/1000
2026-02-15 14:39:07,502 - INFO -   Silhouette: 0.2077 | School ROC: 0.6208 F1: 0.6203 | Project ROC: 0.5228 F1: 0.2430 
2026-02-15 14:39:07,502 - INFO - Round 461/1000
2026-02-15 14:39:07,779 - INFO -   Silhouette: 0.2272 | School ROC: 0.5891 F1: 0.6000 | Project ROC: 0.5274 F1: 0.2174 
2026-02-15 14:39:07,779 - INFO - Round 462/1000
2026-02-15 14:39:08,031 - INFO -   Silhouette: 0.2392 | School ROC: 0.6646 F1: 0.6448 | Project ROC: 0.6029 F1: 0.2982 ✓
2026-02-15 14:39:08,159 - INFO - Results saved to /home/dev/work_main/random/assesment/k_means_selected/gemma3-12B_cv_evo_results.json
2026-02-15 14:39:08,159 - INFO - Round 463/1000
2026-02-15 14:39:08,366 - INFO -   Silhouette: 0.2343 | School ROC: 0.5943 F1: 0.5778 | Project ROC: 0.5375 F1: 0.1856 
2026-02-15 14:39:08,366 - INFO - Round 464/1000
2026-02-15 14:39:08,721 - INFO -   Silhouette: 0.1978 | School ROC: 0.6603 F1: 0.6023 | Project ROC: 0.5419 F1: 0.1942 
2026-02-15 14:39:08,721 - INFO - Round 465/1000
2026-02-15 14:39:08,966 - INFO -   Silhouette: 0.2840 | School ROC: 0.6572 F1: 0.6354 | Project ROC: 0.4972 F1: 0.2124 
2026-02-15 14:39:08,967 - INFO - Round 466/1000
2026-02-15 14:39:09,236 - INFO -   Silhouette: 0.2587 | School ROC: 0.5602 F1: 0.5464 | Project ROC: 0.5438 F1: 0.2178 
2026-02-15 14:39:09,236 - INFO - Round 467/1000
2026-02-15 14:39:09,517 - INFO -   Silhouette: 0.2066 | School ROC: 0.6183 F1: 0.6032 | Project ROC: 0.5786 F1: 0.2653 
2026-02-15 14:39:09,518 - INFO - Round 468/1000
2026-02-15 14:39:09,783 - INFO -   Silhouette: 0.1817 | School ROC: 0.5964 F1: 0.6171 | Project ROC: 0.5169 F1: 0.2524 
2026-02-15 14:39:09,783 - INFO - Round 469/1000
2026-02-15 14:39:10,131 - INFO -   Silhouette: 0.2582 | School ROC: 0.6362 F1: 0.5889 | Project ROC: 0.5394 F1: 0.2136 
2026-02-15 14:39:10,132 - INFO - Round 470/1000
2026-02-15 14:39:10,414 - INFO -   Silhouette: 0.2816 | School ROC: 0.5833 F1: 0.5318 | Project ROC: 0.4870 F1: 0.2000 
2026-02-15 14:39:10,414 - INFO - Round 471/1000
2026-02-15 14:39:10,663 - INFO -   Silhouette: 0.2153 | School ROC: 0.6389 F1: 0.6022 | Project ROC: 0.5961 F1: 0.2832 
2026-02-15 14:39:10,664 - INFO - Round 472/1000
2026-02-15 14:39:10,916 - INFO -   Silhouette: 0.2662 | School ROC: 0.6056 F1: 0.5618 | Project ROC: 0.4767 F1: 0.1748 
2026-02-15 14:39:10,917 - INFO - Round 473/1000
2026-02-15 14:39:11,194 - INFO -   Silhouette: 0.2682 | School ROC: 0.6613 F1: 0.6000 | Project ROC: 0.5079 F1: 0.2373 
2026-02-15 14:39:11,195 - INFO - Round 474/1000
2026-02-15 14:39:11,450 - INFO -   Silhouette: 0.2111 | School ROC: 0.6036 F1: 0.5856 | Project ROC: 0.5263 F1: 0.1978 
2026-02-15 14:39:11,451 - INFO - Round 475/1000
2026-02-15 14:39:11,710 - INFO -   Silhouette: 0.3140 | School ROC: 0.5994 F1: 0.5810 | Project ROC: 0.5185 F1: 0.1818 
2026-02-15 14:39:11,710 - INFO - Round 476/1000
2026-02-15 14:39:11,952 - INFO -   Silhouette: 0.2197 | School ROC: 0.6625 F1: 0.6136 | Project ROC: 0.5286 F1: 0.1964 
2026-02-15 14:39:11,952 - INFO - Round 477/1000
2026-02-15 14:39:12,276 - INFO -   Silhouette: 0.2745 | School ROC: 0.5914 F1: 0.5434 | Project ROC: 0.4812 F1: 0.1869 
2026-02-15 14:39:12,276 - INFO - Round 478/1000
2026-02-15 14:39:12,491 - INFO -   Silhouette: 0.2729 | School ROC: 0.6223 F1: 0.5778 | Project ROC: 0.5530 F1: 0.2692 
2026-02-15 14:39:12,491 - INFO - Round 479/1000
2026-02-15 14:39:12,740 - INFO -   Silhouette: 0.2456 | School ROC: 0.6176 F1: 0.5969 | Project ROC: 0.5454 F1: 0.2018 
2026-02-15 14:39:12,740 - INFO - Round 480/1000
2026-02-15 14:39:12,992 - INFO -   Silhouette: 0.2367 | School ROC: 0.6508 F1: 0.6199 | Project ROC: 0.5352 F1: 0.2182 
2026-02-15 14:39:12,992 - INFO - Round 481/1000
2026-02-15 14:39:13,385 - INFO -   Silhouette: 0.3277 | School ROC: 0.5875 F1: 0.5341 | Project ROC: 0.4786 F1: 0.1852 
2026-02-15 14:39:13,385 - INFO - Round 482/1000
2026-02-15 14:39:13,781 - INFO -   Silhouette: 0.3035 | School ROC: 0.6591 F1: 0.6257 | Project ROC: 0.5568 F1: 0.2095 
2026-02-15 14:39:13,782 - INFO - Round 483/1000
2026-02-15 14:39:14,036 - INFO -   Silhouette: 0.2355 | School ROC: 0.5877 F1: 0.5287 | Project ROC: 0.5273 F1: 0.2136 
2026-02-15 14:39:14,037 - INFO - Round 484/1000
2026-02-15 14:39:14,380 - INFO -   Silhouette: 0.2011 | School ROC: 0.5616 F1: 0.5517 | Project ROC: 0.6250 F1: 0.2626 
2026-02-15 14:39:14,381 - INFO - Round 485/1000
2026-02-15 14:39:14,662 - INFO -   Silhouette: 0.2146 | School ROC: 0.6308 F1: 0.5747 | Project ROC: 0.5352 F1: 0.2157 
2026-02-15 14:39:14,662 - INFO - Round 486/1000
2026-02-15 14:39:14,978 - INFO -   Silhouette: 0.2483 | School ROC: 0.6220 F1: 0.5955 | Project ROC: 0.5515 F1: 0.2476 
2026-02-15 14:39:14,979 - INFO - Round 487/1000
2026-02-15 14:39:15,421 - INFO -   Silhouette: 0.2380 | School ROC: 0.6408 F1: 0.5946 | Project ROC: 0.5406 F1: 0.2430 
2026-02-15 14:39:15,421 - INFO - Round 488/1000
2026-02-15 14:39:15,654 - INFO -   Silhouette: 0.2417 | School ROC: 0.6413 F1: 0.6012 | Project ROC: 0.5760 F1: 0.2476 
2026-02-15 14:39:15,654 - INFO - Round 489/1000
2026-02-15 14:39:15,917 - INFO -   Silhouette: 0.2276 | School ROC: 0.6923 F1: 0.6316 | Project ROC: 0.5597 F1: 0.2545 
2026-02-15 14:39:15,918 - INFO - Round 490/1000
2026-02-15 14:39:16,191 - INFO -   Silhouette: 0.2548 | School ROC: 0.5877 F1: 0.6237 | Project ROC: 0.5970 F1: 0.2202 
2026-02-15 14:39:16,191 - INFO - Round 491/1000
2026-02-15 14:39:16,525 - INFO -   Silhouette: 0.2434 | School ROC: 0.6028 F1: 0.5889 | Project ROC: 0.5273 F1: 0.2162 
2026-02-15 14:39:16,527 - INFO - Round 492/1000
2026-02-15 14:39:16,774 - INFO -   Silhouette: 0.2330 | School ROC: 0.6711 F1: 0.6489 | Project ROC: 0.5620 F1: 0.2478 
2026-02-15 14:39:16,774 - INFO - Round 493/1000
2026-02-15 14:39:17,019 - INFO -   Silhouette: 0.2115 | School ROC: 0.5892 F1: 0.5576 | Project ROC: 0.5330 F1: 0.2083 
2026-02-15 14:39:17,019 - INFO - Round 494/1000
2026-02-15 14:39:17,410 - INFO -   Silhouette: 0.2455 | School ROC: 0.6256 F1: 0.6387 | Project ROC: 0.5597 F1: 0.2301 
2026-02-15 14:39:17,410 - INFO - Round 495/1000
2026-02-15 14:39:17,754 - INFO -   Silhouette: 0.2340 | School ROC: 0.5840 F1: 0.5856 | Project ROC: 0.5341 F1: 0.2136 
2026-02-15 14:39:17,754 - INFO - Round 496/1000
2026-02-15 14:39:18,078 - INFO -   Silhouette: 0.2660 | School ROC: 0.6347 F1: 0.5730 | Project ROC: 0.4749 F1: 0.2000 
2026-02-15 14:39:18,078 - INFO - Round 497/1000
2026-02-15 14:39:18,349 - INFO -   Silhouette: 0.2266 | School ROC: 0.6403 F1: 0.5509 | Project ROC: 0.5333 F1: 0.2321 
2026-02-15 14:39:18,350 - INFO - Round 498/1000
2026-02-15 14:39:18,617 - INFO -   Silhouette: 0.2562 | School ROC: 0.6448 F1: 0.5943 | Project ROC: 0.4462 F1: 0.1622 
2026-02-15 14:39:18,617 - INFO - Round 499/1000
2026-02-15 14:39:18,851 - INFO -   Silhouette: 0.2842 | School ROC: 0.6228 F1: 0.5778 | Project ROC: 0.5859 F1: 0.2830 
2026-02-15 14:39:18,851 - INFO - Round 500/1000
2026-02-15 14:39:19,242 - INFO -   Silhouette: 0.2591 | School ROC: 0.6415 F1: 0.5978 | Project ROC: 0.5314 F1: 0.2157 
2026-02-15 14:39:19,243 - INFO - Round 501/1000
2026-02-15 14:39:19,534 - INFO -   Silhouette: 0.2242 | School ROC: 0.6039 F1: 0.5780 | Project ROC: 0.5824 F1: 0.2400 
2026-02-15 14:39:19,534 - INFO - Round 502/1000
2026-02-15 14:39:19,831 - INFO -   Silhouette: 0.2865 | School ROC: 0.6683 F1: 0.6230 | Project ROC: 0.5827 F1: 0.2523 
2026-02-15 14:39:19,831 - INFO - Round 503/1000
2026-02-15 14:39:20,096 - INFO -   Silhouette: 0.2245 | School ROC: 0.6293 F1: 0.6387 | Project ROC: 0.5080 F1: 0.1800 
2026-02-15 14:39:20,096 - INFO - Round 504/1000
2026-02-15 14:39:20,366 - INFO -   Silhouette: 0.2244 | School ROC: 0.6482 F1: 0.6044 | Project ROC: 0.5719 F1: 0.2500 
2026-02-15 14:39:20,366 - INFO - Round 505/1000
2026-02-15 14:39:20,630 - INFO -   Silhouette: 0.2474 | School ROC: 0.6227 F1: 0.5780 | Project ROC: 0.5327 F1: 0.2281 
2026-02-15 14:39:20,630 - INFO - Round 506/1000
2026-02-15 14:39:20,969 - INFO -   Silhouette: 0.2186 | School ROC: 0.6699 F1: 0.6667 | Project ROC: 0.5792 F1: 0.2478 
2026-02-15 14:39:20,969 - INFO - Round 507/1000
2026-02-15 14:39:21,206 - INFO -   Silhouette: 0.2585 | School ROC: 0.6159 F1: 0.5820 | Project ROC: 0.5330 F1: 0.2321 
2026-02-15 14:39:21,206 - INFO - Round 508/1000
2026-02-15 14:39:21,445 - INFO -   Silhouette: 0.2279 | School ROC: 0.6495 F1: 0.6292 | Project ROC: 0.5741 F1: 0.2642 
2026-02-15 14:39:21,445 - INFO - Round 509/1000
2026-02-15 14:39:21,725 - INFO -   Silhouette: 0.2154 | School ROC: 0.5958 F1: 0.6032 | Project ROC: 0.5004 F1: 0.1684 
2026-02-15 14:39:21,725 - INFO - Round 510/1000
2026-02-15 14:39:21,978 - INFO -   Silhouette: 0.2567 | School ROC: 0.6301 F1: 0.6154 | Project ROC: 0.5743 F1: 0.2632 
2026-02-15 14:39:21,978 - INFO - Round 511/1000
2026-02-15 14:39:22,259 - INFO -   Silhouette: 0.1680 | School ROC: 0.6077 F1: 0.5238 | Project ROC: 0.5814 F1: 0.2692 
2026-02-15 14:39:22,259 - INFO - Round 512/1000
2026-02-15 14:39:22,630 - INFO -   Silhouette: 0.2737 | School ROC: 0.6218 F1: 0.5896 | Project ROC: 0.6032 F1: 0.2778 
2026-02-15 14:39:22,630 - INFO - Round 513/1000
2026-02-15 14:39:22,915 - INFO -   Silhouette: 0.2220 | School ROC: 0.6104 F1: 0.5698 | Project ROC: 0.5263 F1: 0.1942 
2026-02-15 14:39:22,915 - INFO - Round 514/1000
2026-02-15 14:39:23,293 - INFO -   Silhouette: 0.1607 | School ROC: 0.6337 F1: 0.6243 | Project ROC: 0.5442 F1: 0.2095 
2026-02-15 14:39:23,293 - INFO - Round 515/1000
2026-02-15 14:39:23,562 - INFO -   Silhouette: 0.2174 | School ROC: 0.6175 F1: 0.5862 | Project ROC: 0.5693 F1: 0.2667 
2026-02-15 14:39:23,563 - INFO - Round 516/1000
2026-02-15 14:39:23,820 - INFO -   Silhouette: 0.2586 | School ROC: 0.6403 F1: 0.5989 | Project ROC: 0.5175 F1: 0.2095 
2026-02-15 14:39:23,821 - INFO - Round 517/1000
2026-02-15 14:39:24,053 - INFO -   Silhouette: 0.2448 | School ROC: 0.6661 F1: 0.6595 | Project ROC: 0.5598 F1: 0.2500 
2026-02-15 14:39:24,053 - INFO - Round 518/1000
2026-02-15 14:39:24,384 - INFO -   Silhouette: 0.1868 | School ROC: 0.6416 F1: 0.5730 | Project ROC: 0.5229 F1: 0.2000 
2026-02-15 14:39:24,384 - INFO - Round 519/1000
2026-02-15 14:39:24,662 - INFO -   Silhouette: 0.2890 | School ROC: 0.6166 F1: 0.5856 | Project ROC: 0.5130 F1: 0.2222 
2026-02-15 14:39:24,662 - INFO - Round 520/1000
2026-02-15 14:39:24,911 - INFO -   Silhouette: 0.2139 | School ROC: 0.5997 F1: 0.5763 | Project ROC: 0.5050 F1: 0.1489 
2026-02-15 14:39:24,911 - INFO - Round 521/1000
2026-02-15 14:39:25,217 - INFO -   Silhouette: 0.2404 | School ROC: 0.6445 F1: 0.6057 | Project ROC: 0.5231 F1: 0.2222 
2026-02-15 14:39:25,217 - INFO - Round 522/1000
2026-02-15 14:39:25,590 - INFO -   Silhouette: 0.2677 | School ROC: 0.6461 F1: 0.6230 | Project ROC: 0.5538 F1: 0.2136 
2026-02-15 14:39:25,590 - INFO - Round 523/1000
2026-02-15 14:39:25,838 - INFO -   Silhouette: 0.1985 | School ROC: 0.5722 F1: 0.5635 | Project ROC: 0.5741 F1: 0.2500 
2026-02-15 14:39:25,839 - INFO - Round 524/1000
2026-02-15 14:39:26,238 - INFO -   Silhouette: 0.2570 | School ROC: 0.6101 F1: 0.5946 | Project ROC: 0.5751 F1: 0.2162 
2026-02-15 14:39:26,238 - INFO - Round 525/1000
2026-02-15 14:39:26,572 - INFO -   Silhouette: 0.1974 | School ROC: 0.6136 F1: 0.5778 | Project ROC: 0.5588 F1: 0.2549 
2026-02-15 14:39:26,573 - INFO - Round 526/1000
2026-02-15 14:39:26,797 - INFO -   Silhouette: 0.2258 | School ROC: 0.6504 F1: 0.6180 | Project ROC: 0.5757 F1: 0.2772 
2026-02-15 14:39:26,797 - INFO - Round 527/1000
2026-02-15 14:39:27,151 - INFO -   Silhouette: 0.2590 | School ROC: 0.6354 F1: 0.6154 | Project ROC: 0.5562 F1: 0.2243 
2026-02-15 14:39:27,151 - INFO - Round 528/1000
2026-02-15 14:39:27,450 - INFO -   Silhouette: 0.2383 | School ROC: 0.5676 F1: 0.5537 | Project ROC: 0.5552 F1: 0.2245 
2026-02-15 14:39:27,451 - INFO - Round 529/1000
2026-02-15 14:39:27,817 - INFO -   Silhouette: 0.2025 | School ROC: 0.6442 F1: 0.6188 | Project ROC: 0.6030 F1: 0.2883 
2026-02-15 14:39:27,817 - INFO - Round 530/1000
2026-02-15 14:39:28,061 - INFO -   Silhouette: 0.2450 | School ROC: 0.6350 F1: 0.6387 | Project ROC: 0.5975 F1: 0.2832 
2026-02-15 14:39:28,061 - INFO - Round 531/1000
2026-02-15 14:39:28,368 - INFO -   Silhouette: 0.2156 | School ROC: 0.6223 F1: 0.5917 | Project ROC: 0.5409 F1: 0.1856 
2026-02-15 14:39:28,369 - INFO - Round 532/1000
2026-02-15 14:39:28,696 - INFO -   Silhouette: 0.2106 | School ROC: 0.6040 F1: 0.5843 | Project ROC: 0.6325 F1: 0.3200 ✓
2026-02-15 14:39:28,828 - INFO - Results saved to /home/dev/work_main/random/assesment/k_means_selected/gemma3-12B_cv_evo_results.json
2026-02-15 14:39:28,829 - INFO - Round 533/1000
2026-02-15 14:39:29,106 - INFO -   Silhouette: 0.2234 | School ROC: 0.6450 F1: 0.6339 | Project ROC: 0.5152 F1: 0.2018 
2026-02-15 14:39:29,106 - INFO - Round 534/1000
2026-02-15 14:39:29,454 - INFO -   Silhouette: 0.1944 | School ROC: 0.6835 F1: 0.6593 | Project ROC: 0.5966 F1: 0.2783 ✓
2026-02-15 14:39:29,555 - INFO - Results saved to /home/dev/work_main/random/assesment/k_means_selected/gemma3-12B_cv_evo_results.json
2026-02-15 14:39:29,555 - INFO - Round 535/1000
2026-02-15 14:39:29,729 - INFO -   Silhouette: 0.3132 | School ROC: 0.5840 F1: 0.6011 | Project ROC: 0.6269 F1: 0.2745 
2026-02-15 14:39:29,730 - INFO - Round 536/1000
2026-02-15 14:39:30,061 - INFO -   Silhouette: 0.1977 | School ROC: 0.5775 F1: 0.5506 | Project ROC: 0.5166 F1: 0.2136 
2026-02-15 14:39:30,061 - INFO - Round 537/1000
2026-02-15 14:39:30,335 - INFO -   Silhouette: 0.2341 | School ROC: 0.6471 F1: 0.6180 | Project ROC: 0.5830 F1: 0.2364 
2026-02-15 14:39:30,335 - INFO - Round 538/1000
2026-02-15 14:39:30,650 - INFO -   Silhouette: 0.2389 | School ROC: 0.6249 F1: 0.5851 | Project ROC: 0.5131 F1: 0.1770 
2026-02-15 14:39:30,656 - INFO - Round 539/1000
2026-02-15 14:39:30,871 - INFO -   Silhouette: 0.2183 | School ROC: 0.6059 F1: 0.6270 | Project ROC: 0.5229 F1: 0.1818 
2026-02-15 14:39:30,871 - INFO - Round 540/1000
2026-02-15 14:39:31,107 - INFO -   Silhouette: 0.2262 | School ROC: 0.6113 F1: 0.5486 | Project ROC: 0.5104 F1: 0.1684 
2026-02-15 14:39:31,107 - INFO - Round 541/1000
2026-02-15 14:39:31,388 - INFO -   Silhouette: 0.2413 | School ROC: 0.5903 F1: 0.5635 | Project ROC: 0.4994 F1: 0.1800 
2026-02-15 14:39:31,389 - INFO - Round 542/1000
2026-02-15 14:39:31,687 - INFO -   Silhouette: 0.2085 | School ROC: 0.6199 F1: 0.5682 | Project ROC: 0.5547 F1: 0.2308 
2026-02-15 14:39:31,687 - INFO - Round 543/1000
2026-02-15 14:39:31,921 - INFO -   Silhouette: 0.1729 | School ROC: 0.6377 F1: 0.5763 | Project ROC: 0.5446 F1: 0.1852 
2026-02-15 14:39:31,921 - INFO - Round 544/1000
2026-02-15 14:39:32,259 - INFO -   Silhouette: 0.2135 | School ROC: 0.6325 F1: 0.6067 | Project ROC: 0.5630 F1: 0.2056 
2026-02-15 14:39:32,260 - INFO - Round 545/1000
2026-02-15 14:39:32,494 - INFO -   Silhouette: 0.2165 | School ROC: 0.6166 F1: 0.5529 | Project ROC: 0.5213 F1: 0.2105 
2026-02-15 14:39:32,494 - INFO - Round 546/1000
2026-02-15 14:39:32,859 - INFO -   Silhouette: 0.2389 | School ROC: 0.6216 F1: 0.5747 | Project ROC: 0.5594 F1: 0.2200 
2026-02-15 14:39:32,859 - INFO - Round 547/1000
2026-02-15 14:39:33,110 - INFO -   Silhouette: 0.2087 | School ROC: 0.5825 F1: 0.5761 | Project ROC: 0.5743 F1: 0.2376 
2026-02-15 14:39:33,110 - INFO - Round 548/1000
2026-02-15 14:39:33,363 - INFO -   Silhouette: 0.2451 | School ROC: 0.6494 F1: 0.6180 | Project ROC: 0.5861 F1: 0.2523 
2026-02-15 14:39:33,364 - INFO - Round 549/1000
2026-02-15 14:39:33,620 - INFO -   Silhouette: 0.2725 | School ROC: 0.6377 F1: 0.5635 | Project ROC: 0.5054 F1: 0.2051 
2026-02-15 14:39:33,621 - INFO - Round 550/1000
2026-02-15 14:39:33,850 - INFO -   Silhouette: 0.2868 | School ROC: 0.6320 F1: 0.6092 | Project ROC: 0.5632 F1: 0.2626 
2026-02-15 14:39:33,851 - INFO - Round 551/1000
2026-02-15 14:39:34,118 - INFO -   Silhouette: 0.2463 | School ROC: 0.6141 F1: 0.5780 | Project ROC: 0.5452 F1: 0.2136 
2026-02-15 14:39:34,119 - INFO - Round 552/1000
2026-02-15 14:39:34,380 - INFO -   Silhouette: 0.2180 | School ROC: 0.5996 F1: 0.5814 | Project ROC: 0.5732 F1: 0.2600 
2026-02-15 14:39:34,380 - INFO - Round 553/1000
2026-02-15 14:39:34,680 - INFO -   Silhouette: 0.2033 | School ROC: 0.6217 F1: 0.6180 | Project ROC: 0.5516 F1: 0.2200 
2026-02-15 14:39:34,680 - INFO - Round 554/1000
2026-02-15 14:39:34,970 - INFO -   Silhouette: 0.2178 | School ROC: 0.6358 F1: 0.5763 | Project ROC: 0.5217 F1: 0.2115 
2026-02-15 14:39:34,970 - INFO - Round 555/1000
2026-02-15 14:39:35,237 - INFO -   Silhouette: 0.2459 | School ROC: 0.6339 F1: 0.6170 | Project ROC: 0.5554 F1: 0.2385 
2026-02-15 14:39:35,237 - INFO - Round 556/1000
2026-02-15 14:39:35,550 - INFO -   Silhouette: 0.2140 | School ROC: 0.6490 F1: 0.6413 | Project ROC: 0.5563 F1: 0.2261 
2026-02-15 14:39:35,551 - INFO - Round 557/1000
2026-02-15 14:39:35,842 - INFO -   Silhouette: 0.2726 | School ROC: 0.5936 F1: 0.6032 | Project ROC: 0.5874 F1: 0.2545 
2026-02-15 14:39:35,843 - INFO - Round 558/1000
2026-02-15 14:39:36,114 - INFO -   Silhouette: 0.2051 | School ROC: 0.6205 F1: 0.6034 | Project ROC: 0.5756 F1: 0.2449 
2026-02-15 14:39:36,114 - INFO - Round 559/1000
2026-02-15 14:39:36,436 - INFO -   Silhouette: 0.2203 | School ROC: 0.6036 F1: 0.6138 | Project ROC: 0.5266 F1: 0.1930 
2026-02-15 14:39:36,437 - INFO - Round 560/1000
2026-02-15 14:39:36,674 - INFO -   Silhouette: 0.2531 | School ROC: 0.6039 F1: 0.5647 | Project ROC: 0.4837 F1: 0.1616 
2026-02-15 14:39:36,675 - INFO - Round 561/1000
2026-02-15 14:39:36,999 - INFO -   Silhouette: 0.2509 | School ROC: 0.6061 F1: 0.5824 | Project ROC: 0.5369 F1: 0.1961 
2026-02-15 14:39:36,999 - INFO - Round 562/1000
2026-02-15 14:39:37,205 - INFO -   Silhouette: 0.2293 | School ROC: 0.6501 F1: 0.5747 | Project ROC: 0.5107 F1: 0.1964 
2026-02-15 14:39:37,205 - INFO - Round 563/1000
2026-02-15 14:39:37,456 - INFO -   Silhouette: 0.2423 | School ROC: 0.6419 F1: 0.5989 | Project ROC: 0.5785 F1: 0.2564 
2026-02-15 14:39:37,456 - INFO - Round 564/1000
2026-02-15 14:39:37,695 - INFO -   Silhouette: 0.2338 | School ROC: 0.6421 F1: 0.5889 | Project ROC: 0.6026 F1: 0.2261 
2026-02-15 14:39:37,695 - INFO - Round 565/1000
2026-02-15 14:39:37,960 - INFO -   Silhouette: 0.3133 | School ROC: 0.6165 F1: 0.5667 | Project ROC: 0.4933 F1: 0.1897 
2026-02-15 14:39:37,960 - INFO - Round 566/1000
2026-02-15 14:39:38,270 - INFO -   Silhouette: 0.2200 | School ROC: 0.5903 F1: 0.5889 | Project ROC: 0.5906 F1: 0.2316 
2026-02-15 14:39:38,270 - INFO - Round 567/1000
2026-02-15 14:39:38,530 - INFO -   Silhouette: 0.2306 | School ROC: 0.6282 F1: 0.5943 | Project ROC: 0.5554 F1: 0.2178 
2026-02-15 14:39:38,530 - INFO - Round 568/1000
2026-02-15 14:39:38,792 - INFO -   Silhouette: 0.2552 | School ROC: 0.6284 F1: 0.5838 | Project ROC: 0.5083 F1: 0.1770 
2026-02-15 14:39:38,792 - INFO - Round 569/1000
2026-02-15 14:39:39,074 - INFO -   Silhouette: 0.2593 | School ROC: 0.5708 F1: 0.5574 | Project ROC: 0.4823 F1: 0.1818 
2026-02-15 14:39:39,074 - INFO - Round 570/1000
2026-02-15 14:39:39,256 - INFO -   Silhouette: 0.1791 | School ROC: 0.5773 F1: 0.5412 | Project ROC: 0.6212 F1: 0.2766 
2026-02-15 14:39:39,256 - INFO - Round 571/1000
2026-02-15 14:39:39,555 - INFO -   Silhouette: 0.2584 | School ROC: 0.6241 F1: 0.5568 | Project ROC: 0.4910 F1: 0.1923 
2026-02-15 14:39:39,555 - INFO - Round 572/1000
2026-02-15 14:39:39,816 - INFO -   Silhouette: 0.2277 | School ROC: 0.5762 F1: 0.5763 | Project ROC: 0.5048 F1: 0.2000 
2026-02-15 14:39:39,817 - INFO - Round 573/1000
2026-02-15 14:39:40,075 - INFO -   Silhouette: 0.1887 | School ROC: 0.6054 F1: 0.5922 | Project ROC: 0.5359 F1: 0.2202 
2026-02-15 14:39:40,076 - INFO - Round 574/1000
2026-02-15 14:39:40,318 - INFO -   Silhouette: 0.2125 | School ROC: 0.5920 F1: 0.5529 | Project ROC: 0.4985 F1: 0.2020 
2026-02-15 14:39:40,319 - INFO - Round 575/1000
2026-02-15 14:39:40,566 - INFO -   Silhouette: 0.2209 | School ROC: 0.5746 F1: 0.5412 | Project ROC: 0.5093 F1: 0.1856 
2026-02-15 14:39:40,566 - INFO - Round 576/1000
2026-02-15 14:39:41,047 - INFO -   Silhouette: 0.2830 | School ROC: 0.6235 F1: 0.6054 | Project ROC: 0.5035 F1: 0.1835 
2026-02-15 14:39:41,047 - INFO - Round 577/1000
2026-02-15 14:39:41,288 - INFO -   Silhouette: 0.2600 | School ROC: 0.6409 F1: 0.6145 | Project ROC: 0.5849 F1: 0.2830 
2026-02-15 14:39:41,288 - INFO - Round 578/1000
2026-02-15 14:39:41,613 - INFO -   Silhouette: 0.2680 | School ROC: 0.6110 F1: 0.5618 | Project ROC: 0.5318 F1: 0.2321 
2026-02-15 14:39:41,613 - INFO - Round 579/1000
2026-02-15 14:39:41,881 - INFO -   Silhouette: 0.2134 | School ROC: 0.6223 F1: 0.5909 | Project ROC: 0.5057 F1: 0.2157 
2026-02-15 14:39:41,881 - INFO - Round 580/1000
2026-02-15 14:39:42,202 - INFO -   Silhouette: 0.2484 | School ROC: 0.6139 F1: 0.6000 | Project ROC: 0.5144 F1: 0.2243 
2026-02-15 14:39:42,202 - INFO - Round 581/1000
2026-02-15 14:39:42,468 - INFO -   Silhouette: 0.2650 | School ROC: 0.6220 F1: 0.6023 | Project ROC: 0.5762 F1: 0.2653 
2026-02-15 14:39:42,469 - INFO - Round 582/1000
2026-02-15 14:39:42,738 - INFO -   Silhouette: 0.2531 | School ROC: 0.6279 F1: 0.5902 | Project ROC: 0.5280 F1: 0.2000 
2026-02-15 14:39:42,738 - INFO - Round 583/1000
2026-02-15 14:39:42,989 - INFO -   Silhouette: 0.2164 | School ROC: 0.5861 F1: 0.6170 | Project ROC: 0.5295 F1: 0.1935 
2026-02-15 14:39:42,989 - INFO - Round 584/1000
2026-02-15 14:39:43,338 - INFO -   Silhouette: 0.2520 | School ROC: 0.6763 F1: 0.6304 | Project ROC: 0.5516 F1: 0.2281 
2026-02-15 14:39:43,338 - INFO - Round 585/1000
2026-02-15 14:39:43,662 - INFO -   Silhouette: 0.2492 | School ROC: 0.5813 F1: 0.5556 | Project ROC: 0.5346 F1: 0.1942 
2026-02-15 14:39:43,663 - INFO - Round 586/1000
2026-02-15 14:39:43,905 - INFO -   Silhouette: 0.1932 | School ROC: 0.6499 F1: 0.6000 | Project ROC: 0.5333 F1: 0.1935 
2026-02-15 14:39:43,905 - INFO - Round 587/1000
2026-02-15 14:39:44,219 - INFO -   Silhouette: 0.1949 | School ROC: 0.6214 F1: 0.6154 | Project ROC: 0.6069 F1: 0.2883 
2026-02-15 14:39:44,219 - INFO - Round 588/1000
2026-02-15 14:39:44,495 - INFO -   Silhouette: 0.2134 | School ROC: 0.6405 F1: 0.5943 | Project ROC: 0.5741 F1: 0.2308 
2026-02-15 14:39:44,495 - INFO - Round 589/1000
2026-02-15 14:39:44,734 - INFO -   Silhouette: 0.2270 | School ROC: 0.6183 F1: 0.5934 | Project ROC: 0.5800 F1: 0.2286 
2026-02-15 14:39:44,734 - INFO - Round 590/1000
2026-02-15 14:41:06,415 - INFO - 
======================================================================
2026-02-15 14:41:06,415 - INFO - CLASS DISTRIBUTION DIAGNOSTICS
2026-02-15 14:41:06,415 - INFO - ======================================================================
2026-02-15 14:41:06,416 - INFO - 
school_participation_flag:
2026-02-15 14:41:06,416 - INFO -   Class 0 (negative): 309 samples (54.12%)
2026-02-15 14:41:06,416 - INFO -   Class 1 (positive): 262 samples (45.88%)
2026-02-15 14:41:06,417 - INFO - 
project_participation_flag:
2026-02-15 14:41:06,417 - INFO -   Class 0 (negative): 494 samples (86.51%)
2026-02-15 14:41:06,417 - INFO -   Class 1 (positive): 77 samples (13.49%)
2026-02-15 14:41:06,417 - INFO - ======================================================================

2026-02-15 14:41:06,418 - INFO - Initialized experiment: K=10, feature_mode='mean'
2026-02-15 14:41:06,418 - INFO - Starting experiment: gemma3-12B_cv_evo
2026-02-15 14:41:06,418 - INFO - Research focus: Correlation between unsupervised clustering (Silhouette) and supervised metrics
2026-02-15 14:41:06,418 - INFO - Round 1/100
2026-02-15 14:41:06,747 - INFO -   Silhouette: 0.2315 | School ROC: 0.6307 F1: 0.5665 | Project ROC: 0.5357 F1: 0.1913 ✓
2026-02-15 14:41:06,747 - INFO -     📊 Silhouette improvement → Avg ROC: 0.5832 | Avg F1: 0.3789 | F1/ROC ratio: 0.6496 (F1 < ROC (conservative predictions))
2026-02-15 14:41:06,749 - INFO - Results saved to /home/dev/work_main/random/assesment/k_means_selected/gemma3-12B_cv_evo_results.json
2026-02-15 14:41:06,750 - INFO - Round 2/100
2026-02-15 14:41:07,228 - INFO -   Silhouette: 0.2275 | School ROC: 0.6707 F1: 0.6369 | Project ROC: 0.5413 F1: 0.2301 ✓
2026-02-15 14:41:07,229 - INFO - Results saved to /home/dev/work_main/random/assesment/k_means_selected/gemma3-12B_cv_evo_results.json
2026-02-15 14:41:07,230 - INFO - Round 3/100
2026-02-15 14:41:07,555 - INFO -   Silhouette: 0.2631 | School ROC: 0.6042 F1: 0.5556 | Project ROC: 0.5064 F1: 0.2018 ✓
2026-02-15 14:41:07,556 - INFO -     📊 Silhouette improvement → Avg ROC: 0.5553 | Avg F1: 0.3787 | F1/ROC ratio: 0.6820 (F1 < ROC (conservative predictions))
2026-02-15 14:41:07,558 - INFO - Results saved to /home/dev/work_main/random/assesment/k_means_selected/gemma3-12B_cv_evo_results.json
2026-02-15 14:41:07,559 - INFO - Round 4/100
2026-02-15 14:41:07,872 - INFO -   Silhouette: 0.1915 | School ROC: 0.5640 F1: 0.5506 | Project ROC: 0.6085 F1: 0.2500 ✓
2026-02-15 14:41:07,875 - INFO - Results saved to /home/dev/work_main/random/assesment/k_means_selected/gemma3-12B_cv_evo_results.json
2026-02-15 14:41:07,875 - INFO - Round 5/100
2026-02-15 14:41:08,262 - INFO -   Silhouette: 0.2238 | School ROC: 0.6395 F1: 0.6298 | Project ROC: 0.5401 F1: 0.2182 
2026-02-15 14:41:08,262 - INFO - Round 6/100
2026-02-15 14:41:08,588 - INFO -   Silhouette: 0.2387 | School ROC: 0.6019 F1: 0.5618 | Project ROC: 0.4877 F1: 0.2020 
2026-02-15 14:41:08,589 - INFO - Round 7/100
2026-02-15 14:41:08,914 - INFO -   Silhouette: 0.2556 | School ROC: 0.5805 F1: 0.5730 | Project ROC: 0.4924 F1: 0.1961 
2026-02-15 14:41:08,914 - INFO - Round 8/100
2026-02-15 14:41:09,203 - INFO -   Silhouette: 0.2418 | School ROC: 0.5817 F1: 0.5652 | Project ROC: 0.4895 F1: 0.2115 
2026-02-15 14:41:09,203 - INFO - Round 9/100
2026-02-15 14:41:09,588 - INFO -   Silhouette: 0.2399 | School ROC: 0.6207 F1: 0.5856 | Project ROC: 0.5330 F1: 0.2037 
2026-02-15 14:41:09,588 - INFO - Round 10/100
2026-02-15 14:41:09,898 - INFO -   Silhouette: 0.2704 | School ROC: 0.6126 F1: 0.5824 | Project ROC: 0.5422 F1: 0.2051 ✓
2026-02-15 14:41:09,898 - INFO -     📊 Silhouette improvement → Avg ROC: 0.5774 | Avg F1: 0.3938 | F1/ROC ratio: 0.6820 (F1 < ROC (conservative predictions))
2026-02-15 14:41:09,901 - INFO - Results saved to /home/dev/work_main/random/assesment/k_means_selected/gemma3-12B_cv_evo_results.json
2026-02-15 14:41:09,901 - INFO - Round 11/100
2026-02-15 14:41:10,303 - INFO -   Silhouette: 0.2217 | School ROC: 0.5852 F1: 0.5902 | Project ROC: 0.5413 F1: 0.2157 
2026-02-15 14:41:10,303 - INFO - Round 12/100
2026-02-15 14:41:10,608 - INFO -   Silhouette: 0.2456 | School ROC: 0.6563 F1: 0.6257 | Project ROC: 0.6208 F1: 0.2545 ✓
2026-02-15 14:41:10,612 - INFO - Results saved to /home/dev/work_main/random/assesment/k_means_selected/gemma3-12B_cv_evo_results.json
2026-02-15 14:41:10,612 - INFO - Round 13/100
2026-02-15 14:41:10,948 - INFO -   Silhouette: 0.2341 | School ROC: 0.6127 F1: 0.6087 | Project ROC: 0.5444 F1: 0.2115 
2026-02-15 14:41:10,948 - INFO - Round 14/100
2026-02-15 14:41:11,247 - INFO -   Silhouette: 0.2677 | School ROC: 0.6518 F1: 0.5946 | Project ROC: 0.5486 F1: 0.2261 
2026-02-15 14:41:11,247 - INFO - Round 15/100
2026-02-15 14:41:11,518 - INFO -   Silhouette: 0.2370 | School ROC: 0.6241 F1: 0.6146 | Project ROC: 0.5648 F1: 0.2342 
2026-02-15 14:41:11,519 - INFO - Round 16/100
2026-02-15 14:41:11,807 - INFO -   Silhouette: 0.2543 | School ROC: 0.6212 F1: 0.6073 | Project ROC: 0.5668 F1: 0.2105 
2026-02-15 14:41:11,807 - INFO - Round 17/100
2026-02-15 14:41:12,199 - INFO -   Silhouette: 0.3088 | School ROC: 0.6562 F1: 0.6178 | Project ROC: 0.5525 F1: 0.2435 ✓
2026-02-15 14:41:12,199 - INFO -     📊 Silhouette improvement → Avg ROC: 0.6044 | Avg F1: 0.4306 | F1/ROC ratio: 0.7126 (F1 < ROC (conservative predictions))
2026-02-15 14:41:12,203 - INFO - Results saved to /home/dev/work_main/random/assesment/k_means_selected/gemma3-12B_cv_evo_results.json
2026-02-15 14:41:12,203 - INFO - Round 18/100
2026-02-15 14:41:12,482 - INFO -   Silhouette: 0.3199 | School ROC: 0.6401 F1: 0.6114 | Project ROC: 0.5442 F1: 0.2185 ✓
2026-02-15 14:41:12,482 - INFO -     📊 Silhouette improvement → Avg ROC: 0.5922 | Avg F1: 0.4149 | F1/ROC ratio: 0.7007 (F1 < ROC (conservative predictions))
2026-02-15 14:41:12,487 - INFO - Results saved to /home/dev/work_main/random/assesment/k_means_selected/gemma3-12B_cv_evo_results.json
2026-02-15 14:41:12,487 - INFO - Round 19/100
2026-02-15 14:41:12,709 - INFO -   Silhouette: 0.2124 | School ROC: 0.6072 F1: 0.5650 | Project ROC: 0.5025 F1: 0.1748 
2026-02-15 14:41:12,710 - INFO - Round 20/100
2026-02-15 14:41:12,983 - INFO -   Silhouette: 0.2367 | School ROC: 0.6271 F1: 0.5698 | Project ROC: 0.5306 F1: 0.2281 
2026-02-15 14:41:12,984 - INFO - Round 21/100
2026-02-15 14:41:13,247 - INFO -   Silhouette: 0.2235 | School ROC: 0.6501 F1: 0.6396 | Project ROC: 0.5343 F1: 0.2478 ✓
2026-02-15 14:41:13,255 - INFO - Results saved to /home/dev/work_main/random/assesment/k_means_selected/gemma3-12B_cv_evo_results.json
2026-02-15 14:41:13,256 - INFO - Round 22/100
2026-02-15 14:41:13,523 - INFO -   Silhouette: 0.2505 | School ROC: 0.5875 F1: 0.6188 | Project ROC: 0.5311 F1: 0.2095 
2026-02-15 14:41:13,524 - INFO - Round 23/100
2026-02-15 14:41:13,783 - INFO -   Silhouette: 0.2492 | School ROC: 0.6443 F1: 0.6000 | Project ROC: 0.5282 F1: 0.2364 
2026-02-15 14:41:13,783 - INFO - Round 24/100
2026-02-15 14:41:14,017 - INFO -   Silhouette: 0.2902 | School ROC: 0.5736 F1: 0.5568 | Project ROC: 0.4918 F1: 0.2162 
2026-02-15 14:41:14,017 - INFO - Round 25/100
2026-02-15 14:41:14,273 - INFO -   Silhouette: 0.2111 | School ROC: 0.5955 F1: 0.5862 | Project ROC: 0.5498 F1: 0.2020 
2026-02-15 14:41:14,274 - INFO - Round 26/100
2026-02-15 14:41:14,565 - INFO -   Silhouette: 0.2600 | School ROC: 0.6179 F1: 0.5876 | Project ROC: 0.5285 F1: 0.2075 
2026-02-15 14:41:14,565 - INFO - Round 27/100
2026-02-15 14:41:14,860 - INFO -   Silhouette: 0.2521 | School ROC: 0.6335 F1: 0.5922 | Project ROC: 0.5022 F1: 0.2037 
2026-02-15 14:41:14,861 - INFO - Round 28/100
2026-02-15 14:41:15,158 - INFO -   Silhouette: 0.2393 | School ROC: 0.5720 F1: 0.5730 | Project ROC: 0.5441 F1: 0.2340 
2026-02-15 14:41:15,158 - INFO - Round 29/100
2026-02-15 14:41:15,381 - INFO -   Silhouette: 0.2194 | School ROC: 0.6351 F1: 0.6154 | Project ROC: 0.5716 F1: 0.2453 
2026-02-15 14:41:15,382 - INFO - Round 30/100
2026-02-15 14:41:15,755 - INFO -   Silhouette: 0.2413 | School ROC: 0.6889 F1: 0.5943 | Project ROC: 0.5630 F1: 0.2456 ✓
2026-02-15 14:41:15,762 - INFO - Results saved to /home/dev/work_main/random/assesment/k_means_selected/gemma3-12B_cv_evo_results.json
2026-02-15 14:41:15,762 - INFO - Round 31/100
2026-02-15 14:41:16,003 - INFO -   Silhouette: 0.1962 | School ROC: 0.6103 F1: 0.5650 | Project ROC: 0.5328 F1: 0.2075 
2026-02-15 14:41:16,004 - INFO - Round 32/100
2026-02-15 14:41:16,266 - INFO -   Silhouette: 0.2799 | School ROC: 0.6247 F1: 0.6032 | Project ROC: 0.5317 F1: 0.1964 
2026-02-15 14:41:16,266 - INFO - Round 33/100
2026-02-15 14:41:16,653 - INFO -   Silhouette: 0.2287 | School ROC: 0.6717 F1: 0.6562 | Project ROC: 0.5493 F1: 0.2393 ✓
2026-02-15 14:41:16,666 - INFO - Results saved to /home/dev/work_main/random/assesment/k_means_selected/gemma3-12B_cv_evo_results.json
2026-02-15 14:41:16,666 - INFO - Round 34/100
2026-02-15 14:41:16,898 - INFO -   Silhouette: 0.2343 | School ROC: 0.6147 F1: 0.6231 | Project ROC: 0.5413 F1: 0.2200 
2026-02-15 14:41:16,898 - INFO - Round 35/100
2026-02-15 14:41:17,206 - INFO -   Silhouette: 0.2708 | School ROC: 0.6516 F1: 0.5930 | Project ROC: 0.5928 F1: 0.2931 ✓
2026-02-15 14:41:17,214 - INFO - Results saved to /home/dev/work_main/random/assesment/k_means_selected/gemma3-12B_cv_evo_results.json
2026-02-15 14:41:17,214 - INFO - Round 36/100
2026-02-15 14:41:17,469 - INFO -   Silhouette: 0.2584 | School ROC: 0.5971 F1: 0.5806 | Project ROC: 0.5303 F1: 0.2162 
2026-02-15 14:41:17,469 - INFO - Round 37/100
2026-02-15 14:41:17,728 - INFO -   Silhouette: 0.2493 | School ROC: 0.5759 F1: 0.5667 | Project ROC: 0.4914 F1: 0.2182 
2026-02-15 14:41:17,728 - INFO - Round 38/100
2026-02-15 14:41:18,025 - INFO -   Silhouette: 0.2479 | School ROC: 0.6000 F1: 0.6032 | Project ROC: 0.5187 F1: 0.2000 
2026-02-15 14:41:18,025 - INFO - Round 39/100
2026-02-15 14:41:18,283 - INFO -   Silhouette: 0.2403 | School ROC: 0.6315 F1: 0.6413 | Project ROC: 0.5493 F1: 0.2478 
2026-02-15 14:41:18,283 - INFO - Round 40/100
2026-02-15 14:41:18,633 - INFO -   Silhouette: 0.2674 | School ROC: 0.6579 F1: 0.6417 | Project ROC: 0.5414 F1: 0.2124 
2026-02-15 14:41:18,633 - INFO - Round 41/100
2026-02-15 14:41:18,920 - INFO -   Silhouette: 0.3237 | School ROC: 0.6369 F1: 0.6114 | Project ROC: 0.5321 F1: 0.2281 ✓
2026-02-15 14:41:18,921 - INFO -     📊 Silhouette improvement → Avg ROC: 0.5845 | Avg F1: 0.4197 | F1/ROC ratio: 0.7181 (F1 < ROC (conservative predictions))
2026-02-15 14:41:18,933 - INFO - Results saved to /home/dev/work_main/random/assesment/k_means_selected/gemma3-12B_cv_evo_results.json
2026-02-15 14:41:18,933 - INFO - Round 42/100
2026-02-15 14:41:19,296 - INFO -   Silhouette: 0.2686 | School ROC: 0.6014 F1: 0.5714 | Project ROC: 0.4806 F1: 0.1869 
2026-02-15 14:41:19,296 - INFO - Round 43/100
2026-02-15 14:41:19,558 - INFO -   Silhouette: 0.1934 | School ROC: 0.6766 F1: 0.6358 | Project ROC: 0.5684 F1: 0.2655 ✓
2026-02-15 14:41:19,572 - INFO - Results saved to /home/dev/work_main/random/assesment/k_means_selected/gemma3-12B_cv_evo_results.json
2026-02-15 14:41:19,572 - INFO - Round 44/100
2026-02-15 14:41:19,843 - INFO -   Silhouette: 0.2402 | School ROC: 0.6345 F1: 0.5902 | Project ROC: 0.5623 F1: 0.2261 
2026-02-15 14:41:19,843 - INFO - Round 45/100
2026-02-15 14:41:20,125 - INFO -   Silhouette: 0.2917 | School ROC: 0.6146 F1: 0.6000 | Project ROC: 0.5032 F1: 0.2243 
2026-02-15 14:41:20,126 - INFO - Round 46/100
2026-02-15 14:41:20,406 - INFO -   Silhouette: 0.2974 | School ROC: 0.5856 F1: 0.5635 | Project ROC: 0.4749 F1: 0.1887 
2026-02-15 14:41:20,406 - INFO - Round 47/100
2026-02-15 14:41:20,647 - INFO -   Silhouette: 0.2453 | School ROC: 0.6000 F1: 0.5556 | Project ROC: 0.5318 F1: 0.2075 
2026-02-15 14:41:20,647 - INFO - Round 48/100
2026-02-15 14:41:20,851 - INFO -   Silhouette: 0.2263 | School ROC: 0.6264 F1: 0.5902 | Project ROC: 0.5212 F1: 0.1786 
2026-02-15 14:41:20,851 - INFO - Round 49/100
2026-02-15 14:41:21,192 - INFO -   Silhouette: 0.2370 | School ROC: 0.6009 F1: 0.5922 | Project ROC: 0.5667 F1: 0.2500 
2026-02-15 14:41:21,193 - INFO - Round 50/100
2026-02-15 14:41:21,469 - INFO -   Silhouette: 0.2685 | School ROC: 0.6083 F1: 0.5795 | Project ROC: 0.4882 F1: 0.2243 
2026-02-15 14:41:21,469 - INFO - Round 51/100
2026-02-15 14:41:21,763 - INFO -   Silhouette: 0.2738 | School ROC: 0.6039 F1: 0.5792 | Project ROC: 0.5268 F1: 0.2243 
2026-02-15 14:41:21,763 - INFO - Round 52/100
2026-02-15 14:41:22,010 - INFO -   Silhouette: 0.2595 | School ROC: 0.6369 F1: 0.6022 | Project ROC: 0.5477 F1: 0.2545 
2026-02-15 14:41:22,010 - INFO - Round 53/100
2026-02-15 14:41:22,217 - INFO -   Silhouette: 0.2467 | School ROC: 0.6063 F1: 0.5824 | Project ROC: 0.5292 F1: 0.1947 
2026-02-15 14:41:22,217 - INFO - Round 54/100
2026-02-15 14:41:22,536 - INFO -   Silhouette: 0.2703 | School ROC: 0.6378 F1: 0.6250 | Project ROC: 0.5587 F1: 0.2321 
2026-02-15 14:41:22,536 - INFO - Round 55/100
2026-02-15 14:41:22,828 - INFO -   Silhouette: 0.2373 | School ROC: 0.6073 F1: 0.5780 | Project ROC: 0.5047 F1: 0.1748 
2026-02-15 14:41:22,828 - INFO - Round 56/100
2026-02-15 14:41:23,070 - INFO -   Silhouette: 0.2659 | School ROC: 0.6279 F1: 0.6162 | Project ROC: 0.5258 F1: 0.2000 
2026-02-15 14:41:23,070 - INFO - Round 57/100
2026-02-15 14:41:23,282 - INFO -   Silhouette: 0.2579 | School ROC: 0.5851 F1: 0.5604 | Project ROC: 0.4844 F1: 0.1964 
2026-02-15 14:41:23,282 - INFO - Round 58/100
2026-02-15 14:41:23,590 - INFO -   Silhouette: 0.2725 | School ROC: 0.5710 F1: 0.5856 | Project ROC: 0.5022 F1: 0.1964 
2026-02-15 14:41:23,590 - INFO - Round 59/100
2026-02-15 14:41:23,901 - INFO -   Silhouette: 0.3079 | School ROC: 0.6403 F1: 0.6145 | Project ROC: 0.5862 F1: 0.2524 
2026-02-15 14:41:23,902 - INFO - Round 60/100
2026-02-15 14:41:24,362 - INFO -   Silhouette: 0.2611 | School ROC: 0.6013 F1: 0.5820 | Project ROC: 0.4959 F1: 0.1869 
2026-02-15 14:41:24,363 - INFO - Round 61/100
2026-02-15 14:41:24,683 - INFO -   Silhouette: 0.2186 | School ROC: 0.6232 F1: 0.5856 | Project ROC: 0.5004 F1: 0.1852 
2026-02-15 14:41:24,690 - INFO - Round 62/100
2026-02-15 14:41:25,020 - INFO -   Silhouette: 0.2322 | School ROC: 0.6480 F1: 0.5843 | Project ROC: 0.5528 F1: 0.2301 
2026-02-15 14:41:25,020 - INFO - Round 63/100
2026-02-15 14:41:25,261 - INFO -   Silhouette: 0.2861 | School ROC: 0.6414 F1: 0.6064 | Project ROC: 0.5111 F1: 0.2105 
2026-02-15 14:41:25,262 - INFO - Round 64/100
2026-02-15 14:41:25,515 - INFO -   Silhouette: 0.3324 | School ROC: 0.6385 F1: 0.6000 | Project ROC: 0.6186 F1: 0.2772 ✓
2026-02-15 14:41:25,516 - INFO -     📊 Silhouette improvement → Avg ROC: 0.6286 | Avg F1: 0.4386 | F1/ROC ratio: 0.6978 (F1 < ROC (conservative predictions))
2026-02-15 14:41:25,537 - INFO - Results saved to /home/dev/work_main/random/assesment/k_means_selected/gemma3-12B_cv_evo_results.json
2026-02-15 14:41:25,537 - INFO - Round 65/100
2026-02-15 14:41:25,709 - INFO -   Silhouette: 0.3093 | School ROC: 0.6158 F1: 0.6270 | Project ROC: 0.5982 F1: 0.2718 
2026-02-15 14:41:25,709 - INFO - Round 66/100
2026-02-15 14:41:25,983 - INFO -   Silhouette: 0.2564 | School ROC: 0.6375 F1: 0.6067 | Project ROC: 0.5667 F1: 0.2385 
2026-02-15 14:41:25,984 - INFO - Round 67/100
2026-02-15 14:41:26,214 - INFO -   Silhouette: 0.2707 | School ROC: 0.6249 F1: 0.5562 | Project ROC: 0.5696 F1: 0.2593 
2026-02-15 14:41:26,214 - INFO - Round 68/100
2026-02-15 14:41:26,506 - INFO -   Silhouette: 0.2515 | School ROC: 0.6356 F1: 0.5889 | Project ROC: 0.5486 F1: 0.2222 
2026-02-15 14:41:26,506 - INFO - Round 69/100
2026-02-15 14:41:26,725 - INFO -   Silhouette: 0.2423 | School ROC: 0.5723 F1: 0.5882 | Project ROC: 0.5229 F1: 0.2243 
2026-02-15 14:41:26,726 - INFO - Round 70/100
2026-02-15 14:41:27,083 - INFO -   Silhouette: 0.2025 | School ROC: 0.6013 F1: 0.5682 | Project ROC: 0.5924 F1: 0.2292 
2026-02-15 14:41:27,083 - INFO - Round 71/100
2026-02-15 14:41:27,362 - INFO -   Silhouette: 0.2559 | School ROC: 0.6695 F1: 0.6211 | Project ROC: 0.5693 F1: 0.2712 
2026-02-15 14:41:27,363 - INFO - Round 72/100
2026-02-15 14:41:27,690 - INFO -   Silhouette: 0.2287 | School ROC: 0.6538 F1: 0.6400 | Project ROC: 0.5257 F1: 0.2321 
2026-02-15 14:41:27,691 - INFO - Round 73/100
2026-02-15 14:41:27,956 - INFO -   Silhouette: 0.2881 | School ROC: 0.5860 F1: 0.5843 | Project ROC: 0.5786 F1: 0.2772 
2026-02-15 14:41:27,956 - INFO - Round 74/100
2026-02-15 14:41:28,238 - INFO -   Silhouette: 0.2810 | School ROC: 0.6606 F1: 0.5595 | Project ROC: 0.6338 F1: 0.2883 ✓
2026-02-15 14:41:28,264 - INFO - Results saved to /home/dev/work_main/random/assesment/k_means_selected/gemma3-12B_cv_evo_results.json
2026-02-15 14:41:28,264 - INFO - Round 75/100
2026-02-15 14:41:28,509 - INFO -   Silhouette: 0.2432 | School ROC: 0.6207 F1: 0.6044 | Project ROC: 0.5657 F1: 0.2593 
2026-02-15 14:41:28,509 - INFO - Round 76/100
2026-02-15 14:41:28,802 - INFO -   Silhouette: 0.2651 | School ROC: 0.6271 F1: 0.5978 | Project ROC: 0.5398 F1: 0.1869 
2026-02-15 14:41:28,802 - INFO - Round 77/100
2026-02-15 14:41:29,082 - INFO -   Silhouette: 0.2639 | School ROC: 0.6426 F1: 0.6120 | Project ROC: 0.5468 F1: 0.2430 
2026-02-15 14:41:29,083 - INFO - Round 78/100
2026-02-15 14:41:29,342 - INFO -   Silhouette: 0.2893 | School ROC: 0.6089 F1: 0.6077 | Project ROC: 0.5535 F1: 0.2178 
2026-02-15 14:41:29,350 - INFO - Round 79/100
2026-02-15 14:41:29,727 - INFO -   Silhouette: 0.2259 | School ROC: 0.6070 F1: 0.6339 | Project ROC: 0.5604 F1: 0.2476 
2026-02-15 14:41:29,728 - INFO - Round 80/100
2026-02-15 14:41:30,010 - INFO -   Silhouette: 0.3016 | School ROC: 0.6673 F1: 0.6054 | Project ROC: 0.5871 F1: 0.2524 
2026-02-15 14:41:30,010 - INFO - Round 81/100
2026-02-15 14:41:30,314 - INFO -   Silhouette: 0.3494 | School ROC: 0.6098 F1: 0.5795 | Project ROC: 0.6261 F1: 0.2970 ✓
2026-02-15 14:41:30,314 - INFO -     📊 Silhouette improvement → Avg ROC: 0.6179 | Avg F1: 0.4383 | F1/ROC ratio: 0.7093 (F1 < ROC (conservative predictions))
2026-02-15 14:41:30,334 - INFO - Results saved to /home/dev/work_main/random/assesment/k_means_selected/gemma3-12B_cv_evo_results.json
2026-02-15 14:41:30,335 - INFO - Round 82/100
2026-02-15 14:41:30,579 - INFO -   Silhouette: 0.3116 | School ROC: 0.6452 F1: 0.6047 | Project ROC: 0.5766 F1: 0.2857 
2026-02-15 14:41:30,580 - INFO - Round 83/100
2026-02-15 14:41:30,901 - INFO -   Silhouette: 0.2653 | School ROC: 0.5973 F1: 0.5763 | Project ROC: 0.5964 F1: 0.2653 
2026-02-15 14:41:30,902 - INFO - Round 84/100
2026-02-15 14:41:31,161 - INFO -   Silhouette: 0.2332 | School ROC: 0.6384 F1: 0.6111 | Project ROC: 0.5708 F1: 0.2500 
2026-02-15 14:41:31,162 - INFO - Round 85/100
2026-02-15 14:41:31,407 - INFO -   Silhouette: 0.2172 | School ROC: 0.6481 F1: 0.6243 | Project ROC: 0.5603 F1: 0.2342 
2026-02-15 14:41:31,407 - INFO - Round 86/100
2026-02-15 14:41:31,661 - INFO -   Silhouette: 0.2486 | School ROC: 0.5987 F1: 0.5568 | Project ROC: 0.5835 F1: 0.2692 
2026-02-15 14:41:31,662 - INFO - Round 87/100
2026-02-15 14:41:31,904 - INFO -   Silhouette: 0.2495 | School ROC: 0.6224 F1: 0.5509 | Project ROC: 0.5909 F1: 0.2941 
2026-02-15 14:41:31,904 - INFO - Round 88/100
2026-02-15 14:41:32,167 - INFO -   Silhouette: 0.2796 | School ROC: 0.6206 F1: 0.5402 | Project ROC: 0.5795 F1: 0.2424 
2026-02-15 14:41:32,168 - INFO - Round 89/100
2026-02-15 14:41:32,431 - INFO -   Silhouette: 0.3138 | School ROC: 0.6313 F1: 0.5747 | Project ROC: 0.6129 F1: 0.2708 
2026-02-15 14:41:32,431 - INFO - Round 90/100
2026-02-15 14:41:32,717 - INFO -   Silhouette: 0.2235 | School ROC: 0.6414 F1: 0.5926 | Project ROC: 0.5514 F1: 0.2342 
2026-02-15 14:41:32,718 - INFO - Round 91/100
2026-02-15 14:41:32,991 - INFO -   Silhouette: 0.2795 | School ROC: 0.6162 F1: 0.5778 | Project ROC: 0.4999 F1: 0.2000 
2026-02-15 14:41:32,992 - INFO - Round 92/100
2026-02-15 14:41:33,325 - INFO -   Silhouette: 0.2170 | School ROC: 0.6336 F1: 0.5576 | Project ROC: 0.6024 F1: 0.2727 
2026-02-15 14:41:33,325 - INFO - Round 93/100
2026-02-15 14:41:33,618 - INFO -   Silhouette: 0.2018 | School ROC: 0.6129 F1: 0.5595 | Project ROC: 0.5480 F1: 0.2202 
2026-02-15 14:41:33,618 - INFO - Round 94/100
2026-02-15 14:41:33,843 - INFO -   Silhouette: 0.2097 | School ROC: 0.6608 F1: 0.6257 | Project ROC: 0.5724 F1: 0.2545 
2026-02-15 14:41:33,844 - INFO - Round 95/100
2026-02-15 14:41:34,122 - INFO -   Silhouette: 0.2196 | School ROC: 0.6309 F1: 0.5943 | Project ROC: 0.6131 F1: 0.2727 
2026-02-15 14:41:34,122 - INFO - Round 96/100
2026-02-15 14:41:34,389 - INFO -   Silhouette: 0.2107 | School ROC: 0.5928 F1: 0.5829 | Project ROC: 0.6237 F1: 0.3061 ✓
2026-02-15 14:41:34,421 - INFO - Results saved to /home/dev/work_main/random/assesment/k_means_selected/gemma3-12B_cv_evo_results.json
2026-02-15 14:41:34,421 - INFO - Round 97/100
2026-02-15 14:41:34,675 - INFO -   Silhouette: 0.2527 | School ROC: 0.6582 F1: 0.6374 | Project ROC: 0.5910 F1: 0.2342 
2026-02-15 14:41:34,676 - INFO - Round 98/100
2026-02-15 14:41:34,933 - INFO -   Silhouette: 0.2280 | School ROC: 0.6126 F1: 0.5476 | Project ROC: 0.5881 F1: 0.2653 
2026-02-15 14:41:34,933 - INFO - Round 99/100
2026-02-15 14:41:35,209 - INFO -   Silhouette: 0.2420 | School ROC: 0.6289 F1: 0.5422 | Project ROC: 0.6072 F1: 0.2830 
2026-02-15 14:41:35,209 - INFO - Round 100/100
2026-02-15 14:41:35,449 - INFO -   Silhouette: 0.1872 | School ROC: 0.6237 F1: 0.5663 | Project ROC: 0.5664 F1: 0.2316 
2026-02-15 14:41:35,471 - INFO - Results saved to /home/dev/work_main/random/assesment/k_means_selected/gemma3-12B_cv_evo_results.json
2026-02-15 14:41:37,878 - INFO - Convergence plots saved to /home/dev/work_main/random/assesment/k_means_selected/gemma3-12B_cv_evo_convergence_plots.png
2026-02-15 14:41:40,609 - INFO - Focused correlation analysis saved to /home/dev/work_main/random/assesment/k_means_selected/gemma3-12B_cv_evo_silhouette_correlation.png
2026-02-15 14:41:40,609 - INFO - Correlation values saved to /home/dev/work_main/random/assesment/k_means_selected/gemma3-12B_cv_evo_silhouette_correlations.json
2026-02-15 14:41:40,609 - INFO - Silhouette Correlation Summary:
2026-02-15 14:41:40,609 - INFO -   • Silhouette vs School ROC AUC: R=0.041 (WEAK positive)
2026-02-15 14:41:40,609 - INFO -   • Silhouette vs Project ROC AUC: R=0.032 (WEAK positive)
2026-02-15 14:41:40,610 - INFO -   • Silhouette vs Avg. ROC AUC: R=0.043 (WEAK positive)
2026-02-15 14:41:40,610 - INFO -   • Silhouette vs School F1 Score: R=0.037 (WEAK positive)
2026-02-15 14:41:40,610 - INFO -   • Silhouette vs Project F1 Score: R=0.139 (WEAK positive)
2026-02-15 14:41:40,610 - INFO -   • Silhouette vs Avg. F1 Score: R=0.125 (WEAK positive)
2026-02-15 14:41:40,610 - INFO - Experiment completed!
2026-02-15 14:42:51,193 - INFO - 
======================================================================
2026-02-15 14:42:51,193 - INFO - CLASS DISTRIBUTION DIAGNOSTICS
2026-02-15 14:42:51,193 - INFO - ======================================================================
2026-02-15 14:42:51,194 - INFO - 
school_participation_flag:
2026-02-15 14:42:51,194 - INFO -   Class 0 (negative): 309 samples (54.12%)
2026-02-15 14:42:51,194 - INFO -   Class 1 (positive): 262 samples (45.88%)
2026-02-15 14:42:51,194 - INFO - 
project_participation_flag:
2026-02-15 14:42:51,194 - INFO -   Class 0 (negative): 494 samples (86.51%)
2026-02-15 14:42:51,194 - INFO -   Class 1 (positive): 77 samples (13.49%)
2026-02-15 14:42:51,194 - INFO - ======================================================================

2026-02-15 14:42:51,195 - INFO - Initialized experiment: K=10, feature_mode='mean'
2026-02-15 14:42:51,195 - INFO - Starting experiment: gemma3-12B_cv_evo
2026-02-15 14:42:51,195 - INFO - Research focus: Correlation between unsupervised clustering (Silhouette) and supervised metrics
2026-02-15 14:42:51,195 - INFO - Round 1/1000
2026-02-15 14:42:51,464 - INFO -   Silhouette: 0.2315 | School ROC: 0.6307 F1: 0.5665 | Project ROC: 0.5357 F1: 0.1913 ✓
2026-02-15 14:42:51,464 - INFO -     📊 Silhouette improvement → Avg ROC: 0.5832 | Avg F1: 0.3789 | F1/ROC ratio: 0.6496 (F1 < ROC (conservative predictions))
2026-02-15 14:42:51,466 - INFO - Results saved to /home/dev/work_main/random/assesment/k_means_selected/gemma3-12B_cv_evo_results.json
2026-02-15 14:42:51,466 - INFO - Round 2/1000
2026-02-15 14:42:51,900 - INFO -   Silhouette: 0.2275 | School ROC: 0.6707 F1: 0.6369 | Project ROC: 0.5413 F1: 0.2301 ✓
2026-02-15 14:42:51,902 - INFO - Results saved to /home/dev/work_main/random/assesment/k_means_selected/gemma3-12B_cv_evo_results.json
2026-02-15 14:42:51,902 - INFO - Round 3/1000
2026-02-15 14:42:52,495 - INFO -   Silhouette: 0.2631 | School ROC: 0.6042 F1: 0.5556 | Project ROC: 0.5064 F1: 0.2018 ✓
2026-02-15 14:42:52,496 - INFO -     📊 Silhouette improvement → Avg ROC: 0.5553 | Avg F1: 0.3787 | F1/ROC ratio: 0.6820 (F1 < ROC (conservative predictions))
2026-02-15 14:42:52,497 - INFO - Results saved to /home/dev/work_main/random/assesment/k_means_selected/gemma3-12B_cv_evo_results.json
2026-02-15 14:42:52,497 - INFO - Round 4/1000
2026-02-15 14:42:52,900 - INFO -   Silhouette: 0.1915 | School ROC: 0.5640 F1: 0.5506 | Project ROC: 0.6085 F1: 0.2500 ✓
2026-02-15 14:42:52,904 - INFO - Results saved to /home/dev/work_main/random/assesment/k_means_selected/gemma3-12B_cv_evo_results.json
2026-02-15 14:42:52,904 - INFO - Round 5/1000
2026-02-15 14:42:53,230 - INFO -   Silhouette: 0.2238 | School ROC: 0.6395 F1: 0.6298 | Project ROC: 0.5401 F1: 0.2182 
2026-02-15 14:42:53,230 - INFO - Round 6/1000
2026-02-15 14:42:53,569 - INFO -   Silhouette: 0.2387 | School ROC: 0.6019 F1: 0.5618 | Project ROC: 0.4877 F1: 0.2020 
2026-02-15 14:42:53,569 - INFO - Round 7/1000
2026-02-15 14:42:53,994 - INFO -   Silhouette: 0.2556 | School ROC: 0.5805 F1: 0.5730 | Project ROC: 0.4924 F1: 0.1961 
2026-02-15 14:42:53,994 - INFO - Round 8/1000
2026-02-15 14:42:54,348 - INFO -   Silhouette: 0.2418 | School ROC: 0.5817 F1: 0.5652 | Project ROC: 0.4895 F1: 0.2115 
2026-02-15 14:42:54,348 - INFO - Round 9/1000
2026-02-15 14:42:54,751 - INFO -   Silhouette: 0.2399 | School ROC: 0.6207 F1: 0.5856 | Project ROC: 0.5330 F1: 0.2037 
2026-02-15 14:42:54,751 - INFO - Round 10/1000
2026-02-15 14:42:55,034 - INFO -   Silhouette: 0.2704 | School ROC: 0.6126 F1: 0.5824 | Project ROC: 0.5422 F1: 0.2051 ✓
2026-02-15 14:42:55,034 - INFO -     📊 Silhouette improvement → Avg ROC: 0.5774 | Avg F1: 0.3938 | F1/ROC ratio: 0.6820 (F1 < ROC (conservative predictions))
2026-02-15 14:42:55,038 - INFO - Results saved to /home/dev/work_main/random/assesment/k_means_selected/gemma3-12B_cv_evo_results.json
2026-02-15 14:42:55,038 - INFO - Round 11/1000
2026-02-15 14:42:55,387 - INFO -   Silhouette: 0.2217 | School ROC: 0.5852 F1: 0.5902 | Project ROC: 0.5413 F1: 0.2157 
2026-02-15 14:42:55,388 - INFO - Round 12/1000
2026-02-15 14:42:55,772 - INFO -   Silhouette: 0.2456 | School ROC: 0.6563 F1: 0.6257 | Project ROC: 0.6208 F1: 0.2545 ✓
2026-02-15 14:42:55,775 - INFO - Results saved to /home/dev/work_main/random/assesment/k_means_selected/gemma3-12B_cv_evo_results.json
2026-02-15 14:42:55,776 - INFO - Round 13/1000
2026-02-15 14:42:56,122 - INFO -   Silhouette: 0.2341 | School ROC: 0.6127 F1: 0.6087 | Project ROC: 0.5444 F1: 0.2115 
2026-02-15 14:42:56,123 - INFO - Round 14/1000
2026-02-15 14:42:56,460 - INFO -   Silhouette: 0.2677 | School ROC: 0.6518 F1: 0.5946 | Project ROC: 0.5486 F1: 0.2261 
2026-02-15 14:42:56,460 - INFO - Round 15/1000
2026-02-15 14:42:56,772 - INFO -   Silhouette: 0.2370 | School ROC: 0.6241 F1: 0.6146 | Project ROC: 0.5648 F1: 0.2342 
2026-02-15 14:42:56,773 - INFO - Round 16/1000
2026-02-15 14:42:57,043 - INFO -   Silhouette: 0.2543 | School ROC: 0.6212 F1: 0.6073 | Project ROC: 0.5668 F1: 0.2105 
2026-02-15 14:42:57,043 - INFO - Round 17/1000
2026-02-15 14:42:57,513 - INFO -   Silhouette: 0.3088 | School ROC: 0.6562 F1: 0.6178 | Project ROC: 0.5525 F1: 0.2435 ✓
2026-02-15 14:42:57,513 - INFO -     📊 Silhouette improvement → Avg ROC: 0.6044 | Avg F1: 0.4306 | F1/ROC ratio: 0.7126 (F1 < ROC (conservative predictions))
2026-02-15 14:42:57,520 - INFO - Results saved to /home/dev/work_main/random/assesment/k_means_selected/gemma3-12B_cv_evo_results.json
2026-02-15 14:42:57,520 - INFO - Round 18/1000
2026-02-15 14:42:57,783 - INFO -   Silhouette: 0.3199 | School ROC: 0.6401 F1: 0.6114 | Project ROC: 0.5442 F1: 0.2185 ✓
2026-02-15 14:42:57,784 - INFO -     📊 Silhouette improvement → Avg ROC: 0.5922 | Avg F1: 0.4149 | F1/ROC ratio: 0.7007 (F1 < ROC (conservative predictions))
2026-02-15 14:42:57,790 - INFO - Results saved to /home/dev/work_main/random/assesment/k_means_selected/gemma3-12B_cv_evo_results.json
2026-02-15 14:42:57,790 - INFO - Round 19/1000
2026-02-15 14:42:58,073 - INFO -   Silhouette: 0.2124 | School ROC: 0.6072 F1: 0.5650 | Project ROC: 0.5025 F1: 0.1748 
2026-02-15 14:42:58,073 - INFO - Round 20/1000
2026-02-15 14:42:58,312 - INFO -   Silhouette: 0.2367 | School ROC: 0.6271 F1: 0.5698 | Project ROC: 0.5306 F1: 0.2281 
2026-02-15 14:42:58,312 - INFO - Round 21/1000
2026-02-15 14:42:58,553 - INFO -   Silhouette: 0.2235 | School ROC: 0.6501 F1: 0.6396 | Project ROC: 0.5343 F1: 0.2478 ✓
2026-02-15 14:42:58,558 - INFO - Results saved to /home/dev/work_main/random/assesment/k_means_selected/gemma3-12B_cv_evo_results.json
2026-02-15 14:42:58,558 - INFO - Round 22/1000
2026-02-15 14:42:58,875 - INFO -   Silhouette: 0.2505 | School ROC: 0.5875 F1: 0.6188 | Project ROC: 0.5311 F1: 0.2095 
2026-02-15 14:42:58,875 - INFO - Round 23/1000
2026-02-15 14:42:59,119 - INFO -   Silhouette: 0.2492 | School ROC: 0.6443 F1: 0.6000 | Project ROC: 0.5282 F1: 0.2364 
2026-02-15 14:42:59,119 - INFO - Round 24/1000
2026-02-15 14:42:59,501 - INFO -   Silhouette: 0.2902 | School ROC: 0.5736 F1: 0.5568 | Project ROC: 0.4918 F1: 0.2162 
2026-02-15 14:42:59,502 - INFO - Round 25/1000
2026-02-15 14:42:59,775 - INFO -   Silhouette: 0.2111 | School ROC: 0.5955 F1: 0.5862 | Project ROC: 0.5498 F1: 0.2020 
2026-02-15 14:42:59,775 - INFO - Round 26/1000
2026-02-15 14:43:00,008 - INFO -   Silhouette: 0.2600 | School ROC: 0.6179 F1: 0.5876 | Project ROC: 0.5285 F1: 0.2075 
2026-02-15 14:43:00,008 - INFO - Round 27/1000
2026-02-15 14:43:00,377 - INFO -   Silhouette: 0.2521 | School ROC: 0.6335 F1: 0.5922 | Project ROC: 0.5022 F1: 0.2037 
2026-02-15 14:43:00,377 - INFO - Round 28/1000
2026-02-15 14:43:00,614 - INFO -   Silhouette: 0.2393 | School ROC: 0.5720 F1: 0.5730 | Project ROC: 0.5441 F1: 0.2340 
2026-02-15 14:43:00,614 - INFO - Round 29/1000
2026-02-15 14:43:00,900 - INFO -   Silhouette: 0.2194 | School ROC: 0.6351 F1: 0.6154 | Project ROC: 0.5716 F1: 0.2453 
2026-02-15 14:43:00,900 - INFO - Round 30/1000
2026-02-15 14:43:01,237 - INFO -   Silhouette: 0.2413 | School ROC: 0.6889 F1: 0.5943 | Project ROC: 0.5630 F1: 0.2456 ✓
2026-02-15 14:43:01,244 - INFO - Results saved to /home/dev/work_main/random/assesment/k_means_selected/gemma3-12B_cv_evo_results.json
2026-02-15 14:43:01,244 - INFO - Round 31/1000
2026-02-15 14:43:01,559 - INFO -   Silhouette: 0.1962 | School ROC: 0.6103 F1: 0.5650 | Project ROC: 0.5328 F1: 0.2075 
2026-02-15 14:43:01,560 - INFO - Round 32/1000
2026-02-15 14:43:01,780 - INFO -   Silhouette: 0.2799 | School ROC: 0.6247 F1: 0.6032 | Project ROC: 0.5317 F1: 0.1964 
2026-02-15 14:43:01,781 - INFO - Round 33/1000
2026-02-15 14:43:02,072 - INFO -   Silhouette: 0.2287 | School ROC: 0.6717 F1: 0.6562 | Project ROC: 0.5493 F1: 0.2393 ✓
2026-02-15 14:43:02,087 - INFO - Results saved to /home/dev/work_main/random/assesment/k_means_selected/gemma3-12B_cv_evo_results.json
2026-02-15 14:43:02,087 - INFO - Round 34/1000
2026-02-15 14:43:02,300 - INFO -   Silhouette: 0.2343 | School ROC: 0.6147 F1: 0.6231 | Project ROC: 0.5413 F1: 0.2200 
2026-02-15 14:43:02,300 - INFO - Round 35/1000
2026-02-15 14:43:02,721 - INFO -   Silhouette: 0.2708 | School ROC: 0.6516 F1: 0.5930 | Project ROC: 0.5928 F1: 0.2931 ✓
2026-02-15 14:43:02,734 - INFO - Results saved to /home/dev/work_main/random/assesment/k_means_selected/gemma3-12B_cv_evo_results.json
2026-02-15 14:43:02,734 - INFO - Round 36/1000
2026-02-15 14:43:02,995 - INFO -   Silhouette: 0.2584 | School ROC: 0.5971 F1: 0.5806 | Project ROC: 0.5303 F1: 0.2162 
2026-02-15 14:43:02,996 - INFO - Round 37/1000
2026-02-15 14:43:03,273 - INFO -   Silhouette: 0.2493 | School ROC: 0.5759 F1: 0.5667 | Project ROC: 0.4914 F1: 0.2182 
2026-02-15 14:43:03,273 - INFO - Round 38/1000
2026-02-15 14:43:03,550 - INFO -   Silhouette: 0.2479 | School ROC: 0.6000 F1: 0.6032 | Project ROC: 0.5187 F1: 0.2000 
2026-02-15 14:43:03,550 - INFO - Round 39/1000
2026-02-15 14:43:03,823 - INFO -   Silhouette: 0.2403 | School ROC: 0.6315 F1: 0.6413 | Project ROC: 0.5493 F1: 0.2478 
2026-02-15 14:43:03,823 - INFO - Round 40/1000
2026-02-15 14:43:04,090 - INFO -   Silhouette: 0.2674 | School ROC: 0.6579 F1: 0.6417 | Project ROC: 0.5414 F1: 0.2124 
2026-02-15 14:43:04,091 - INFO - Round 41/1000
2026-02-15 14:43:04,395 - INFO -   Silhouette: 0.3237 | School ROC: 0.6369 F1: 0.6114 | Project ROC: 0.5321 F1: 0.2281 ✓
2026-02-15 14:43:04,395 - INFO -     📊 Silhouette improvement → Avg ROC: 0.5845 | Avg F1: 0.4197 | F1/ROC ratio: 0.7181 (F1 < ROC (conservative predictions))
2026-02-15 14:43:04,412 - INFO - Results saved to /home/dev/work_main/random/assesment/k_means_selected/gemma3-12B_cv_evo_results.json
2026-02-15 14:43:04,412 - INFO - Round 42/1000
2026-02-15 14:43:04,672 - INFO -   Silhouette: 0.2686 | School ROC: 0.6014 F1: 0.5714 | Project ROC: 0.4806 F1: 0.1869 
2026-02-15 14:43:04,672 - INFO - Round 43/1000
2026-02-15 14:43:04,993 - INFO -   Silhouette: 0.1934 | School ROC: 0.6766 F1: 0.6358 | Project ROC: 0.5684 F1: 0.2655 ✓
2026-02-15 14:43:05,008 - INFO - Results saved to /home/dev/work_main/random/assesment/k_means_selected/gemma3-12B_cv_evo_results.json
2026-02-15 14:43:05,009 - INFO - Round 44/1000
2026-02-15 14:43:05,277 - INFO -   Silhouette: 0.2402 | School ROC: 0.6345 F1: 0.5902 | Project ROC: 0.5623 F1: 0.2261 
2026-02-15 14:43:05,277 - INFO - Round 45/1000
2026-02-15 14:43:05,539 - INFO -   Silhouette: 0.2917 | School ROC: 0.6146 F1: 0.6000 | Project ROC: 0.5032 F1: 0.2243 
2026-02-15 14:43:05,539 - INFO - Round 46/1000
2026-02-15 14:43:05,798 - INFO -   Silhouette: 0.2974 | School ROC: 0.5856 F1: 0.5635 | Project ROC: 0.4749 F1: 0.1887 
2026-02-15 14:43:05,798 - INFO - Round 47/1000
2026-02-15 14:43:06,071 - INFO -   Silhouette: 0.2453 | School ROC: 0.6000 F1: 0.5556 | Project ROC: 0.5318 F1: 0.2075 
2026-02-15 14:43:06,071 - INFO - Round 48/1000
2026-02-15 14:43:06,279 - INFO -   Silhouette: 0.2263 | School ROC: 0.6264 F1: 0.5902 | Project ROC: 0.5212 F1: 0.1786 
2026-02-15 14:43:06,279 - INFO - Round 49/1000
2026-02-15 14:43:06,608 - INFO -   Silhouette: 0.2370 | School ROC: 0.6009 F1: 0.5922 | Project ROC: 0.5667 F1: 0.2500 
2026-02-15 14:43:06,608 - INFO - Round 50/1000
2026-02-15 14:43:07,004 - INFO -   Silhouette: 0.2685 | School ROC: 0.6083 F1: 0.5795 | Project ROC: 0.4882 F1: 0.2243 
2026-02-15 14:43:07,005 - INFO - Round 51/1000
2026-02-15 14:43:07,259 - INFO -   Silhouette: 0.2738 | School ROC: 0.6039 F1: 0.5792 | Project ROC: 0.5268 F1: 0.2243 
2026-02-15 14:43:07,259 - INFO - Round 52/1000
2026-02-15 14:43:07,567 - INFO -   Silhouette: 0.2595 | School ROC: 0.6369 F1: 0.6022 | Project ROC: 0.5477 F1: 0.2545 
2026-02-15 14:43:07,567 - INFO - Round 53/1000
2026-02-15 14:43:07,831 - INFO -   Silhouette: 0.2467 | School ROC: 0.6063 F1: 0.5824 | Project ROC: 0.5292 F1: 0.1947 
2026-02-15 14:43:07,831 - INFO - Round 54/1000
2026-02-15 14:43:08,272 - INFO -   Silhouette: 0.2703 | School ROC: 0.6378 F1: 0.6250 | Project ROC: 0.5587 F1: 0.2321 
2026-02-15 14:43:08,272 - INFO - Round 55/1000
2026-02-15 14:43:08,517 - INFO -   Silhouette: 0.2373 | School ROC: 0.6073 F1: 0.5780 | Project ROC: 0.5047 F1: 0.1748 
2026-02-15 14:43:08,517 - INFO - Round 56/1000
2026-02-15 14:43:08,774 - INFO -   Silhouette: 0.2659 | School ROC: 0.6279 F1: 0.6162 | Project ROC: 0.5258 F1: 0.2000 
2026-02-15 14:43:08,774 - INFO - Round 57/1000
2026-02-15 14:43:09,053 - INFO -   Silhouette: 0.2579 | School ROC: 0.5851 F1: 0.5604 | Project ROC: 0.4844 F1: 0.1964 
2026-02-15 14:43:09,053 - INFO - Round 58/1000
2026-02-15 14:43:09,299 - INFO -   Silhouette: 0.2725 | School ROC: 0.5710 F1: 0.5856 | Project ROC: 0.5022 F1: 0.1964 
2026-02-15 14:43:09,299 - INFO - Round 59/1000
2026-02-15 14:43:09,579 - INFO -   Silhouette: 0.3079 | School ROC: 0.6403 F1: 0.6145 | Project ROC: 0.5862 F1: 0.2524 
2026-02-15 14:43:09,579 - INFO - Round 60/1000
2026-02-15 14:43:09,896 - INFO -   Silhouette: 0.2611 | School ROC: 0.6013 F1: 0.5820 | Project ROC: 0.4959 F1: 0.1869 
2026-02-15 14:43:09,897 - INFO - Round 61/1000
2026-02-15 14:43:10,227 - INFO -   Silhouette: 0.2186 | School ROC: 0.6232 F1: 0.5856 | Project ROC: 0.5004 F1: 0.1852 
2026-02-15 14:43:10,227 - INFO - Round 62/1000
2026-02-15 14:43:10,490 - INFO -   Silhouette: 0.2322 | School ROC: 0.6480 F1: 0.5843 | Project ROC: 0.5528 F1: 0.2301 
2026-02-15 14:43:10,491 - INFO - Round 63/1000
2026-02-15 14:43:10,729 - INFO -   Silhouette: 0.2861 | School ROC: 0.6414 F1: 0.6064 | Project ROC: 0.5111 F1: 0.2105 
2026-02-15 14:43:10,729 - INFO - Round 64/1000
2026-02-15 14:43:10,955 - INFO -   Silhouette: 0.3324 | School ROC: 0.6385 F1: 0.6000 | Project ROC: 0.6186 F1: 0.2772 ✓
2026-02-15 14:43:10,956 - INFO -     📊 Silhouette improvement → Avg ROC: 0.6286 | Avg F1: 0.4386 | F1/ROC ratio: 0.6978 (F1 < ROC (conservative predictions))
2026-02-15 14:43:10,969 - INFO - Results saved to /home/dev/work_main/random/assesment/k_means_selected/gemma3-12B_cv_evo_results.json
2026-02-15 14:43:10,969 - INFO - Round 65/1000
2026-02-15 14:43:11,224 - INFO -   Silhouette: 0.3093 | School ROC: 0.6158 F1: 0.6270 | Project ROC: 0.5982 F1: 0.2718 
2026-02-15 14:43:11,224 - INFO - Round 66/1000
2026-02-15 14:43:11,506 - INFO -   Silhouette: 0.2564 | School ROC: 0.6375 F1: 0.6067 | Project ROC: 0.5667 F1: 0.2385 
2026-02-15 14:43:11,506 - INFO - Round 67/1000
2026-02-15 14:43:11,858 - INFO -   Silhouette: 0.2707 | School ROC: 0.6249 F1: 0.5562 | Project ROC: 0.5696 F1: 0.2593 
2026-02-15 14:43:11,859 - INFO - Round 68/1000
2026-02-15 14:43:12,122 - INFO -   Silhouette: 0.2515 | School ROC: 0.6356 F1: 0.5889 | Project ROC: 0.5486 F1: 0.2222 
2026-02-15 14:43:12,122 - INFO - Round 69/1000
2026-02-15 14:43:12,422 - INFO -   Silhouette: 0.2423 | School ROC: 0.5723 F1: 0.5882 | Project ROC: 0.5229 F1: 0.2243 
2026-02-15 14:43:12,423 - INFO - Round 70/1000
2026-02-15 14:43:12,746 - INFO -   Silhouette: 0.2025 | School ROC: 0.6013 F1: 0.5682 | Project ROC: 0.5924 F1: 0.2292 
2026-02-15 14:43:12,746 - INFO - Round 71/1000
2026-02-15 14:43:12,983 - INFO -   Silhouette: 0.2559 | School ROC: 0.6695 F1: 0.6211 | Project ROC: 0.5693 F1: 0.2712 
2026-02-15 14:43:12,983 - INFO - Round 72/1000
2026-02-15 14:43:13,283 - INFO -   Silhouette: 0.2287 | School ROC: 0.6538 F1: 0.6400 | Project ROC: 0.5257 F1: 0.2321 
2026-02-15 14:43:13,284 - INFO - Round 73/1000
2026-02-15 14:43:13,525 - INFO -   Silhouette: 0.2881 | School ROC: 0.5860 F1: 0.5843 | Project ROC: 0.5786 F1: 0.2772 
2026-02-15 14:43:13,525 - INFO - Round 74/1000
2026-02-15 14:43:13,789 - INFO -   Silhouette: 0.2810 | School ROC: 0.6606 F1: 0.5595 | Project ROC: 0.6338 F1: 0.2883 ✓
2026-02-15 14:43:13,814 - INFO - Results saved to /home/dev/work_main/random/assesment/k_means_selected/gemma3-12B_cv_evo_results.json
2026-02-15 14:43:13,815 - INFO - Round 75/1000
2026-02-15 14:43:14,027 - INFO -   Silhouette: 0.2432 | School ROC: 0.6207 F1: 0.6044 | Project ROC: 0.5657 F1: 0.2593 
2026-02-15 14:43:14,027 - INFO - Round 76/1000
2026-02-15 14:43:14,305 - INFO -   Silhouette: 0.2651 | School ROC: 0.6271 F1: 0.5978 | Project ROC: 0.5398 F1: 0.1869 
2026-02-15 14:43:14,305 - INFO - Round 77/1000
2026-02-15 14:43:14,574 - INFO -   Silhouette: 0.2639 | School ROC: 0.6426 F1: 0.6120 | Project ROC: 0.5468 F1: 0.2430 
2026-02-15 14:43:14,574 - INFO - Round 78/1000
2026-02-15 14:43:14,865 - INFO -   Silhouette: 0.2893 | School ROC: 0.6089 F1: 0.6077 | Project ROC: 0.5535 F1: 0.2178 
2026-02-15 14:43:14,865 - INFO - Round 79/1000
2026-02-15 14:43:15,152 - INFO -   Silhouette: 0.2259 | School ROC: 0.6070 F1: 0.6339 | Project ROC: 0.5604 F1: 0.2476 
2026-02-15 14:43:15,153 - INFO - Round 80/1000
2026-02-15 14:43:15,555 - INFO -   Silhouette: 0.3016 | School ROC: 0.6673 F1: 0.6054 | Project ROC: 0.5871 F1: 0.2524 
2026-02-15 14:43:15,556 - INFO - Round 81/1000
2026-02-15 14:43:15,834 - INFO -   Silhouette: 0.3494 | School ROC: 0.6098 F1: 0.5795 | Project ROC: 0.6261 F1: 0.2970 ✓
2026-02-15 14:43:15,834 - INFO -     📊 Silhouette improvement → Avg ROC: 0.6179 | Avg F1: 0.4383 | F1/ROC ratio: 0.7093 (F1 < ROC (conservative predictions))
2026-02-15 14:43:15,850 - INFO - Results saved to /home/dev/work_main/random/assesment/k_means_selected/gemma3-12B_cv_evo_results.json
2026-02-15 14:43:15,850 - INFO - Round 82/1000
2026-02-15 14:43:16,161 - INFO -   Silhouette: 0.3116 | School ROC: 0.6452 F1: 0.6047 | Project ROC: 0.5766 F1: 0.2857 
2026-02-15 14:43:16,162 - INFO - Round 83/1000
2026-02-15 14:43:16,401 - INFO -   Silhouette: 0.2653 | School ROC: 0.5973 F1: 0.5763 | Project ROC: 0.5964 F1: 0.2653 
2026-02-15 14:43:16,401 - INFO - Round 84/1000
2026-02-15 14:43:16,730 - INFO -   Silhouette: 0.2332 | School ROC: 0.6384 F1: 0.6111 | Project ROC: 0.5708 F1: 0.2500 
2026-02-15 14:43:16,730 - INFO - Round 85/1000
2026-02-15 14:43:16,994 - INFO -   Silhouette: 0.2172 | School ROC: 0.6481 F1: 0.6243 | Project ROC: 0.5603 F1: 0.2342 
2026-02-15 14:43:16,994 - INFO - Round 86/1000
2026-02-15 14:43:17,276 - INFO -   Silhouette: 0.2486 | School ROC: 0.5987 F1: 0.5568 | Project ROC: 0.5835 F1: 0.2692 
2026-02-15 14:43:17,276 - INFO - Round 87/1000
2026-02-15 14:43:17,509 - INFO -   Silhouette: 0.2495 | School ROC: 0.6224 F1: 0.5509 | Project ROC: 0.5909 F1: 0.2941 
2026-02-15 14:43:17,509 - INFO - Round 88/1000
2026-02-15 14:43:17,824 - INFO -   Silhouette: 0.2796 | School ROC: 0.6206 F1: 0.5402 | Project ROC: 0.5795 F1: 0.2424 
2026-02-15 14:43:17,824 - INFO - Round 89/1000
2026-02-15 14:43:18,061 - INFO -   Silhouette: 0.3138 | School ROC: 0.6313 F1: 0.5747 | Project ROC: 0.6129 F1: 0.2708 
2026-02-15 14:43:18,062 - INFO - Round 90/1000
2026-02-15 14:43:18,302 - INFO -   Silhouette: 0.2235 | School ROC: 0.6414 F1: 0.5926 | Project ROC: 0.5514 F1: 0.2342 
2026-02-15 14:43:18,302 - INFO - Round 91/1000
2026-02-15 14:43:18,625 - INFO -   Silhouette: 0.2795 | School ROC: 0.6162 F1: 0.5778 | Project ROC: 0.4999 F1: 0.2000 
2026-02-15 14:43:18,625 - INFO - Round 92/1000
2026-02-15 14:43:18,905 - INFO -   Silhouette: 0.2170 | School ROC: 0.6336 F1: 0.5576 | Project ROC: 0.6024 F1: 0.2727 
2026-02-15 14:43:18,905 - INFO - Round 93/1000
2026-02-15 14:43:19,163 - INFO -   Silhouette: 0.2018 | School ROC: 0.6129 F1: 0.5595 | Project ROC: 0.5480 F1: 0.2202 
2026-02-15 14:43:19,163 - INFO - Round 94/1000
2026-02-15 14:43:19,425 - INFO -   Silhouette: 0.2097 | School ROC: 0.6608 F1: 0.6257 | Project ROC: 0.5724 F1: 0.2545 
2026-02-15 14:43:19,425 - INFO - Round 95/1000
2026-02-15 14:43:19,682 - INFO -   Silhouette: 0.2196 | School ROC: 0.6309 F1: 0.5943 | Project ROC: 0.6131 F1: 0.2727 
2026-02-15 14:43:19,682 - INFO - Round 96/1000
2026-02-15 14:43:20,035 - INFO -   Silhouette: 0.2107 | School ROC: 0.5928 F1: 0.5829 | Project ROC: 0.6237 F1: 0.3061 ✓
2026-02-15 14:43:20,057 - INFO - Results saved to /home/dev/work_main/random/assesment/k_means_selected/gemma3-12B_cv_evo_results.json
2026-02-15 14:43:20,057 - INFO - Round 97/1000
2026-02-15 14:43:20,285 - INFO -   Silhouette: 0.2527 | School ROC: 0.6582 F1: 0.6374 | Project ROC: 0.5910 F1: 0.2342 
2026-02-15 14:43:20,285 - INFO - Round 98/1000
2026-02-15 14:43:20,579 - INFO -   Silhouette: 0.2280 | School ROC: 0.6126 F1: 0.5476 | Project ROC: 0.5881 F1: 0.2653 
2026-02-15 14:43:20,580 - INFO - Round 99/1000
2026-02-15 14:43:20,825 - INFO -   Silhouette: 0.2420 | School ROC: 0.6289 F1: 0.5422 | Project ROC: 0.6072 F1: 0.2830 
2026-02-15 14:43:20,826 - INFO - Round 100/1000
2026-02-15 14:43:21,106 - INFO -   Silhouette: 0.1872 | School ROC: 0.6237 F1: 0.5663 | Project ROC: 0.5664 F1: 0.2316 
2026-02-15 14:43:21,106 - INFO - Round 101/1000
2026-02-15 14:43:21,401 - INFO -   Silhouette: 0.2889 | School ROC: 0.5817 F1: 0.5600 | Project ROC: 0.6284 F1: 0.2581 
2026-02-15 14:43:21,401 - INFO - Round 102/1000
2026-02-15 14:43:21,701 - INFO -   Silhouette: 0.3586 | School ROC: 0.6013 F1: 0.5843 | Project ROC: 0.5957 F1: 0.2653 ✓
2026-02-15 14:43:21,701 - INFO -     📊 Silhouette improvement → Avg ROC: 0.5985 | Avg F1: 0.4248 | F1/ROC ratio: 0.7097 (F1 < ROC (conservative predictions))
2026-02-15 14:43:21,723 - INFO - Results saved to /home/dev/work_main/random/assesment/k_means_selected/gemma3-12B_cv_evo_results.json
2026-02-15 14:43:21,723 - INFO - Round 103/1000
2026-02-15 14:43:22,055 - INFO -   Silhouette: 0.2285 | School ROC: 0.6031 F1: 0.6310 | Project ROC: 0.5435 F1: 0.2424 
2026-02-15 14:43:22,055 - INFO - Round 104/1000
2026-02-15 14:43:22,339 - INFO -   Silhouette: 0.3312 | School ROC: 0.5960 F1: 0.5957 | Project ROC: 0.4987 F1: 0.2124 
2026-02-15 14:43:22,339 - INFO - Round 105/1000
2026-02-15 14:43:22,595 - INFO -   Silhouette: 0.3385 | School ROC: 0.5941 F1: 0.5833 | Project ROC: 0.5870 F1: 0.2316 
2026-02-15 14:43:22,596 - INFO - Round 106/1000
2026-02-15 14:43:22,898 - INFO -   Silhouette: 0.2984 | School ROC: 0.6243 F1: 0.6023 | Project ROC: 0.5433 F1: 0.2385 
2026-02-15 14:43:22,899 - INFO - Round 107/1000
2026-02-15 14:43:23,194 - INFO -   Silhouette: 0.3093 | School ROC: 0.6342 F1: 0.5882 | Project ROC: 0.5177 F1: 0.1964 
2026-02-15 14:43:23,194 - INFO - Round 108/1000
2026-02-15 14:43:23,452 - INFO -   Silhouette: 0.3011 | School ROC: 0.6111 F1: 0.5977 | Project ROC: 0.5659 F1: 0.2766 
2026-02-15 14:43:23,452 - INFO - Round 109/1000
2026-02-15 14:43:23,771 - INFO -   Silhouette: 0.2390 | School ROC: 0.6080 F1: 0.5922 | Project ROC: 0.5789 F1: 0.2545 
2026-02-15 14:43:23,771 - INFO - Round 110/1000
2026-02-15 14:43:24,060 - INFO -   Silhouette: 0.3342 | School ROC: 0.6315 F1: 0.6215 | Project ROC: 0.5699 F1: 0.2617 
2026-02-15 14:43:24,060 - INFO - Round 111/1000
2026-02-15 14:43:24,304 - INFO -   Silhouette: 0.2330 | School ROC: 0.6179 F1: 0.5902 | Project ROC: 0.5543 F1: 0.2414 
2026-02-15 14:43:24,304 - INFO - Round 112/1000
2026-02-15 14:43:24,530 - INFO -   Silhouette: 0.2657 | School ROC: 0.6062 F1: 0.5682 | Project ROC: 0.5503 F1: 0.2653 
2026-02-15 14:43:24,531 - INFO - Round 113/1000
2026-02-15 14:43:25,038 - INFO -   Silhouette: 0.2706 | School ROC: 0.6020 F1: 0.5412 | Project ROC: 0.5921 F1: 0.2708 
2026-02-15 14:43:25,038 - INFO - Round 114/1000
2026-02-15 14:43:25,549 - INFO -   Silhouette: 0.2867 | School ROC: 0.6020 F1: 0.5969 | Project ROC: 0.5374 F1: 0.2456 
2026-02-15 14:43:25,549 - INFO - Round 115/1000
2026-02-15 14:43:26,111 - INFO -   Silhouette: 0.2022 | School ROC: 0.6030 F1: 0.6077 | Project ROC: 0.5273 F1: 0.1875 
2026-02-15 14:43:26,111 - INFO - Round 116/1000
2026-02-15 14:43:26,554 - INFO -   Silhouette: 0.2299 | School ROC: 0.6101 F1: 0.5934 | Project ROC: 0.6167 F1: 0.2800 
2026-02-15 14:43:26,554 - INFO - Round 117/1000
2026-02-15 14:43:27,059 - INFO -   Silhouette: 0.2774 | School ROC: 0.5817 F1: 0.5699 | Project ROC: 0.5248 F1: 0.2056 
2026-02-15 14:43:27,059 - INFO - Round 118/1000
2026-02-15 14:43:27,468 - INFO -   Silhouette: 0.2678 | School ROC: 0.6160 F1: 0.5780 | Project ROC: 0.5950 F1: 0.3125 ✓
2026-02-15 14:43:27,494 - INFO - Results saved to /home/dev/work_main/random/assesment/k_means_selected/gemma3-12B_cv_evo_results.json
2026-02-15 14:43:27,494 - INFO - Round 119/1000
2026-02-15 14:43:27,867 - INFO -   Silhouette: 0.2418 | School ROC: 0.5938 F1: 0.6011 | Project ROC: 0.5827 F1: 0.2600 
2026-02-15 14:43:27,868 - INFO - Round 120/1000
2026-02-15 14:43:28,298 - INFO -   Silhouette: 0.2971 | School ROC: 0.6068 F1: 0.6087 | Project ROC: 0.5543 F1: 0.2364 
2026-02-15 14:43:28,298 - INFO - Round 121/1000
2026-02-15 14:43:28,836 - INFO -   Silhouette: 0.2121 | School ROC: 0.6531 F1: 0.6298 | Project ROC: 0.5569 F1: 0.2105 
2026-02-15 14:43:28,836 - INFO - Round 122/1000
2026-02-15 14:43:29,279 - INFO -   Silhouette: 0.2813 | School ROC: 0.6291 F1: 0.6120 | Project ROC: 0.5859 F1: 0.2642 
2026-02-15 14:43:29,280 - INFO - Round 123/1000
2026-02-15 14:43:29,658 - INFO -   Silhouette: 0.2172 | School ROC: 0.6293 F1: 0.5747 | Project ROC: 0.5794 F1: 0.2569 
2026-02-15 14:43:29,659 - INFO - Round 124/1000
2026-02-15 14:43:29,864 - INFO -   Silhouette: 0.2995 | School ROC: 0.5969 F1: 0.5848 | Project ROC: 0.5576 F1: 0.2500 
2026-02-15 14:43:29,865 - INFO - Round 125/1000
2026-02-15 14:43:30,230 - INFO -   Silhouette: 0.2523 | School ROC: 0.5672 F1: 0.5647 | Project ROC: 0.6258 F1: 0.2800 
2026-02-15 14:43:30,230 - INFO - Round 126/1000
2026-02-15 14:43:30,550 - INFO -   Silhouette: 0.2689 | School ROC: 0.5975 F1: 0.5650 | Project ROC: 0.5932 F1: 0.2653 
2026-02-15 14:43:30,550 - INFO - Round 127/1000
2026-02-15 14:43:30,830 - INFO -   Silhouette: 0.2032 | School ROC: 0.6546 F1: 0.6092 | Project ROC: 0.5737 F1: 0.2449 
2026-02-15 14:43:30,830 - INFO - Round 128/1000
2026-02-15 14:43:31,100 - INFO -   Silhouette: 0.2548 | School ROC: 0.5999 F1: 0.5902 | Project ROC: 0.5245 F1: 0.2018 
2026-02-15 14:43:31,100 - INFO - Round 129/1000
2026-02-15 14:43:31,347 - INFO -   Silhouette: 0.2598 | School ROC: 0.5896 F1: 0.5632 | Project ROC: 0.5607 F1: 0.2245 
2026-02-15 14:43:31,347 - INFO - Round 130/1000
2026-02-15 14:43:31,629 - INFO -   Silhouette: 0.2593 | School ROC: 0.6113 F1: 0.5730 | Project ROC: 0.5337 F1: 0.2243 
2026-02-15 14:43:31,630 - INFO - Round 131/1000
2026-02-15 14:43:31,866 - INFO -   Silhouette: 0.2839 | School ROC: 0.6254 F1: 0.5889 | Project ROC: 0.5247 F1: 0.2124 
2026-02-15 14:43:31,866 - INFO - Round 132/1000
2026-02-15 14:43:32,147 - INFO -   Silhouette: 0.3159 | School ROC: 0.6096 F1: 0.6000 | Project ROC: 0.5849 F1: 0.2653 
2026-02-15 14:43:32,147 - INFO - Round 133/1000
2026-02-15 14:43:32,450 - INFO -   Silhouette: 0.2444 | School ROC: 0.6101 F1: 0.5778 | Project ROC: 0.5572 F1: 0.2609 
2026-02-15 14:43:32,450 - INFO - Round 134/1000
2026-02-15 14:43:32,713 - INFO -   Silhouette: 0.2591 | School ROC: 0.6115 F1: 0.6011 | Project ROC: 0.5582 F1: 0.2407 
2026-02-15 14:43:32,713 - INFO - Round 135/1000
2026-02-15 14:43:33,010 - INFO -   Silhouette: 0.3373 | School ROC: 0.5800 F1: 0.5856 | Project ROC: 0.5496 F1: 0.2549 
2026-02-15 14:43:33,011 - INFO - Round 136/1000
2026-02-15 14:43:33,283 - INFO -   Silhouette: 0.2481 | School ROC: 0.6219 F1: 0.5955 | Project ROC: 0.5676 F1: 0.2626 
2026-02-15 14:43:33,283 - INFO - Round 137/1000
2026-02-15 14:43:33,584 - INFO -   Silhouette: 0.2392 | School ROC: 0.6007 F1: 0.5814 | Project ROC: 0.5890 F1: 0.2474 
2026-02-15 14:43:33,585 - INFO - Round 138/1000
2026-02-15 14:43:33,854 - INFO -   Silhouette: 0.2610 | School ROC: 0.6528 F1: 0.6257 | Project ROC: 0.5891 F1: 0.2545 
2026-02-15 14:43:33,854 - INFO - Round 139/1000
2026-02-15 14:43:34,172 - INFO -   Silhouette: 0.2581 | School ROC: 0.5912 F1: 0.5938 | Project ROC: 0.5196 F1: 0.1964 
2026-02-15 14:43:34,172 - INFO - Round 140/1000
2026-02-15 14:43:34,505 - INFO -   Silhouette: 0.2704 | School ROC: 0.6043 F1: 0.5896 | Project ROC: 0.5604 F1: 0.2400 
2026-02-15 14:43:34,505 - INFO - Round 141/1000
2026-02-15 14:43:34,755 - INFO -   Silhouette: 0.2918 | School ROC: 0.5860 F1: 0.5650 | Project ROC: 0.5718 F1: 0.2737 
2026-02-15 14:43:34,755 - INFO - Round 142/1000
2026-02-15 14:43:35,028 - INFO -   Silhouette: 0.3269 | School ROC: 0.6359 F1: 0.5778 | Project ROC: 0.5343 F1: 0.2075 
2026-02-15 14:43:35,028 - INFO - Round 143/1000
2026-02-15 14:43:35,365 - INFO -   Silhouette: 0.2678 | School ROC: 0.6043 F1: 0.5731 | Project ROC: 0.5684 F1: 0.2800 
2026-02-15 14:43:35,366 - INFO - Round 144/1000
2026-02-15 14:43:35,617 - INFO -   Silhouette: 0.2913 | School ROC: 0.5984 F1: 0.5632 | Project ROC: 0.5963 F1: 0.2609 
2026-02-15 14:43:35,618 - INFO - Round 145/1000
2026-02-15 14:43:35,852 - INFO -   Silhouette: 0.2443 | School ROC: 0.5896 F1: 0.5652 | Project ROC: 0.4637 F1: 0.1964 
2026-02-15 14:43:35,852 - INFO - Round 146/1000
2026-02-15 14:43:36,279 - INFO -   Silhouette: 0.3560 | School ROC: 0.6074 F1: 0.5922 | Project ROC: 0.5978 F1: 0.2600 
2026-02-15 14:43:36,279 - INFO - Round 147/1000
2026-02-15 14:43:36,507 - INFO -   Silhouette: 0.2012 | School ROC: 0.6336 F1: 0.6328 | Project ROC: 0.5875 F1: 0.2718 ✓
2026-02-15 14:43:36,536 - INFO - Results saved to /home/dev/work_main/random/assesment/k_means_selected/gemma3-12B_cv_evo_results.json
2026-02-15 14:43:36,536 - INFO - Round 148/1000
2026-02-15 14:43:36,781 - INFO -   Silhouette: 0.2455 | School ROC: 0.6086 F1: 0.5667 | Project ROC: 0.5511 F1: 0.2364 
2026-02-15 14:43:36,781 - INFO - Round 149/1000
2026-02-15 14:43:37,102 - INFO -   Silhouette: 0.2203 | School ROC: 0.6179 F1: 0.5922 | Project ROC: 0.5242 F1: 0.2136 
2026-02-15 14:43:37,103 - INFO - Round 150/1000
2026-02-15 14:43:37,374 - INFO -   Silhouette: 0.2514 | School ROC: 0.5998 F1: 0.5967 | Project ROC: 0.5604 F1: 0.2400 
2026-02-15 14:43:37,375 - INFO - Round 151/1000
2026-02-15 14:43:37,618 - INFO -   Silhouette: 0.1898 | School ROC: 0.6520 F1: 0.6044 | Project ROC: 0.5662 F1: 0.2500 
2026-02-15 14:43:37,619 - INFO - Round 152/1000
2026-02-15 14:43:37,862 - INFO -   Silhouette: 0.3077 | School ROC: 0.6239 F1: 0.6054 | Project ROC: 0.5196 F1: 0.2051 
2026-02-15 14:43:37,862 - INFO - Round 153/1000
2026-02-15 14:43:38,138 - INFO -   Silhouette: 0.2808 | School ROC: 0.6075 F1: 0.5922 | Project ROC: 0.6104 F1: 0.2453 
2026-02-15 14:43:38,139 - INFO - Round 154/1000
2026-02-15 14:43:38,402 - INFO -   Silhouette: 0.2351 | School ROC: 0.6078 F1: 0.6034 | Project ROC: 0.5808 F1: 0.2400 
2026-02-15 14:43:38,403 - INFO - Round 155/1000
2026-02-15 14:43:38,677 - INFO -   Silhouette: 0.2750 | School ROC: 0.5896 F1: 0.5792 | Project ROC: 0.5786 F1: 0.2549 
2026-02-15 14:43:38,678 - INFO - Round 156/1000
2026-02-15 14:43:39,076 - INFO -   Silhouette: 0.3281 | School ROC: 0.6027 F1: 0.5529 | Project ROC: 0.5738 F1: 0.2340 
2026-02-15 14:43:39,076 - INFO - Round 157/1000
2026-02-15 14:43:39,335 - INFO -   Silhouette: 0.2103 | School ROC: 0.5719 F1: 0.5543 | Project ROC: 0.4682 F1: 0.1600 
2026-02-15 14:43:39,336 - INFO - Round 158/1000
2026-02-15 14:43:39,663 - INFO -   Silhouette: 0.2574 | School ROC: 0.6077 F1: 0.5889 | Project ROC: 0.5006 F1: 0.2018 
2026-02-15 14:43:39,664 - INFO - Round 159/1000
2026-02-15 14:43:39,986 - INFO -   Silhouette: 0.2474 | School ROC: 0.5966 F1: 0.6011 | Project ROC: 0.5320 F1: 0.2400 
2026-02-15 14:43:39,986 - INFO - Round 160/1000
2026-02-15 14:43:40,241 - INFO -   Silhouette: 0.2591 | School ROC: 0.6286 F1: 0.5765 | Project ROC: 0.5630 F1: 0.2342 
2026-02-15 14:43:40,241 - INFO - Round 161/1000
2026-02-15 14:43:40,483 - INFO -   Silhouette: 0.2435 | School ROC: 0.6286 F1: 0.6077 | Project ROC: 0.5910 F1: 0.2692 
2026-02-15 14:43:40,483 - INFO - Round 162/1000
2026-02-15 14:43:40,768 - INFO -   Silhouette: 0.2648 | School ROC: 0.6219 F1: 0.5730 | Project ROC: 0.5487 F1: 0.2626 
2026-02-15 14:43:40,769 - INFO - Round 163/1000
2026-02-15 14:43:41,013 - INFO -   Silhouette: 0.2395 | School ROC: 0.5898 F1: 0.5698 | Project ROC: 0.5477 F1: 0.1923 
2026-02-15 14:43:41,013 - INFO - Round 164/1000
2026-02-15 14:43:41,271 - INFO -   Silhouette: 0.2406 | School ROC: 0.6041 F1: 0.5955 | Project ROC: 0.5783 F1: 0.2407 
2026-02-15 14:43:41,271 - INFO - Round 165/1000
2026-02-15 14:43:41,577 - INFO -   Silhouette: 0.2284 | School ROC: 0.6011 F1: 0.5652 | Project ROC: 0.5741 F1: 0.2593 
2026-02-15 14:43:41,577 - INFO - Round 166/1000
2026-02-15 14:43:41,863 - INFO -   Silhouette: 0.2855 | School ROC: 0.6533 F1: 0.6034 | Project ROC: 0.5760 F1: 0.2453 
2026-02-15 14:43:41,863 - INFO - Round 167/1000
2026-02-15 14:43:42,143 - INFO -   Silhouette: 0.2517 | School ROC: 0.6244 F1: 0.5412 | Project ROC: 0.5922 F1: 0.2545 
2026-02-15 14:43:42,143 - INFO - Round 168/1000
2026-02-15 14:43:42,367 - INFO -   Silhouette: 0.2449 | School ROC: 0.5908 F1: 0.5635 | Project ROC: 0.5292 F1: 0.2056 
2026-02-15 14:43:42,367 - INFO - Round 169/1000
2026-02-15 14:43:42,719 - INFO -   Silhouette: 0.2994 | School ROC: 0.6184 F1: 0.6162 | Project ROC: 0.6045 F1: 0.2807 
2026-02-15 14:43:42,719 - INFO - Round 170/1000
2026-02-15 14:43:43,054 - INFO -   Silhouette: 0.2613 | School ROC: 0.6249 F1: 0.5778 | Project ROC: 0.5231 F1: 0.2203 
2026-02-15 14:43:43,055 - INFO - Round 171/1000
2026-02-15 14:43:43,282 - INFO -   Silhouette: 0.2734 | School ROC: 0.6272 F1: 0.5955 | Project ROC: 0.5486 F1: 0.2373 
2026-02-15 14:43:43,282 - INFO - Round 172/1000
2026-02-15 14:43:43,532 - INFO -   Silhouette: 0.2702 | School ROC: 0.6349 F1: 0.5946 | Project ROC: 0.5179 F1: 0.1887 
2026-02-15 14:43:43,533 - INFO - Round 173/1000
2026-02-15 14:43:43,798 - INFO -   Silhouette: 0.3084 | School ROC: 0.6186 F1: 0.6127 | Project ROC: 0.5921 F1: 0.2574 
2026-02-15 14:43:43,798 - INFO - Round 174/1000
2026-02-15 14:43:44,065 - INFO -   Silhouette: 0.2410 | School ROC: 0.5610 F1: 0.5761 | Project ROC: 0.5524 F1: 0.2286 
2026-02-15 14:43:44,066 - INFO - Round 175/1000
2026-02-15 14:43:44,304 - INFO -   Silhouette: 0.2402 | School ROC: 0.5902 F1: 0.5967 | Project ROC: 0.5365 F1: 0.2157 
2026-02-15 14:43:44,305 - INFO - Round 176/1000
2026-02-15 14:43:44,560 - INFO -   Silhouette: 0.2248 | School ROC: 0.5853 F1: 0.5632 | Project ROC: 0.5420 F1: 0.2245 
2026-02-15 14:43:44,560 - INFO - Round 177/1000
2026-02-15 14:43:44,830 - INFO -   Silhouette: 0.3262 | School ROC: 0.6085 F1: 0.5444 | Project ROC: 0.5865 F1: 0.2617 
2026-02-15 14:43:44,830 - INFO - Round 178/1000
2026-02-15 14:43:45,090 - INFO -   Silhouette: 0.2136 | School ROC: 0.6409 F1: 0.5917 | Project ROC: 0.6058 F1: 0.2692 
2026-02-15 14:43:45,091 - INFO - Round 179/1000
2026-02-15 14:43:45,376 - INFO -   Silhouette: 0.2317 | School ROC: 0.5816 F1: 0.5698 | Project ROC: 0.5270 F1: 0.2095 
2026-02-15 14:43:45,376 - INFO - Round 180/1000
2026-02-15 14:43:45,650 - INFO -   Silhouette: 0.2907 | School ROC: 0.6139 F1: 0.5795 | Project ROC: 0.5732 F1: 0.2222 
2026-02-15 14:43:45,651 - INFO - Round 181/1000
2026-02-15 14:43:46,044 - INFO -   Silhouette: 0.2214 | School ROC: 0.6124 F1: 0.5967 | Project ROC: 0.5035 F1: 0.2037 
2026-02-15 14:43:46,044 - INFO - Round 182/1000
2026-02-15 14:43:46,298 - INFO -   Silhouette: 0.2776 | School ROC: 0.5998 F1: 0.5943 | Project ROC: 0.5988 F1: 0.2526 
2026-02-15 14:43:46,299 - INFO - Round 183/1000
2026-02-15 14:43:46,566 - INFO -   Silhouette: 0.3215 | School ROC: 0.6081 F1: 0.5529 | Project ROC: 0.6185 F1: 0.2600 
2026-02-15 14:43:46,566 - INFO - Round 184/1000
2026-02-15 14:43:46,890 - INFO -   Silhouette: 0.2557 | School ROC: 0.6105 F1: 0.5618 | Project ROC: 0.5429 F1: 0.2157 
2026-02-15 14:43:46,891 - INFO - Round 185/1000
2026-02-15 14:43:47,202 - INFO -   Silhouette: 0.3633 | School ROC: 0.5926 F1: 0.5632 | Project ROC: 0.6233 F1: 0.2772 ✓
2026-02-15 14:43:47,203 - INFO -     📊 Silhouette improvement → Avg ROC: 0.6080 | Avg F1: 0.4202 | F1/ROC ratio: 0.6912 (F1 < ROC (conservative predictions))
2026-02-15 14:43:47,259 - INFO - Results saved to /home/dev/work_main/random/assesment/k_means_selected/gemma3-12B_cv_evo_results.json
2026-02-15 14:43:47,260 - INFO - Round 186/1000
2026-02-15 14:43:47,462 - INFO -   Silhouette: 0.3350 | School ROC: 0.5906 F1: 0.5843 | Project ROC: 0.6137 F1: 0.2474 
2026-02-15 14:43:47,463 - INFO - Round 187/1000
2026-02-15 14:43:47,732 - INFO -   Silhouette: 0.2981 | School ROC: 0.6303 F1: 0.5870 | Project ROC: 0.5276 F1: 0.2182 
2026-02-15 14:43:47,732 - INFO - Round 188/1000
2026-02-15 14:43:47,988 - INFO -   Silhouette: 0.2157 | School ROC: 0.6244 F1: 0.6203 | Project ROC: 0.5356 F1: 0.2018 
2026-02-15 14:43:47,989 - INFO - Round 189/1000
2026-02-15 14:43:48,266 - INFO -   Silhouette: 0.2506 | School ROC: 0.6433 F1: 0.6154 | Project ROC: 0.6058 F1: 0.2642 
2026-02-15 14:43:48,267 - INFO - Round 190/1000
2026-02-15 14:43:48,518 - INFO -   Silhouette: 0.2203 | School ROC: 0.6016 F1: 0.5665 | Project ROC: 0.5417 F1: 0.2718 
2026-02-15 14:43:48,519 - INFO - Round 191/1000
2026-02-15 14:43:48,938 - INFO -   Silhouette: 0.3324 | School ROC: 0.6142 F1: 0.5517 | Project ROC: 0.6326 F1: 0.2745 
2026-02-15 14:43:48,938 - INFO - Round 192/1000
2026-02-15 14:43:49,167 - INFO -   Silhouette: 0.2674 | School ROC: 0.5901 F1: 0.5902 | Project ROC: 0.5489 F1: 0.2308 
2026-02-15 14:43:49,167 - INFO - Round 193/1000
2026-02-15 14:43:49,457 - INFO -   Silhouette: 0.2059 | School ROC: 0.5877 F1: 0.5946 | Project ROC: 0.6084 F1: 0.2569 
2026-02-15 14:43:49,457 - INFO - Round 194/1000
2026-02-15 14:43:49,753 - INFO -   Silhouette: 0.3716 | School ROC: 0.5797 F1: 0.5402 | Project ROC: 0.6005 F1: 0.2474 ✓
2026-02-15 14:43:49,754 - INFO -     📊 Silhouette improvement → Avg ROC: 0.5901 | Avg F1: 0.3938 | F1/ROC ratio: 0.6674 (F1 < ROC (conservative predictions))
2026-02-15 14:43:49,803 - INFO - Results saved to /home/dev/work_main/random/assesment/k_means_selected/gemma3-12B_cv_evo_results.json
2026-02-15 14:43:49,804 - INFO - Round 195/1000
2026-02-15 14:43:50,015 - INFO -   Silhouette: 0.2602 | School ROC: 0.6076 F1: 0.5955 | Project ROC: 0.5652 F1: 0.2424 
2026-02-15 14:43:50,015 - INFO - Round 196/1000
2026-02-15 14:43:50,292 - INFO -   Silhouette: 0.2258 | School ROC: 0.6038 F1: 0.5814 | Project ROC: 0.5432 F1: 0.2245 
2026-02-15 14:43:50,292 - INFO - Round 197/1000
2026-02-15 14:43:50,548 - INFO -   Silhouette: 0.2837 | School ROC: 0.6255 F1: 0.6057 | Project ROC: 0.6055 F1: 0.2737 
2026-02-15 14:43:50,548 - INFO - Round 198/1000
2026-02-15 14:43:50,874 - INFO -   Silhouette: 0.3039 | School ROC: 0.6211 F1: 0.6011 | Project ROC: 0.5760 F1: 0.2642 
2026-02-15 14:43:50,875 - INFO - Round 199/1000
2026-02-15 14:43:51,140 - INFO -   Silhouette: 0.1974 | School ROC: 0.6813 F1: 0.6333 | Project ROC: 0.5655 F1: 0.2453 
2026-02-15 14:43:51,141 - INFO - Round 200/1000
2026-02-15 14:43:51,379 - INFO -   Silhouette: 0.2508 | School ROC: 0.5778 F1: 0.5434 | Project ROC: 0.4848 F1: 0.1802 
2026-02-15 14:43:51,379 - INFO - Round 201/1000
2026-02-15 14:43:51,729 - INFO -   Silhouette: 0.2531 | School ROC: 0.5895 F1: 0.5820 | Project ROC: 0.5216 F1: 0.2301 
2026-02-15 14:43:51,730 - INFO - Round 202/1000
2026-02-15 14:43:52,092 - INFO -   Silhouette: 0.2586 | School ROC: 0.5875 F1: 0.5909 | Project ROC: 0.5921 F1: 0.2680 
2026-02-15 14:43:52,092 - INFO - Round 203/1000
2026-02-15 14:43:52,426 - INFO -   Silhouette: 0.2708 | School ROC: 0.5902 F1: 0.5747 | Project ROC: 0.5686 F1: 0.2316 
2026-02-15 14:43:52,438 - INFO - Round 204/1000
2026-02-15 14:43:52,755 - INFO -   Silhouette: 0.2880 | School ROC: 0.6061 F1: 0.5843 | Project ROC: 0.5409 F1: 0.2178 
2026-02-15 14:43:52,755 - INFO - Round 205/1000
2026-02-15 14:43:52,998 - INFO -   Silhouette: 0.2427 | School ROC: 0.6001 F1: 0.5730 | Project ROC: 0.5308 F1: 0.2056 
2026-02-15 14:43:52,998 - INFO - Round 206/1000
2026-02-15 14:43:53,251 - INFO -   Silhouette: 0.3089 | School ROC: 0.5876 F1: 0.5465 | Project ROC: 0.5767 F1: 0.2245 
2026-02-15 14:43:53,252 - INFO - Round 207/1000
2026-02-15 14:43:53,541 - INFO -   Silhouette: 0.2906 | School ROC: 0.5970 F1: 0.5763 | Project ROC: 0.5711 F1: 0.2766 
2026-02-15 14:43:53,541 - INFO - Round 208/1000
2026-02-15 14:43:53,781 - INFO -   Silhouette: 0.2543 | School ROC: 0.5852 F1: 0.5263 | Project ROC: 0.5894 F1: 0.2600 
2026-02-15 14:43:53,782 - INFO - Round 209/1000
2026-02-15 14:43:54,123 - INFO -   Silhouette: 0.3004 | School ROC: 0.6241 F1: 0.5714 | Project ROC: 0.5905 F1: 0.2885 
2026-02-15 14:43:54,124 - INFO - Round 210/1000
2026-02-15 14:43:54,347 - INFO -   Silhouette: 0.2912 | School ROC: 0.5996 F1: 0.5747 | Project ROC: 0.5906 F1: 0.2526 
2026-02-15 14:43:54,347 - INFO - Round 211/1000
2026-02-15 14:43:54,772 - INFO -   Silhouette: 0.2964 | School ROC: 0.6252 F1: 0.6349 | Project ROC: 0.5156 F1: 0.2018 
2026-02-15 14:43:54,773 - INFO - Round 212/1000
2026-02-15 14:43:55,045 - INFO -   Silhouette: 0.3038 | School ROC: 0.6160 F1: 0.5829 | Project ROC: 0.5829 F1: 0.2474 
2026-02-15 14:43:55,045 - INFO - Round 213/1000
2026-02-15 14:43:55,350 - INFO -   Silhouette: 0.2401 | School ROC: 0.6004 F1: 0.5665 | Project ROC: 0.5741 F1: 0.2268 
2026-02-15 14:43:55,350 - INFO - Round 214/1000
2026-02-15 14:43:55,611 - INFO -   Silhouette: 0.2717 | School ROC: 0.6179 F1: 0.5665 | Project ROC: 0.5365 F1: 0.2545 
2026-02-15 14:43:55,611 - INFO - Round 215/1000
2026-02-15 14:43:55,875 - INFO -   Silhouette: 0.2282 | School ROC: 0.5958 F1: 0.5486 | Project ROC: 0.5395 F1: 0.2075 
2026-02-15 14:43:55,875 - INFO - Round 216/1000
2026-02-15 14:43:56,257 - INFO -   Silhouette: 0.2733 | School ROC: 0.5532 F1: 0.5652 | Project ROC: 0.5931 F1: 0.2400 
2026-02-15 14:43:56,257 - INFO - Round 217/1000
2026-02-15 14:43:56,493 - INFO -   Silhouette: 0.2557 | School ROC: 0.5737 F1: 0.5402 | Project ROC: 0.4332 F1: 0.1373 
2026-02-15 14:43:56,493 - INFO - Round 218/1000
2026-02-15 14:43:56,761 - INFO -   Silhouette: 0.3041 | School ROC: 0.5863 F1: 0.5357 | Project ROC: 0.6011 F1: 0.2198 
2026-02-15 14:43:56,762 - INFO - Round 219/1000
2026-02-15 14:43:57,191 - INFO -   Silhouette: 0.2322 | School ROC: 0.5952 F1: 0.5856 | Project ROC: 0.5611 F1: 0.2500 
2026-02-15 14:43:57,191 - INFO - Round 220/1000
2026-02-15 14:43:57,468 - INFO -   Silhouette: 0.3175 | School ROC: 0.6026 F1: 0.6162 | Project ROC: 0.6231 F1: 0.2632 
2026-02-15 14:43:57,468 - INFO - Round 221/1000
2026-02-15 14:43:57,697 - INFO -   Silhouette: 0.2549 | School ROC: 0.5683 F1: 0.5089 | Project ROC: 0.5387 F1: 0.2095 
2026-02-15 14:43:57,698 - INFO - Round 222/1000
2026-02-15 14:43:57,983 - INFO -   Silhouette: 0.2924 | School ROC: 0.6008 F1: 0.5824 | Project ROC: 0.5257 F1: 0.2245 
2026-02-15 14:43:57,983 - INFO - Round 223/1000
2026-02-15 14:43:58,254 - INFO -   Silhouette: 0.1869 | School ROC: 0.5823 F1: 0.5475 | Project ROC: 0.4975 F1: 0.1905 
2026-02-15 14:43:58,255 - INFO - Round 224/1000
2026-02-15 14:43:58,510 - INFO -   Silhouette: 0.2280 | School ROC: 0.6017 F1: 0.5730 | Project ROC: 0.4953 F1: 0.1818 
2026-02-15 14:43:58,511 - INFO - Round 225/1000
2026-02-15 14:43:58,752 - INFO -   Silhouette: 0.2750 | School ROC: 0.6396 F1: 0.6145 | Project ROC: 0.5951 F1: 0.3036 ✓
2026-02-15 14:43:58,796 - INFO - Results saved to /home/dev/work_main/random/assesment/k_means_selected/gemma3-12B_cv_evo_results.json
2026-02-15 14:43:58,797 - INFO - Round 226/1000
2026-02-15 14:43:59,027 - INFO -   Silhouette: 0.2648 | School ROC: 0.5888 F1: 0.5632 | Project ROC: 0.6023 F1: 0.2772 
2026-02-15 14:43:59,027 - INFO - Round 227/1000
2026-02-15 14:43:59,347 - INFO -   Silhouette: 0.2669 | School ROC: 0.5945 F1: 0.5434 | Project ROC: 0.6160 F1: 0.3191 ✓
2026-02-15 14:43:59,417 - INFO - Results saved to /home/dev/work_main/random/assesment/k_means_selected/gemma3-12B_cv_evo_results.json
2026-02-15 14:43:59,417 - INFO - Round 228/1000
2026-02-15 14:43:59,613 - INFO -   Silhouette: 0.2594 | School ROC: 0.6155 F1: 0.5902 | Project ROC: 0.5249 F1: 0.2018 
2026-02-15 14:43:59,614 - INFO - Round 229/1000
2026-02-15 14:43:59,999 - INFO -   Silhouette: 0.1894 | School ROC: 0.5978 F1: 0.6000 | Project ROC: 0.5053 F1: 0.1935 
2026-02-15 14:44:00,000 - INFO - Round 230/1000
2026-02-15 14:44:00,228 - INFO -   Silhouette: 0.3006 | School ROC: 0.5857 F1: 0.5698 | Project ROC: 0.5635 F1: 0.2292 
2026-02-15 14:44:00,228 - INFO - Round 231/1000
2026-02-15 14:44:00,595 - INFO -   Silhouette: 0.2183 | School ROC: 0.6139 F1: 0.5698 | Project ROC: 0.5334 F1: 0.2342 
2026-02-15 14:44:00,596 - INFO - Round 232/1000
2026-02-15 14:44:01,108 - INFO -   Silhouette: 0.2137 | School ROC: 0.6408 F1: 0.5765 | Project ROC: 0.6052 F1: 0.2941 
2026-02-15 14:44:01,109 - INFO - Round 233/1000
2026-02-15 14:44:01,651 - INFO -   Silhouette: 0.3261 | School ROC: 0.6101 F1: 0.5600 | Project ROC: 0.5975 F1: 0.2626 
2026-02-15 14:44:01,652 - INFO - Round 234/1000
2026-02-15 14:44:02,018 - INFO -   Silhouette: 0.2777 | School ROC: 0.5868 F1: 0.5810 | Project ROC: 0.5738 F1: 0.2800 
2026-02-15 14:44:02,019 - INFO - Round 235/1000
2026-02-15 14:44:02,341 - INFO -   Silhouette: 0.1985 | School ROC: 0.6120 F1: 0.6000 | Project ROC: 0.5255 F1: 0.2056 
2026-02-15 14:44:02,341 - INFO - Round 236/1000
2026-02-15 14:44:02,892 - INFO -   Silhouette: 0.1756 | School ROC: 0.6147 F1: 0.5965 | Project ROC: 0.5998 F1: 0.2642 
2026-02-15 14:44:02,892 - INFO - Round 237/1000
2026-02-15 14:44:03,324 - INFO -   Silhouette: 0.2921 | School ROC: 0.5923 F1: 0.6073 | Project ROC: 0.5559 F1: 0.2000 
2026-02-15 14:44:03,325 - INFO - Round 238/1000
2026-02-15 14:44:03,830 - INFO -   Silhouette: 0.2941 | School ROC: 0.6227 F1: 0.5946 | Project ROC: 0.5500 F1: 0.2407 
2026-02-15 14:44:03,831 - INFO - Round 239/1000
2026-02-15 14:44:04,298 - INFO -   Silhouette: 0.2276 | School ROC: 0.5872 F1: 0.5775 | Project ROC: 0.5397 F1: 0.2075 
2026-02-15 14:44:04,299 - INFO - Round 240/1000
2026-02-15 14:44:04,616 - INFO -   Silhouette: 0.2969 | School ROC: 0.6061 F1: 0.5829 | Project ROC: 0.5562 F1: 0.2366 
2026-02-15 14:44:04,617 - INFO - Round 241/1000
2026-02-15 14:44:04,860 - INFO -   Silhouette: 0.2546 | School ROC: 0.6013 F1: 0.5600 | Project ROC: 0.4949 F1: 0.1856 
2026-02-15 14:44:04,860 - INFO - Round 242/1000
2026-02-15 14:44:05,135 - INFO -   Silhouette: 0.2873 | School ROC: 0.5872 F1: 0.5967 | Project ROC: 0.5016 F1: 0.2075 
2026-02-15 14:44:05,136 - INFO - Round 243/1000
2026-02-15 14:44:05,491 - INFO -   Silhouette: 0.2645 | School ROC: 0.6146 F1: 0.5731 | Project ROC: 0.5603 F1: 0.2500 
2026-02-15 14:44:05,491 - INFO - Round 244/1000
2026-02-15 14:44:05,737 - INFO -   Silhouette: 0.2639 | School ROC: 0.5976 F1: 0.6012 | Project ROC: 0.6062 F1: 0.2588 
2026-02-15 14:44:05,737 - INFO - Round 245/1000
2026-02-15 14:44:05,994 - INFO -   Silhouette: 0.2514 | School ROC: 0.5968 F1: 0.5667 | Project ROC: 0.5352 F1: 0.2095 
2026-02-15 14:44:05,995 - INFO - Round 246/1000
2026-02-15 14:44:06,266 - INFO -   Silhouette: 0.3092 | School ROC: 0.5905 F1: 0.5465 | Project ROC: 0.5995 F1: 0.2424 
2026-02-15 14:44:06,266 - INFO - Round 247/1000
2026-02-15 14:44:06,496 - INFO -   Silhouette: 0.2166 | School ROC: 0.6294 F1: 0.5909 | Project ROC: 0.5521 F1: 0.2435 
2026-02-15 14:44:06,496 - INFO - Round 248/1000
2026-02-15 14:44:06,741 - INFO -   Silhouette: 0.2925 | School ROC: 0.5832 F1: 0.5647 | Project ROC: 0.5715 F1: 0.2609 
2026-02-15 14:44:06,742 - INFO - Round 249/1000
2026-02-15 14:44:07,032 - INFO -   Silhouette: 0.2367 | School ROC: 0.6132 F1: 0.6022 | Project ROC: 0.5245 F1: 0.2407 
2026-02-15 14:44:07,032 - INFO - Round 250/1000
2026-02-15 14:44:07,336 - INFO -   Silhouette: 0.2966 | School ROC: 0.5654 F1: 0.5486 | Project ROC: 0.5754 F1: 0.2391 
2026-02-15 14:44:07,337 - INFO - Round 251/1000
2026-02-15 14:44:07,602 - INFO -   Silhouette: 0.2732 | School ROC: 0.6267 F1: 0.6170 | Project ROC: 0.5153 F1: 0.2301 
2026-02-15 14:44:07,602 - INFO - Round 252/1000
2026-02-15 14:44:07,891 - INFO -   Silhouette: 0.3002 | School ROC: 0.5911 F1: 0.5665 | Project ROC: 0.5611 F1: 0.2474 
2026-02-15 14:44:07,891 - INFO - Round 253/1000
2026-02-15 14:44:08,314 - INFO -   Silhouette: 0.2241 | School ROC: 0.6416 F1: 0.6067 | Project ROC: 0.5050 F1: 0.2115 
2026-02-15 14:44:08,314 - INFO - Round 254/1000
2026-02-15 14:44:08,593 - INFO -   Silhouette: 0.2724 | School ROC: 0.5576 F1: 0.5506 | Project ROC: 0.5257 F1: 0.2268 
2026-02-15 14:44:08,593 - INFO - Round 255/1000
2026-02-15 14:44:08,851 - INFO -   Silhouette: 0.3336 | School ROC: 0.5963 F1: 0.5698 | Project ROC: 0.5681 F1: 0.2449 
2026-02-15 14:44:08,852 - INFO - Round 256/1000
2026-02-15 14:44:09,106 - INFO -   Silhouette: 0.3379 | School ROC: 0.6320 F1: 0.5731 | Project ROC: 0.6043 F1: 0.2745 
2026-02-15 14:44:09,107 - INFO - Round 257/1000
2026-02-15 14:44:09,466 - INFO -   Silhouette: 0.2752 | School ROC: 0.5885 F1: 0.5763 | Project ROC: 0.5537 F1: 0.2680 
2026-02-15 14:44:09,467 - INFO - Round 258/1000
2026-02-15 14:44:09,728 - INFO -   Silhouette: 0.2507 | School ROC: 0.5847 F1: 0.5810 | Project ROC: 0.6231 F1: 0.2692 
2026-02-15 14:44:09,728 - INFO - Round 259/1000
2026-02-15 14:44:09,979 - INFO -   Silhouette: 0.1927 | School ROC: 0.5925 F1: 0.5263 | Project ROC: 0.5439 F1: 0.1839 
2026-02-15 14:44:09,979 - INFO - Round 260/1000
2026-02-15 14:44:10,463 - INFO -   Silhouette: 0.3071 | School ROC: 0.5926 F1: 0.6023 | Project ROC: 0.5741 F1: 0.2626 
2026-02-15 14:44:10,463 - INFO - Round 261/1000
2026-02-15 14:44:10,697 - INFO -   Silhouette: 0.2485 | School ROC: 0.6100 F1: 0.5795 | Project ROC: 0.5756 F1: 0.2018 
2026-02-15 14:44:10,697 - INFO - Round 262/1000
2026-02-15 14:44:11,002 - INFO -   Silhouette: 0.3595 | School ROC: 0.5992 F1: 0.5632 | Project ROC: 0.5996 F1: 0.2857 
2026-02-15 14:44:11,002 - INFO - Round 263/1000
2026-02-15 14:44:11,259 - INFO -   Silhouette: 0.2694 | School ROC: 0.5755 F1: 0.5465 | Project ROC: 0.5950 F1: 0.2653 
2026-02-15 14:44:11,260 - INFO - Round 264/1000
2026-02-15 14:44:11,498 - INFO -   Silhouette: 0.2374 | School ROC: 0.5956 F1: 0.5509 | Project ROC: 0.6064 F1: 0.2449 
2026-02-15 14:44:11,498 - INFO - Round 265/1000
2026-02-15 14:44:11,777 - INFO -   Silhouette: 0.2117 | School ROC: 0.6392 F1: 0.6145 | Project ROC: 0.5804 F1: 0.2549 
2026-02-15 14:44:11,777 - INFO - Round 266/1000
2026-02-15 14:44:12,048 - INFO -   Silhouette: 0.2429 | School ROC: 0.5812 F1: 0.5699 | Project ROC: 0.5741 F1: 0.2574 
2026-02-15 14:44:12,048 - INFO - Round 267/1000
2026-02-15 14:44:12,310 - INFO -   Silhouette: 0.2495 | School ROC: 0.6132 F1: 0.5622 | Project ROC: 0.5249 F1: 0.2182 
2026-02-15 14:44:12,311 - INFO - Round 268/1000
2026-02-15 14:44:12,591 - INFO -   Silhouette: 0.2630 | School ROC: 0.5946 F1: 0.6032 | Project ROC: 0.5724 F1: 0.2617 
2026-02-15 14:44:12,592 - INFO - Round 269/1000
2026-02-15 14:44:12,823 - INFO -   Silhouette: 0.2840 | School ROC: 0.6375 F1: 0.6230 | Project ROC: 0.5134 F1: 0.2124 
2026-02-15 14:44:12,823 - INFO - Round 270/1000
2026-02-15 14:44:13,104 - INFO -   Silhouette: 0.2549 | School ROC: 0.6319 F1: 0.6383 | Project ROC: 0.5556 F1: 0.2430 
2026-02-15 14:44:13,105 - INFO - Round 271/1000
2026-02-15 14:44:13,402 - INFO -   Silhouette: 0.2211 | School ROC: 0.6107 F1: 0.5730 | Project ROC: 0.5922 F1: 0.2524 
2026-02-15 14:44:13,402 - INFO - Round 272/1000
2026-02-15 14:44:13,737 - INFO -   Silhouette: 0.3328 | School ROC: 0.6156 F1: 0.5610 | Project ROC: 0.6201 F1: 0.3168 
2026-02-15 14:44:13,737 - INFO - Round 273/1000
2026-02-15 14:44:13,948 - INFO -   Silhouette: 0.2940 | School ROC: 0.5861 F1: 0.5497 | Project ROC: 0.6164 F1: 0.2553 
2026-02-15 14:44:13,948 - INFO - Round 274/1000
2026-02-15 14:44:14,198 - INFO -   Silhouette: 0.3067 | School ROC: 0.5890 F1: 0.5889 | Project ROC: 0.5734 F1: 0.2430 
2026-02-15 14:44:14,198 - INFO - Round 275/1000
2026-02-15 14:44:14,451 - INFO -   Silhouette: 0.2663 | School ROC: 0.5945 F1: 0.5318 | Project ROC: 0.5783 F1: 0.2745 
2026-02-15 14:44:14,451 - INFO - Round 276/1000
2026-02-15 14:44:14,726 - INFO -   Silhouette: 0.2591 | School ROC: 0.6113 F1: 0.5989 | Project ROC: 0.6096 F1: 0.2667 
2026-02-15 14:44:14,726 - INFO - Round 277/1000
2026-02-15 14:44:14,992 - INFO -   Silhouette: 0.2116 | School ROC: 0.6514 F1: 0.5890 | Project ROC: 0.5407 F1: 0.2737 
2026-02-15 14:44:14,992 - INFO - Round 278/1000
2026-02-15 14:44:15,253 - INFO -   Silhouette: 0.2617 | School ROC: 0.6100 F1: 0.5604 | Project ROC: 0.5264 F1: 0.2203 
2026-02-15 14:44:15,254 - INFO - Round 279/1000
2026-02-15 14:44:15,514 - INFO -   Silhouette: 0.2568 | School ROC: 0.6148 F1: 0.5412 | Project ROC: 0.6160 F1: 0.2745 
2026-02-15 14:44:15,514 - INFO - Round 280/1000
2026-02-15 14:44:15,891 - INFO -   Silhouette: 0.2524 | School ROC: 0.6100 F1: 0.5778 | Project ROC: 0.5274 F1: 0.2143 
2026-02-15 14:44:15,891 - INFO - Round 281/1000
2026-02-15 14:44:16,166 - INFO -   Silhouette: 0.2427 | School ROC: 0.6392 F1: 0.6023 | Project ROC: 0.5306 F1: 0.1818 
2026-02-15 14:44:16,166 - INFO - Round 282/1000
2026-02-15 14:44:16,490 - INFO -   Silhouette: 0.3204 | School ROC: 0.5857 F1: 0.5632 | Project ROC: 0.5750 F1: 0.2198 
2026-02-15 14:44:16,491 - INFO - Round 283/1000
2026-02-15 14:44:16,707 - INFO -   Silhouette: 0.2100 | School ROC: 0.6144 F1: 0.5682 | Project ROC: 0.4869 F1: 0.1474 
2026-02-15 14:44:16,708 - INFO - Round 284/1000
2026-02-15 14:44:16,923 - INFO -   Silhouette: 0.2477 | School ROC: 0.6308 F1: 0.6023 | Project ROC: 0.6100 F1: 0.2549 
2026-02-15 14:44:16,923 - INFO - Round 285/1000
2026-02-15 14:44:17,183 - INFO -   Silhouette: 0.3061 | School ROC: 0.6084 F1: 0.5795 | Project ROC: 0.5769 F1: 0.2353 
2026-02-15 14:44:17,184 - INFO - Round 286/1000
2026-02-15 14:44:17,406 - INFO -   Silhouette: 0.2333 | School ROC: 0.5943 F1: 0.5506 | Project ROC: 0.5045 F1: 0.2178 
2026-02-15 14:44:17,406 - INFO - Round 287/1000
2026-02-15 14:44:17,662 - INFO -   Silhouette: 0.2765 | School ROC: 0.5934 F1: 0.5810 | Project ROC: 0.5508 F1: 0.2062 
2026-02-15 14:44:17,662 - INFO - Round 288/1000
2026-02-15 14:44:17,914 - INFO -   Silhouette: 0.2749 | School ROC: 0.6261 F1: 0.5714 | Project ROC: 0.5441 F1: 0.2321 
2026-02-15 14:44:17,914 - INFO - Round 289/1000
2026-02-15 14:44:18,155 - INFO -   Silhouette: 0.1958 | School ROC: 0.6424 F1: 0.6023 | Project ROC: 0.5848 F1: 0.2400 
2026-02-15 14:44:18,156 - INFO - Round 290/1000
2026-02-15 14:44:18,473 - INFO -   Silhouette: 0.1996 | School ROC: 0.6009 F1: 0.5618 | Project ROC: 0.5619 F1: 0.2264 
2026-02-15 14:44:18,473 - INFO - Round 291/1000
2026-02-15 14:44:18,826 - INFO -   Silhouette: 0.2551 | School ROC: 0.6059 F1: 0.5820 | Project ROC: 0.5344 F1: 0.2430 
2026-02-15 14:44:18,826 - INFO - Round 292/1000
2026-02-15 14:44:19,049 - INFO -   Silhouette: 0.2441 | School ROC: 0.5902 F1: 0.5843 | Project ROC: 0.5568 F1: 0.2376 
2026-02-15 14:44:19,050 - INFO - Round 293/1000
2026-02-15 14:44:19,419 - INFO -   Silhouette: 0.3137 | School ROC: 0.5972 F1: 0.5632 | Project ROC: 0.5585 F1: 0.2321 
2026-02-15 14:44:19,420 - INFO - Round 294/1000
2026-02-15 14:44:19,766 - INFO -   Silhouette: 0.2596 | School ROC: 0.5933 F1: 0.5714 | Project ROC: 0.5400 F1: 0.1915 
2026-02-15 14:44:19,767 - INFO - Round 295/1000
2026-02-15 14:44:20,001 - INFO -   Silhouette: 0.2267 | School ROC: 0.6486 F1: 0.5862 | Project ROC: 0.5730 F1: 0.2414 
2026-02-15 14:44:20,001 - INFO - Round 296/1000
2026-02-15 14:44:20,357 - INFO -   Silhouette: 0.1935 | School ROC: 0.5919 F1: 0.5889 | Project ROC: 0.5252 F1: 0.1915 
2026-02-15 14:44:20,358 - INFO - Round 297/1000
2026-02-15 14:44:20,630 - INFO -   Silhouette: 0.2678 | School ROC: 0.6004 F1: 0.5389 | Project ROC: 0.5964 F1: 0.2128 
2026-02-15 14:44:20,631 - INFO - Round 298/1000
2026-02-15 14:44:20,953 - INFO -   Silhouette: 0.2544 | School ROC: 0.5968 F1: 0.5967 | Project ROC: 0.4953 F1: 0.2105 
2026-02-15 14:44:20,954 - INFO - Round 299/1000
2026-02-15 14:44:21,276 - INFO -   Silhouette: 0.2944 | School ROC: 0.5924 F1: 0.5537 | Project ROC: 0.5552 F1: 0.2500 
2026-02-15 14:44:21,277 - INFO - Round 300/1000
2026-02-15 14:44:21,519 - INFO -   Silhouette: 0.2971 | School ROC: 0.5900 F1: 0.5486 | Project ROC: 0.5907 F1: 0.2581 
2026-02-15 14:44:21,520 - INFO - Round 301/1000
2026-02-15 14:44:21,782 - INFO -   Silhouette: 0.2168 | School ROC: 0.5911 F1: 0.5795 | Project ROC: 0.5730 F1: 0.2476 
2026-02-15 14:44:21,782 - INFO - Round 302/1000
2026-02-15 14:44:22,098 - INFO -   Silhouette: 0.2528 | School ROC: 0.5562 F1: 0.5810 | Project ROC: 0.5900 F1: 0.2692 
2026-02-15 14:44:22,099 - INFO - Round 303/1000
2026-02-15 14:44:22,355 - INFO -   Silhouette: 0.2292 | School ROC: 0.6039 F1: 0.6022 | Project ROC: 0.5320 F1: 0.2268 
2026-02-15 14:44:22,355 - INFO - Round 304/1000
2026-02-15 14:44:22,618 - INFO -   Silhouette: 0.3143 | School ROC: 0.5998 F1: 0.5896 | Project ROC: 0.6131 F1: 0.2828 
2026-02-15 14:44:22,618 - INFO - Round 305/1000
2026-02-15 14:44:22,877 - INFO -   Silhouette: 0.2534 | School ROC: 0.6300 F1: 0.6077 | Project ROC: 0.5273 F1: 0.1765 
2026-02-15 14:44:22,877 - INFO - Round 306/1000
2026-02-15 14:44:23,251 - INFO -   Silhouette: 0.2432 | School ROC: 0.6104 F1: 0.5806 | Project ROC: 0.5369 F1: 0.2243 
2026-02-15 14:44:23,252 - INFO - Round 307/1000
2026-02-15 14:44:23,550 - INFO -   Silhouette: 0.2528 | School ROC: 0.6457 F1: 0.6000 | Project ROC: 0.5235 F1: 0.2000 
2026-02-15 14:44:23,551 - INFO - Round 308/1000
2026-02-15 14:44:23,765 - INFO -   Silhouette: 0.2743 | School ROC: 0.5791 F1: 0.5476 | Project ROC: 0.5483 F1: 0.2500 
2026-02-15 14:44:23,765 - INFO - Round 309/1000
2026-02-15 14:44:24,223 - INFO -   Silhouette: 0.3031 | School ROC: 0.5887 F1: 0.5562 | Project ROC: 0.5624 F1: 0.2268 
2026-02-15 14:44:24,223 - INFO - Round 310/1000
2026-02-15 14:44:24,459 - INFO -   Silhouette: 0.2689 | School ROC: 0.6175 F1: 0.5967 | Project ROC: 0.5572 F1: 0.2308 
2026-02-15 14:44:24,459 - INFO - Round 311/1000
2026-02-15 14:44:24,715 - INFO -   Silhouette: 0.2471 | School ROC: 0.6136 F1: 0.5698 | Project ROC: 0.5248 F1: 0.2087 
2026-02-15 14:44:24,715 - INFO - Round 312/1000
2026-02-15 14:44:25,137 - INFO -   Silhouette: 0.2217 | School ROC: 0.5896 F1: 0.5714 | Project ROC: 0.5238 F1: 0.1980 
2026-02-15 14:44:25,138 - INFO - Round 313/1000
2026-02-15 14:44:25,400 - INFO -   Silhouette: 0.2378 | School ROC: 0.6465 F1: 0.6230 | Project ROC: 0.5562 F1: 0.2105 
2026-02-15 14:44:25,400 - INFO - Round 314/1000
2026-02-15 14:44:25,696 - INFO -   Silhouette: 0.2206 | School ROC: 0.5898 F1: 0.5977 | Project ROC: 0.6163 F1: 0.2642 
2026-02-15 14:44:25,696 - INFO - Round 315/1000
2026-02-15 14:44:25,943 - INFO -   Silhouette: 0.2788 | School ROC: 0.6118 F1: 0.5922 | Project ROC: 0.5887 F1: 0.2500 
2026-02-15 14:44:25,943 - INFO - Round 316/1000
2026-02-15 14:44:26,173 - INFO -   Silhouette: 0.2855 | School ROC: 0.5608 F1: 0.5263 | Project ROC: 0.5592 F1: 0.2340 
2026-02-15 14:44:26,173 - INFO - Round 317/1000
2026-02-15 14:44:26,416 - INFO -   Silhouette: 0.2094 | School ROC: 0.6204 F1: 0.5957 | Project ROC: 0.5712 F1: 0.2162 
2026-02-15 14:44:26,416 - INFO - Round 318/1000
2026-02-15 14:44:26,699 - INFO -   Silhouette: 0.3269 | School ROC: 0.6196 F1: 0.5614 | Project ROC: 0.6166 F1: 0.2778 
2026-02-15 14:44:26,699 - INFO - Round 319/1000
2026-02-15 14:44:27,039 - INFO -   Silhouette: 0.2670 | School ROC: 0.6556 F1: 0.6304 | Project ROC: 0.5255 F1: 0.2241 
2026-02-15 14:44:27,039 - INFO - Round 320/1000
2026-02-15 14:44:27,289 - INFO -   Silhouette: 0.3000 | School ROC: 0.6081 F1: 0.6054 | Project ROC: 0.5105 F1: 0.2056 
2026-02-15 14:44:27,290 - INFO - Round 321/1000
2026-02-15 14:44:27,713 - INFO -   Silhouette: 0.3061 | School ROC: 0.5881 F1: 0.6034 | Project ROC: 0.5792 F1: 0.2574 
2026-02-15 14:44:27,714 - INFO - Round 322/1000
2026-02-15 14:44:28,046 - INFO -   Silhouette: 0.2181 | School ROC: 0.6000 F1: 0.5682 | Project ROC: 0.5708 F1: 0.2222 
2026-02-15 14:44:28,047 - INFO - Round 323/1000
2026-02-15 14:44:28,300 - INFO -   Silhouette: 0.1915 | School ROC: 0.5968 F1: 0.5955 | Project ROC: 0.5607 F1: 0.2330 
2026-02-15 14:44:28,301 - INFO - Round 324/1000
2026-02-15 14:44:28,538 - INFO -   Silhouette: 0.3077 | School ROC: 0.6001 F1: 0.5843 | Project ROC: 0.6030 F1: 0.2745 
2026-02-15 14:44:28,538 - INFO - Round 325/1000
2026-02-15 14:44:28,787 - INFO -   Silhouette: 0.2216 | School ROC: 0.5704 F1: 0.5775 | Project ROC: 0.5143 F1: 0.2056 
2026-02-15 14:44:28,788 - INFO - Round 326/1000
2026-02-15 14:44:29,063 - INFO -   Silhouette: 0.2601 | School ROC: 0.5820 F1: 0.6146 | Project ROC: 0.5355 F1: 0.2264 
2026-02-15 14:44:29,063 - INFO - Round 327/1000
2026-02-15 14:44:29,387 - INFO -   Silhouette: 0.3373 | School ROC: 0.6198 F1: 0.5618 | Project ROC: 0.6144 F1: 0.2887 
2026-02-15 14:44:29,387 - INFO - Round 328/1000
2026-02-15 14:44:29,658 - INFO -   Silhouette: 0.2231 | School ROC: 0.6062 F1: 0.5862 | Project ROC: 0.5518 F1: 0.2243 
2026-02-15 14:44:29,658 - INFO - Round 329/1000
2026-02-15 14:44:29,901 - INFO -   Silhouette: 0.3114 | School ROC: 0.6244 F1: 0.5934 | Project ROC: 0.5924 F1: 0.3036 
2026-02-15 14:44:29,901 - INFO - Round 330/1000
2026-02-15 14:44:30,132 - INFO -   Silhouette: 0.2167 | School ROC: 0.5919 F1: 0.5618 | Project ROC: 0.5677 F1: 0.2308 
2026-02-15 14:44:30,132 - INFO - Round 331/1000
2026-02-15 14:44:30,375 - INFO -   Silhouette: 0.2392 | School ROC: 0.6161 F1: 0.6011 | Project ROC: 0.5053 F1: 0.1887 
2026-02-15 14:44:30,375 - INFO - Round 332/1000
2026-02-15 14:44:30,678 - INFO -   Silhouette: 0.2735 | School ROC: 0.5649 F1: 0.5412 | Project ROC: 0.6212 F1: 0.2708 
2026-02-15 14:44:30,679 - INFO - Round 333/1000
2026-02-15 14:44:30,911 - INFO -   Silhouette: 0.2922 | School ROC: 0.5756 F1: 0.5714 | Project ROC: 0.5775 F1: 0.2474 
2026-02-15 14:44:30,911 - INFO - Round 334/1000
2026-02-15 14:44:31,272 - INFO -   Silhouette: 0.2488 | School ROC: 0.6089 F1: 0.5989 | Project ROC: 0.5668 F1: 0.2476 
2026-02-15 14:44:31,273 - INFO - Round 335/1000
2026-02-15 14:44:31,517 - INFO -   Silhouette: 0.2863 | School ROC: 0.6266 F1: 0.5862 | Project ROC: 0.5795 F1: 0.2727 
2026-02-15 14:44:31,517 - INFO - Round 336/1000
2026-02-15 14:44:31,765 - INFO -   Silhouette: 0.3149 | School ROC: 0.6016 F1: 0.6034 | Project ROC: 0.5655 F1: 0.2796 
2026-02-15 14:44:31,766 - INFO - Round 337/1000
2026-02-15 14:44:32,038 - INFO -   Silhouette: 0.2290 | School ROC: 0.5973 F1: 0.5862 | Project ROC: 0.5547 F1: 0.2500 
2026-02-15 14:44:32,038 - INFO - Round 338/1000
2026-02-15 14:44:32,301 - INFO -   Silhouette: 0.2469 | School ROC: 0.5781 F1: 0.5761 | Project ROC: 0.5018 F1: 0.1698 
2026-02-15 14:44:32,302 - INFO - Round 339/1000
2026-02-15 14:44:32,561 - INFO -   Silhouette: 0.2483 | School ROC: 0.5855 F1: 0.5870 | Project ROC: 0.5506 F1: 0.2593 
2026-02-15 14:44:32,562 - INFO - Round 340/1000
2026-02-15 14:44:32,830 - INFO -   Silhouette: 0.2712 | School ROC: 0.5919 F1: 0.5795 | Project ROC: 0.5547 F1: 0.2062 
2026-02-15 14:44:32,831 - INFO - Round 341/1000
2026-02-15 14:44:33,110 - INFO -   Silhouette: 0.2707 | School ROC: 0.5862 F1: 0.5730 | Project ROC: 0.5716 F1: 0.2500 
2026-02-15 14:44:33,110 - INFO - Round 342/1000
2026-02-15 14:44:33,455 - INFO -   Silhouette: 0.2587 | School ROC: 0.5836 F1: 0.5989 | Project ROC: 0.5121 F1: 0.2342 
2026-02-15 14:44:33,456 - INFO - Round 343/1000
2026-02-15 14:44:33,783 - INFO -   Silhouette: 0.2219 | School ROC: 0.6270 F1: 0.6277 | Project ROC: 0.5404 F1: 0.2018 
2026-02-15 14:44:33,783 - INFO - Round 344/1000
2026-02-15 14:44:34,030 - INFO -   Silhouette: 0.2547 | School ROC: 0.6154 F1: 0.6111 | Project ROC: 0.5808 F1: 0.2453 
2026-02-15 14:44:34,030 - INFO - Round 345/1000
2026-02-15 14:44:34,308 - INFO -   Silhouette: 0.2888 | School ROC: 0.6270 F1: 0.5930 | Project ROC: 0.5925 F1: 0.2963 
2026-02-15 14:44:34,308 - INFO - Round 346/1000
2026-02-15 14:44:34,623 - INFO -   Silhouette: 0.2427 | School ROC: 0.6315 F1: 0.6292 | Project ROC: 0.5611 F1: 0.2407 
2026-02-15 14:44:34,623 - INFO - Round 347/1000
2026-02-15 14:44:34,859 - INFO -   Silhouette: 0.2205 | School ROC: 0.5892 F1: 0.5650 | Project ROC: 0.5705 F1: 0.2474 
2026-02-15 14:44:34,859 - INFO - Round 348/1000
2026-02-15 14:44:35,106 - INFO -   Silhouette: 0.3379 | School ROC: 0.5818 F1: 0.5549 | Project ROC: 0.6081 F1: 0.2424 
2026-02-15 14:44:35,106 - INFO - Round 349/1000
2026-02-15 14:44:35,438 - INFO -   Silhouette: 0.1973 | School ROC: 0.6035 F1: 0.6087 | Project ROC: 0.5341 F1: 0.2075 
2026-02-15 14:44:35,438 - INFO - Round 350/1000
2026-02-15 14:44:35,662 - INFO -   Silhouette: 0.2894 | School ROC: 0.5926 F1: 0.5922 | Project ROC: 0.5670 F1: 0.2524 
2026-02-15 14:44:35,663 - INFO - Round 351/1000
2026-02-15 14:44:35,939 - INFO -   Silhouette: 0.2998 | School ROC: 0.5847 F1: 0.5497 | Project ROC: 0.6023 F1: 0.2708 
2026-02-15 14:44:35,939 - INFO - Round 352/1000
2026-02-15 14:44:36,195 - INFO -   Silhouette: 0.2575 | School ROC: 0.6256 F1: 0.6067 | Project ROC: 0.5000 F1: 0.2281 
2026-02-15 14:44:36,195 - INFO - Round 353/1000
2026-02-15 14:44:36,455 - INFO -   Silhouette: 0.2578 | School ROC: 0.5679 F1: 0.5465 | Project ROC: 0.6223 F1: 0.3146 
2026-02-15 14:44:36,455 - INFO - Round 354/1000
2026-02-15 14:44:36,786 - INFO -   Silhouette: 0.2417 | School ROC: 0.6407 F1: 0.6404 | Project ROC: 0.5668 F1: 0.2424 
2026-02-15 14:44:36,786 - INFO - Round 355/1000
2026-02-15 14:44:37,029 - INFO -   Silhouette: 0.2665 | School ROC: 0.6042 F1: 0.5632 | Project ROC: 0.5754 F1: 0.2642 
2026-02-15 14:44:37,029 - INFO - Round 356/1000
2026-02-15 14:44:37,302 - INFO -   Silhouette: 0.3507 | School ROC: 0.5973 F1: 0.5294 | Project ROC: 0.6205 F1: 0.2376 
2026-02-15 14:44:37,303 - INFO - Round 357/1000
2026-02-15 14:44:37,571 - INFO -   Silhouette: 0.2824 | School ROC: 0.5780 F1: 0.5622 | Project ROC: 0.5249 F1: 0.2264 
2026-02-15 14:44:37,571 - INFO - Round 358/1000
2026-02-15 14:44:37,938 - INFO -   Silhouette: 0.2398 | School ROC: 0.6141 F1: 0.6425 | Project ROC: 0.5611 F1: 0.2342 
2026-02-15 14:44:37,938 - INFO - Round 359/1000
2026-02-15 14:44:38,203 - INFO -   Silhouette: 0.3262 | School ROC: 0.5945 F1: 0.5747 | Project ROC: 0.5635 F1: 0.2424 
2026-02-15 14:44:38,203 - INFO - Round 360/1000
2026-02-15 14:44:38,485 - INFO -   Silhouette: 0.2760 | School ROC: 0.5997 F1: 0.5632 | Project ROC: 0.5651 F1: 0.2444 
2026-02-15 14:44:38,486 - INFO - Round 361/1000
2026-02-15 14:44:38,791 - INFO -   Silhouette: 0.2122 | School ROC: 0.6737 F1: 0.6554 | Project ROC: 0.5417 F1: 0.1982 
2026-02-15 14:44:38,791 - INFO - Round 362/1000
2026-02-15 14:44:39,095 - INFO -   Silhouette: 0.2896 | School ROC: 0.6118 F1: 0.5665 | Project ROC: 0.5941 F1: 0.2626 
2026-02-15 14:44:39,095 - INFO - Round 363/1000
2026-02-15 14:44:39,304 - INFO -   Silhouette: 0.2683 | School ROC: 0.5833 F1: 0.5889 | Project ROC: 0.5713 F1: 0.2366 
2026-02-15 14:44:39,305 - INFO - Round 364/1000
2026-02-15 14:44:39,578 - INFO -   Silhouette: 0.2766 | School ROC: 0.5878 F1: 0.5618 | Project ROC: 0.5903 F1: 0.2330 
2026-02-15 14:44:39,578 - INFO - Round 365/1000
2026-02-15 14:44:39,845 - INFO -   Silhouette: 0.2462 | School ROC: 0.6152 F1: 0.5876 | Project ROC: 0.5886 F1: 0.2679 
2026-02-15 14:44:39,845 - INFO - Round 366/1000
2026-02-15 14:44:40,237 - INFO -   Silhouette: 0.2475 | School ROC: 0.6148 F1: 0.5778 | Project ROC: 0.5591 F1: 0.2407 
2026-02-15 14:44:40,238 - INFO - Round 367/1000
2026-02-15 14:44:40,461 - INFO -   Silhouette: 0.2082 | School ROC: 0.6301 F1: 0.6222 | Project ROC: 0.5197 F1: 0.1818 
2026-02-15 14:44:40,462 - INFO - Round 368/1000
2026-02-15 14:44:40,875 - INFO -   Silhouette: 0.2713 | School ROC: 0.6064 F1: 0.5870 | Project ROC: 0.5273 F1: 0.2264 
2026-02-15 14:44:40,875 - INFO - Round 369/1000
2026-02-15 14:44:41,126 - INFO -   Silhouette: 0.2385 | School ROC: 0.6050 F1: 0.5587 | Project ROC: 0.5397 F1: 0.2041 
2026-02-15 14:44:41,127 - INFO - Round 370/1000
2026-02-15 14:44:41,498 - INFO -   Silhouette: 0.2376 | School ROC: 0.6215 F1: 0.5795 | Project ROC: 0.5760 F1: 0.2476 
2026-02-15 14:44:41,498 - INFO - Round 371/1000
2026-02-15 14:44:41,830 - INFO -   Silhouette: 0.2947 | School ROC: 0.6105 F1: 0.5698 | Project ROC: 0.5813 F1: 0.2041 
2026-02-15 14:44:41,831 - INFO - Round 372/1000
2026-02-15 14:44:42,035 - INFO -   Silhouette: 0.2802 | School ROC: 0.5815 F1: 0.5549 | Project ROC: 0.5671 F1: 0.2526 
2026-02-15 14:44:42,036 - INFO - Round 373/1000
2026-02-15 14:44:42,381 - INFO -   Silhouette: 0.2011 | School ROC: 0.6277 F1: 0.5889 | Project ROC: 0.4981 F1: 0.1524 
2026-02-15 14:44:42,381 - INFO - Round 374/1000
2026-02-15 14:44:42,665 - INFO -   Silhouette: 0.2425 | School ROC: 0.6386 F1: 0.5946 | Project ROC: 0.4772 F1: 0.2020 
2026-02-15 14:44:42,665 - INFO - Round 375/1000
2026-02-15 14:44:42,927 - INFO -   Silhouette: 0.2630 | School ROC: 0.5567 F1: 0.5699 | Project ROC: 0.5336 F1: 0.2136 
2026-02-15 14:44:42,928 - INFO - Round 376/1000
2026-02-15 14:44:43,194 - INFO -   Silhouette: 0.2979 | School ROC: 0.5942 F1: 0.5763 | Project ROC: 0.5918 F1: 0.2680 
2026-02-15 14:44:43,194 - INFO - Round 377/1000
2026-02-15 14:44:43,465 - INFO -   Silhouette: 0.1969 | School ROC: 0.6089 F1: 0.5955 | Project ROC: 0.5639 F1: 0.2041 
2026-02-15 14:44:43,465 - INFO - Round 378/1000
2026-02-15 14:44:43,810 - INFO -   Silhouette: 0.3101 | School ROC: 0.6137 F1: 0.5856 | Project ROC: 0.5766 F1: 0.2400 
2026-02-15 14:44:43,811 - INFO - Round 379/1000
2026-02-15 14:44:44,110 - INFO -   Silhouette: 0.2093 | School ROC: 0.6497 F1: 0.6138 | Project ROC: 0.5098 F1: 0.2143 
2026-02-15 14:44:44,111 - INFO - Round 380/1000
2026-02-15 14:44:44,327 - INFO -   Silhouette: 0.2998 | School ROC: 0.6045 F1: 0.5698 | Project ROC: 0.5833 F1: 0.2667 
2026-02-15 14:44:44,328 - INFO - Round 381/1000
2026-02-15 14:44:44,606 - INFO -   Silhouette: 0.2845 | School ROC: 0.6175 F1: 0.5978 | Project ROC: 0.5728 F1: 0.2667 
2026-02-15 14:44:44,606 - INFO - Round 382/1000
2026-02-15 14:44:44,871 - INFO -   Silhouette: 0.2683 | School ROC: 0.6190 F1: 0.5476 | Project ROC: 0.6055 F1: 0.2778 
2026-02-15 14:44:44,871 - INFO - Round 383/1000
2026-02-15 14:44:45,139 - INFO -   Silhouette: 0.2846 | School ROC: 0.5857 F1: 0.5568 | Project ROC: 0.5541 F1: 0.2391 
2026-02-15 14:44:45,139 - INFO - Round 384/1000
2026-02-15 14:44:45,376 - INFO -   Silhouette: 0.2430 | School ROC: 0.5936 F1: 0.5412 | Project ROC: 0.6090 F1: 0.2917 
2026-02-15 14:44:45,376 - INFO - Round 385/1000
2026-02-15 14:44:45,660 - INFO -   Silhouette: 0.2343 | School ROC: 0.6136 F1: 0.5683 | Project ROC: 0.4837 F1: 0.2115 
2026-02-15 14:44:45,660 - INFO - Round 386/1000
2026-02-15 14:44:45,923 - INFO -   Silhouette: 0.2749 | School ROC: 0.6131 F1: 0.5731 | Project ROC: 0.6128 F1: 0.3000 
2026-02-15 14:44:45,923 - INFO - Round 387/1000
2026-02-15 14:44:46,267 - INFO -   Silhouette: 0.2371 | School ROC: 0.6470 F1: 0.5977 | Project ROC: 0.5349 F1: 0.2301 
2026-02-15 14:44:46,268 - INFO - Round 388/1000
2026-02-15 14:44:46,534 - INFO -   Silhouette: 0.2474 | School ROC: 0.6120 F1: 0.6145 | Project ROC: 0.5734 F1: 0.2342 
2026-02-15 14:44:46,534 - INFO - Round 389/1000
2026-02-15 14:44:46,862 - INFO -   Silhouette: 0.3458 | School ROC: 0.6175 F1: 0.5943 | Project ROC: 0.6106 F1: 0.3137 
2026-02-15 14:44:46,863 - INFO - Round 390/1000
2026-02-15 14:44:47,105 - INFO -   Silhouette: 0.1750 | School ROC: 0.6092 F1: 0.6067 | Project ROC: 0.5721 F1: 0.2376 
2026-02-15 14:44:47,105 - INFO - Round 391/1000
2026-02-15 14:44:47,349 - INFO -   Silhouette: 0.2429 | School ROC: 0.6333 F1: 0.6067 | Project ROC: 0.5255 F1: 0.2449 
2026-02-15 14:44:47,349 - INFO - Round 392/1000
2026-02-15 14:44:47,659 - INFO -   Silhouette: 0.2850 | School ROC: 0.5836 F1: 0.5843 | Project ROC: 0.5832 F1: 0.2128 
2026-02-15 14:44:47,660 - INFO - Round 393/1000
2026-02-15 14:44:47,914 - INFO -   Silhouette: 0.1826 | School ROC: 0.5879 F1: 0.5574 | Project ROC: 0.5047 F1: 0.2131 
2026-02-15 14:44:47,915 - INFO - Round 394/1000
2026-02-15 14:44:48,189 - INFO -   Silhouette: 0.2255 | School ROC: 0.6300 F1: 0.6092 | Project ROC: 0.5731 F1: 0.2353 
2026-02-15 14:44:48,190 - INFO - Round 395/1000
2026-02-15 14:44:48,523 - INFO -   Silhouette: 0.2460 | School ROC: 0.6022 F1: 0.5778 | Project ROC: 0.5591 F1: 0.2478 
2026-02-15 14:44:48,523 - INFO - Round 396/1000
2026-02-15 14:44:48,794 - INFO -   Silhouette: 0.2324 | School ROC: 0.6119 F1: 0.5146 | Project ROC: 0.4950 F1: 0.2069 
2026-02-15 14:44:48,794 - INFO - Round 397/1000
2026-02-15 14:44:49,138 - INFO -   Silhouette: 0.2126 | School ROC: 0.6176 F1: 0.5978 | Project ROC: 0.6030 F1: 0.2642 
2026-02-15 14:44:49,138 - INFO - Round 398/1000
2026-02-15 14:44:49,374 - INFO -   Silhouette: 0.3056 | School ROC: 0.6243 F1: 0.5389 | Project ROC: 0.6268 F1: 0.2718 
2026-02-15 14:44:49,375 - INFO - Round 399/1000
2026-02-15 14:44:49,638 - INFO -   Silhouette: 0.2593 | School ROC: 0.5894 F1: 0.5537 | Project ROC: 0.5495 F1: 0.2301 
2026-02-15 14:44:49,638 - INFO - Round 400/1000
2026-02-15 14:44:49,899 - INFO -   Silhouette: 0.2714 | School ROC: 0.5845 F1: 0.5843 | Project ROC: 0.5432 F1: 0.2292 
2026-02-15 14:44:49,899 - INFO - Round 401/1000
2026-02-15 14:44:50,250 - INFO -   Silhouette: 0.3508 | School ROC: 0.5901 F1: 0.5780 | Project ROC: 0.5835 F1: 0.2574 
2026-02-15 14:44:50,250 - INFO - Round 402/1000
2026-02-15 14:44:50,476 - INFO -   Silhouette: 0.3134 | School ROC: 0.6053 F1: 0.6067 | Project ROC: 0.5355 F1: 0.2474 
2026-02-15 14:44:50,476 - INFO - Round 403/1000
2026-02-15 14:44:50,759 - INFO -   Silhouette: 0.2555 | School ROC: 0.6217 F1: 0.5780 | Project ROC: 0.5900 F1: 0.2828 
2026-02-15 14:44:50,760 - INFO - Round 404/1000
2026-02-15 14:44:51,024 - INFO -   Silhouette: 0.2973 | School ROC: 0.6060 F1: 0.6054 | Project ROC: 0.5598 F1: 0.2243 
2026-02-15 14:44:51,025 - INFO - Round 405/1000
2026-02-15 14:44:51,263 - INFO -   Silhouette: 0.2973 | School ROC: 0.6068 F1: 0.5792 | Project ROC: 0.4876 F1: 0.2037 
2026-02-15 14:44:51,263 - INFO - Round 406/1000
2026-02-15 14:44:51,538 - INFO -   Silhouette: 0.3107 | School ROC: 0.6092 F1: 0.6196 | Project ROC: 0.5608 F1: 0.2545 
2026-02-15 14:44:51,539 - INFO - Round 407/1000
2026-02-15 14:44:51,791 - INFO -   Silhouette: 0.2328 | School ROC: 0.6318 F1: 0.6207 | Project ROC: 0.5533 F1: 0.2353 
2026-02-15 14:44:51,791 - INFO - Round 408/1000
2026-02-15 14:44:52,080 - INFO -   Silhouette: 0.2410 | School ROC: 0.6138 F1: 0.5870 | Project ROC: 0.5754 F1: 0.2569 
2026-02-15 14:44:52,080 - INFO - Round 409/1000
2026-02-15 14:44:52,329 - INFO -   Silhouette: 0.2094 | School ROC: 0.5881 F1: 0.5870 | Project ROC: 0.5474 F1: 0.2424 
2026-02-15 14:44:52,329 - INFO - Round 410/1000
2026-02-15 14:44:52,622 - INFO -   Silhouette: 0.2542 | School ROC: 0.5891 F1: 0.6077 | Project ROC: 0.5556 F1: 0.2200 
2026-02-15 14:44:52,622 - INFO - Round 411/1000
2026-02-15 14:44:52,921 - INFO -   Silhouette: 0.2612 | School ROC: 0.5877 F1: 0.6022 | Project ROC: 0.5095 F1: 0.2162 
2026-02-15 14:44:52,921 - INFO - Round 412/1000
2026-02-15 14:44:53,156 - INFO -   Silhouette: 0.2452 | School ROC: 0.6084 F1: 0.5814 | Project ROC: 0.5686 F1: 0.2642 
2026-02-15 14:44:53,157 - INFO - Round 413/1000
2026-02-15 14:44:53,424 - INFO -   Silhouette: 0.2719 | School ROC: 0.5819 F1: 0.5683 | Project ROC: 0.5131 F1: 0.1947 
2026-02-15 14:44:53,424 - INFO - Round 414/1000
2026-02-15 14:44:53,686 - INFO -   Silhouette: 0.3352 | School ROC: 0.6220 F1: 0.5632 | Project ROC: 0.5843 F1: 0.2626 
2026-02-15 14:44:53,687 - INFO - Round 415/1000
2026-02-15 14:44:53,983 - INFO -   Silhouette: 0.2086 | School ROC: 0.5816 F1: 0.6077 | Project ROC: 0.5878 F1: 0.2453 
2026-02-15 14:44:53,983 - INFO - Round 416/1000
2026-02-15 14:44:54,259 - INFO -   Silhouette: 0.2770 | School ROC: 0.6024 F1: 0.5667 | Project ROC: 0.5524 F1: 0.2268 
2026-02-15 14:44:54,260 - INFO - Round 417/1000
2026-02-15 14:44:54,525 - INFO -   Silhouette: 0.2405 | School ROC: 0.5953 F1: 0.5699 | Project ROC: 0.5249 F1: 0.2642 
2026-02-15 14:44:54,525 - INFO - Round 418/1000
2026-02-15 14:44:54,820 - INFO -   Silhouette: 0.2569 | School ROC: 0.6102 F1: 0.5698 | Project ROC: 0.5783 F1: 0.2549 
2026-02-15 14:44:54,820 - INFO - Round 419/1000
2026-02-15 14:44:55,065 - INFO -   Silhouette: 0.2444 | School ROC: 0.5730 F1: 0.5587 | Project ROC: 0.5123 F1: 0.1698 
2026-02-15 14:44:55,065 - INFO - Round 420/1000
2026-02-15 14:44:55,467 - INFO -   Silhouette: 0.3083 | School ROC: 0.6013 F1: 0.5595 | Project ROC: 0.5646 F1: 0.2524 
2026-02-15 14:44:55,467 - INFO - Round 421/1000
2026-02-15 14:44:55,737 - INFO -   Silhouette: 0.1736 | School ROC: 0.6334 F1: 0.5978 | Project ROC: 0.5190 F1: 0.2056 
2026-02-15 14:44:55,737 - INFO - Round 422/1000
2026-02-15 14:44:56,158 - INFO -   Silhouette: 0.2123 | School ROC: 0.6285 F1: 0.5814 | Project ROC: 0.5741 F1: 0.2800 
2026-02-15 14:44:56,158 - INFO - Round 423/1000
2026-02-15 14:44:56,395 - INFO -   Silhouette: 0.3519 | School ROC: 0.6167 F1: 0.5412 | Project ROC: 0.5785 F1: 0.2500 
2026-02-15 14:44:56,396 - INFO - Round 424/1000
2026-02-15 14:44:56,646 - INFO -   Silhouette: 0.2298 | School ROC: 0.6000 F1: 0.5989 | Project ROC: 0.6093 F1: 0.2857 
2026-02-15 14:44:56,646 - INFO - Round 425/1000
2026-02-15 14:44:56,899 - INFO -   Silhouette: 0.2994 | School ROC: 0.6070 F1: 0.5714 | Project ROC: 0.5865 F1: 0.2600 
2026-02-15 14:44:56,899 - INFO - Round 426/1000
2026-02-15 14:44:57,171 - INFO -   Silhouette: 0.3703 | School ROC: 0.6035 F1: 0.5632 | Project ROC: 0.5989 F1: 0.2581 
2026-02-15 14:44:57,172 - INFO - Round 427/1000
2026-02-15 14:44:57,431 - INFO -   Silhouette: 0.1996 | School ROC: 0.6283 F1: 0.6136 | Project ROC: 0.6080 F1: 0.2500 
2026-02-15 14:44:57,432 - INFO - Round 428/1000
2026-02-15 14:44:57,758 - INFO -   Silhouette: 0.2907 | School ROC: 0.5794 F1: 0.5486 | Project ROC: 0.5824 F1: 0.2553 
2026-02-15 14:44:57,758 - INFO - Round 429/1000
2026-02-15 14:44:58,011 - INFO -   Silhouette: 0.2851 | School ROC: 0.6151 F1: 0.5943 | Project ROC: 0.5711 F1: 0.2128 
2026-02-15 14:44:58,012 - INFO - Round 430/1000
2026-02-15 14:44:58,233 - INFO -   Silhouette: 0.2374 | School ROC: 0.6135 F1: 0.5843 | Project ROC: 0.5673 F1: 0.2430 
2026-02-15 14:44:58,234 - INFO - Round 431/1000
2026-02-15 14:44:58,530 - INFO -   Silhouette: 0.2859 | School ROC: 0.5919 F1: 0.5746 | Project ROC: 0.5509 F1: 0.2301 
2026-02-15 14:44:58,530 - INFO - Round 432/1000
2026-02-15 14:44:58,745 - INFO -   Silhouette: 0.3268 | School ROC: 0.5792 F1: 0.5698 | Project ROC: 0.5868 F1: 0.2653 
2026-02-15 14:44:58,745 - INFO - Round 433/1000
2026-02-15 14:44:59,015 - INFO -   Silhouette: 0.2869 | School ROC: 0.6565 F1: 0.6077 | Project ROC: 0.5166 F1: 0.2000 
2026-02-15 14:44:59,015 - INFO - Round 434/1000
2026-02-15 14:44:59,315 - INFO -   Silhouette: 0.3296 | School ROC: 0.6051 F1: 0.5665 | Project ROC: 0.5994 F1: 0.2979 
2026-02-15 14:44:59,316 - INFO - Round 435/1000
2026-02-15 14:44:59,629 - INFO -   Silhouette: 0.2899 | School ROC: 0.5975 F1: 0.5614 | Project ROC: 0.5479 F1: 0.2680 
2026-02-15 14:44:59,629 - INFO - Round 436/1000
2026-02-15 14:44:59,869 - INFO -   Silhouette: 0.2067 | School ROC: 0.6094 F1: 0.5969 | Project ROC: 0.4657 F1: 0.1538 
2026-02-15 14:44:59,870 - INFO - Round 437/1000
2026-02-15 14:45:00,110 - INFO -   Silhouette: 0.2551 | School ROC: 0.5685 F1: 0.5486 | Project ROC: 0.5724 F1: 0.2500 
2026-02-15 14:45:00,110 - INFO - Round 438/1000
2026-02-15 14:45:00,371 - INFO -   Silhouette: 0.2915 | School ROC: 0.5998 F1: 0.5529 | Project ROC: 0.6005 F1: 0.2800 
2026-02-15 14:45:00,371 - INFO - Round 439/1000
2026-02-15 14:45:00,615 - INFO -   Silhouette: 0.2167 | School ROC: 0.5892 F1: 0.5778 | Project ROC: 0.5289 F1: 0.2056 
2026-02-15 14:45:00,615 - INFO - Round 440/1000
2026-02-15 14:45:00,858 - INFO -   Silhouette: 0.2685 | School ROC: 0.5949 F1: 0.5632 | Project ROC: 0.5824 F1: 0.2366 
2026-02-15 14:45:00,859 - INFO - Round 441/1000
2026-02-15 14:45:01,103 - INFO -   Silhouette: 0.1911 | School ROC: 0.6107 F1: 0.5917 | Project ROC: 0.6004 F1: 0.3091 
2026-02-15 14:45:01,103 - INFO - Round 442/1000
2026-02-15 14:45:01,352 - INFO -   Silhouette: 0.3021 | School ROC: 0.5856 F1: 0.5795 | Project ROC: 0.6196 F1: 0.2772 
2026-02-15 14:45:01,352 - INFO - Round 443/1000
2026-02-15 14:45:01,606 - INFO -   Silhouette: 0.2602 | School ROC: 0.6008 F1: 0.6138 | Project ROC: 0.5792 F1: 0.2526 
2026-02-15 14:45:01,606 - INFO - Round 444/1000
2026-02-15 14:45:01,932 - INFO -   Silhouette: 0.2637 | School ROC: 0.5857 F1: 0.5856 | Project ROC: 0.6059 F1: 0.2830 
2026-02-15 14:45:01,933 - INFO - Round 445/1000
2026-02-15 14:45:02,270 - INFO -   Silhouette: 0.2228 | School ROC: 0.5658 F1: 0.5665 | Project ROC: 0.5535 F1: 0.2400 
2026-02-15 14:45:02,270 - INFO - Round 446/1000
2026-02-15 14:45:02,561 - INFO -   Silhouette: 0.2365 | School ROC: 0.6443 F1: 0.6092 | Project ROC: 0.5753 F1: 0.2435 
2026-02-15 14:45:02,562 - INFO - Round 447/1000
2026-02-15 14:45:02,795 - INFO -   Silhouette: 0.2221 | School ROC: 0.6122 F1: 0.6237 | Project ROC: 0.5117 F1: 0.1980 
2026-02-15 14:45:02,795 - INFO - Round 448/1000
2026-02-15 14:45:03,047 - INFO -   Silhouette: 0.3058 | School ROC: 0.5887 F1: 0.6011 | Project ROC: 0.5697 F1: 0.2667 
2026-02-15 14:45:03,047 - INFO - Round 449/1000
2026-02-15 14:45:03,333 - INFO -   Silhouette: 0.2469 | School ROC: 0.6166 F1: 0.6082 | Project ROC: 0.5641 F1: 0.2364 
2026-02-15 14:45:03,334 - INFO - Round 450/1000
2026-02-15 14:45:03,596 - INFO -   Silhouette: 0.2872 | School ROC: 0.6241 F1: 0.6000 | Project ROC: 0.5273 F1: 0.2308 
2026-02-15 14:45:03,597 - INFO - Round 451/1000
2026-02-15 14:45:03,864 - INFO -   Silhouette: 0.1850 | School ROC: 0.6415 F1: 0.6298 | Project ROC: 0.5463 F1: 0.1961 
2026-02-15 14:45:03,865 - INFO - Round 452/1000
2026-02-15 14:45:04,249 - INFO -   Silhouette: 0.2503 | School ROC: 0.5911 F1: 0.5614 | Project ROC: 0.5562 F1: 0.2200 
2026-02-15 14:45:04,250 - INFO - Round 453/1000
2026-02-15 14:45:04,558 - INFO -   Silhouette: 0.2627 | School ROC: 0.6365 F1: 0.6077 | Project ROC: 0.5683 F1: 0.2569 
2026-02-15 14:45:04,559 - INFO - Round 454/1000
2026-02-15 14:45:04,782 - INFO -   Silhouette: 0.3475 | School ROC: 0.6022 F1: 0.5943 | Project ROC: 0.5705 F1: 0.2609 
2026-02-15 14:45:04,782 - INFO - Round 455/1000
2026-02-15 14:45:05,056 - INFO -   Silhouette: 0.2313 | School ROC: 0.6109 F1: 0.5665 | Project ROC: 0.6013 F1: 0.2680 
2026-02-15 14:45:05,056 - INFO - Round 456/1000
2026-02-15 14:45:05,305 - INFO -   Silhouette: 0.2393 | School ROC: 0.5911 F1: 0.5946 | Project ROC: 0.5258 F1: 0.2018 
2026-02-15 14:45:05,306 - INFO - Round 457/1000
2026-02-15 14:45:05,565 - INFO -   Silhouette: 0.2222 | School ROC: 0.5882 F1: 0.5568 | Project ROC: 0.4942 F1: 0.1600 
2026-02-15 14:45:05,565 - INFO - Round 458/1000
2026-02-15 14:45:05,819 - INFO -   Silhouette: 0.2674 | School ROC: 0.6279 F1: 0.6277 | Project ROC: 0.5807 F1: 0.2330 
2026-02-15 14:45:05,820 - INFO - Round 459/1000
2026-02-15 14:45:06,021 - INFO -   Silhouette: 0.2874 | School ROC: 0.6152 F1: 0.6359 | Project ROC: 0.5346 F1: 0.2321 
2026-02-15 14:45:06,022 - INFO - Round 460/1000
2026-02-15 14:45:06,334 - INFO -   Silhouette: 0.2924 | School ROC: 0.6410 F1: 0.6207 | Project ROC: 0.6021 F1: 0.2800 
2026-02-15 14:45:06,334 - INFO - Round 461/1000
2026-02-15 14:45:06,567 - INFO -   Silhouette: 0.2583 | School ROC: 0.5851 F1: 0.5537 | Project ROC: 0.4914 F1: 0.2075 
2026-02-15 14:45:06,567 - INFO - Round 462/1000
2026-02-15 14:45:06,886 - INFO -   Silhouette: 0.2063 | School ROC: 0.6215 F1: 0.5497 | Project ROC: 0.6015 F1: 0.2526 
2026-02-15 14:45:06,887 - INFO - Round 463/1000
2026-02-15 14:45:07,176 - INFO -   Silhouette: 0.2852 | School ROC: 0.5877 F1: 0.5574 | Project ROC: 0.4844 F1: 0.2075 
2026-02-15 14:45:07,176 - INFO - Round 464/1000
2026-02-15 14:45:07,422 - INFO -   Silhouette: 0.2958 | School ROC: 0.6245 F1: 0.5989 | Project ROC: 0.5887 F1: 0.2549 
2026-02-15 14:45:07,422 - INFO - Round 465/1000
2026-02-15 14:45:07,718 - INFO -   Silhouette: 0.2827 | School ROC: 0.6007 F1: 0.5780 | Project ROC: 0.5721 F1: 0.2680 
2026-02-15 14:45:07,718 - INFO - Round 466/1000
2026-02-15 14:45:07,978 - INFO -   Silhouette: 0.2487 | School ROC: 0.6063 F1: 0.5614 | Project ROC: 0.5826 F1: 0.2500 
2026-02-15 14:45:07,979 - INFO - Round 467/1000
2026-02-15 14:45:08,259 - INFO -   Silhouette: 0.2418 | School ROC: 0.5816 F1: 0.5824 | Project ROC: 0.5317 F1: 0.2286 
2026-02-15 14:45:08,259 - INFO - Round 468/1000
2026-02-15 14:45:08,508 - INFO -   Silhouette: 0.2507 | School ROC: 0.6449 F1: 0.6000 | Project ROC: 0.5311 F1: 0.2105 
2026-02-15 14:45:08,508 - INFO - Round 469/1000
2026-02-15 14:45:08,790 - INFO -   Silhouette: 0.2110 | School ROC: 0.6267 F1: 0.6087 | Project ROC: 0.5220 F1: 0.2430 
2026-02-15 14:45:08,790 - INFO - Round 470/1000
2026-02-15 14:45:09,091 - INFO -   Silhouette: 0.2547 | School ROC: 0.6081 F1: 0.5581 | Project ROC: 0.4985 F1: 0.1616 
2026-02-15 14:45:09,091 - INFO - Round 471/1000
2026-02-15 14:45:09,378 - INFO -   Silhouette: 0.2390 | School ROC: 0.6167 F1: 0.5763 | Project ROC: 0.5509 F1: 0.2330 
2026-02-15 14:45:09,378 - INFO - Round 472/1000
2026-02-15 14:45:09,695 - INFO -   Silhouette: 0.3288 | School ROC: 0.5949 F1: 0.5393 | Project ROC: 0.5877 F1: 0.2692 
2026-02-15 14:45:09,696 - INFO - Round 473/1000
2026-02-15 14:45:10,000 - INFO -   Silhouette: 0.3013 | School ROC: 0.6039 F1: 0.5698 | Project ROC: 0.5804 F1: 0.2708 
2026-02-15 14:45:10,000 - INFO - Round 474/1000
2026-02-15 14:45:10,263 - INFO -   Silhouette: 0.2518 | School ROC: 0.5930 F1: 0.5989 | Project ROC: 0.5476 F1: 0.2095 
2026-02-15 14:45:10,263 - INFO - Round 475/1000
2026-02-15 14:45:10,507 - INFO -   Silhouette: 0.2064 | School ROC: 0.6049 F1: 0.5934 | Project ROC: 0.4803 F1: 0.1748 
2026-02-15 14:45:10,507 - INFO - Round 476/1000
2026-02-15 14:45:10,793 - INFO -   Silhouette: 0.3229 | School ROC: 0.6080 F1: 0.5568 | Project ROC: 0.5575 F1: 0.2316 
2026-02-15 14:45:10,793 - INFO - Round 477/1000
2026-02-15 14:45:11,059 - INFO -   Silhouette: 0.3348 | School ROC: 0.5864 F1: 0.5667 | Project ROC: 0.5540 F1: 0.2200 
2026-02-15 14:45:11,059 - INFO - Round 478/1000
2026-02-15 14:45:11,323 - INFO -   Silhouette: 0.3454 | School ROC: 0.6243 F1: 0.5529 | Project ROC: 0.6048 F1: 0.2653 
2026-02-15 14:45:11,323 - INFO - Round 479/1000
2026-02-15 14:45:11,590 - INFO -   Silhouette: 0.2479 | School ROC: 0.5909 F1: 0.5843 | Project ROC: 0.5430 F1: 0.2407 
2026-02-15 14:45:11,590 - INFO - Round 480/1000
2026-02-15 14:45:11,923 - INFO -   Silhouette: 0.2277 | School ROC: 0.5878 F1: 0.5517 | Project ROC: 0.5608 F1: 0.2056 
2026-02-15 14:45:11,923 - INFO - Round 481/1000
2026-02-15 14:45:12,174 - INFO -   Silhouette: 0.2105 | School ROC: 0.6027 F1: 0.5789 | Project ROC: 0.5700 F1: 0.2500 
2026-02-15 14:45:12,174 - INFO - Round 482/1000
2026-02-15 14:45:12,394 - INFO -   Silhouette: 0.2933 | School ROC: 0.5785 F1: 0.5914 | Project ROC: 0.4876 F1: 0.1835 
2026-02-15 14:45:12,394 - INFO - Round 483/1000
2026-02-15 14:45:12,694 - INFO -   Silhouette: 0.2708 | School ROC: 0.6092 F1: 0.6023 | Project ROC: 0.5897 F1: 0.2476 
2026-02-15 14:45:12,695 - INFO - Round 484/1000
2026-02-15 14:45:12,962 - INFO -   Silhouette: 0.1988 | School ROC: 0.5665 F1: 0.5714 | Project ROC: 0.5748 F1: 0.2105 
2026-02-15 14:45:12,963 - INFO - Round 485/1000
2026-02-15 14:45:13,220 - INFO -   Silhouette: 0.2384 | School ROC: 0.6041 F1: 0.5763 | Project ROC: 0.5665 F1: 0.2400 
2026-02-15 14:45:13,220 - INFO - Round 486/1000
2026-02-15 14:45:13,483 - INFO -   Silhouette: 0.2552 | School ROC: 0.5964 F1: 0.5412 | Project ROC: 0.5989 F1: 0.2718 
2026-02-15 14:45:13,484 - INFO - Round 487/1000
2026-02-15 14:45:13,741 - INFO -   Silhouette: 0.2578 | School ROC: 0.6407 F1: 0.6215 | Project ROC: 0.5929 F1: 0.2430 
2026-02-15 14:45:13,741 - INFO - Round 488/1000
2026-02-15 14:45:14,097 - INFO -   Silhouette: 0.2680 | School ROC: 0.5661 F1: 0.5238 | Project ROC: 0.5970 F1: 0.2524 
2026-02-15 14:45:14,097 - INFO - Round 489/1000
2026-02-15 14:45:14,385 - INFO -   Silhouette: 0.2594 | School ROC: 0.5909 F1: 0.5698 | Project ROC: 0.5652 F1: 0.2703 
2026-02-15 14:45:14,385 - INFO - Round 490/1000
2026-02-15 14:45:14,699 - INFO -   Silhouette: 0.2549 | School ROC: 0.6310 F1: 0.6188 | Project ROC: 0.5721 F1: 0.2115 
2026-02-15 14:45:14,699 - INFO - Round 491/1000
2026-02-15 14:45:14,978 - INFO -   Silhouette: 0.2619 | School ROC: 0.5956 F1: 0.5856 | Project ROC: 0.5404 F1: 0.2200 
2026-02-15 14:45:14,979 - INFO - Round 492/1000
2026-02-15 14:45:15,233 - INFO -   Silhouette: 0.2434 | School ROC: 0.6271 F1: 0.5614 | Project ROC: 0.6280 F1: 0.2970 
2026-02-15 14:45:15,233 - INFO - Round 493/1000
2026-02-15 14:45:15,525 - INFO -   Silhouette: 0.2523 | School ROC: 0.6176 F1: 0.6054 | Project ROC: 0.4691 F1: 0.2051 
2026-02-15 14:45:15,526 - INFO - Round 494/1000
2026-02-15 14:45:15,808 - INFO -   Silhouette: 0.2325 | School ROC: 0.5974 F1: 0.5380 | Project ROC: 0.5833 F1: 0.2626 
2026-02-15 14:45:15,808 - INFO - Round 495/1000
2026-02-15 14:45:16,055 - INFO -   Silhouette: 0.2652 | School ROC: 0.6237 F1: 0.5680 | Project ROC: 0.5944 F1: 0.2936 
2026-02-15 14:45:16,055 - INFO - Round 496/1000
2026-02-15 14:45:16,323 - INFO -   Silhouette: 0.2701 | School ROC: 0.6303 F1: 0.6203 | Project ROC: 0.5423 F1: 0.2056 
2026-02-15 14:45:16,323 - INFO - Round 497/1000
2026-02-15 14:45:16,524 - INFO -   Silhouette: 0.2895 | School ROC: 0.6274 F1: 0.5581 | Project ROC: 0.6045 F1: 0.2574 
2026-02-15 14:45:16,524 - INFO - Round 498/1000
2026-02-15 14:45:16,813 - INFO -   Silhouette: 0.3229 | School ROC: 0.6089 F1: 0.5529 | Project ROC: 0.5988 F1: 0.2340 
2026-02-15 14:45:16,813 - INFO - Round 499/1000
2026-02-15 14:45:17,100 - INFO -   Silhouette: 0.2727 | School ROC: 0.6246 F1: 0.5549 | Project ROC: 0.4981 F1: 0.1748 
2026-02-15 14:45:17,101 - INFO - Round 500/1000
2026-02-15 14:45:17,361 - INFO -   Silhouette: 0.2424 | School ROC: 0.6284 F1: 0.6203 | Project ROC: 0.4999 F1: 0.1864 
2026-02-15 14:45:17,361 - INFO - Round 501/1000
2026-02-15 14:45:17,615 - INFO -   Silhouette: 0.2166 | School ROC: 0.6270 F1: 0.6136 | Project ROC: 0.5441 F1: 0.2430 
2026-02-15 14:45:17,615 - INFO - Round 502/1000
2026-02-15 14:45:17,891 - INFO -   Silhouette: 0.2871 | School ROC: 0.6081 F1: 0.5746 | Project ROC: 0.5744 F1: 0.2524 
2026-02-15 14:45:17,891 - INFO - Round 503/1000
2026-02-15 14:45:18,166 - INFO -   Silhouette: 0.3027 | School ROC: 0.6073 F1: 0.6145 | Project ROC: 0.5604 F1: 0.2353 
2026-02-15 14:45:18,167 - INFO - Round 504/1000
2026-02-15 14:45:18,426 - INFO -   Silhouette: 0.3095 | School ROC: 0.6526 F1: 0.6444 | Project ROC: 0.6024 F1: 0.2642 
2026-02-15 14:45:18,426 - INFO - Round 505/1000
2026-02-15 14:45:18,725 - INFO -   Silhouette: 0.2168 | School ROC: 0.5851 F1: 0.5856 | Project ROC: 0.5635 F1: 0.2600 
2026-02-15 14:45:18,725 - INFO - Round 506/1000
2026-02-15 14:45:19,059 - INFO -   Silhouette: 0.2410 | School ROC: 0.6060 F1: 0.5765 | Project ROC: 0.6055 F1: 0.2174 
2026-02-15 14:45:19,059 - INFO - Round 507/1000
2026-02-15 14:45:19,286 - INFO -   Silhouette: 0.2983 | School ROC: 0.6027 F1: 0.5497 | Project ROC: 0.6126 F1: 0.2887 
2026-02-15 14:45:19,286 - INFO - Round 508/1000
2026-02-15 14:45:19,609 - INFO -   Silhouette: 0.2621 | School ROC: 0.6027 F1: 0.5647 | Project ROC: 0.5833 F1: 0.2247 
2026-02-15 14:45:19,610 - INFO - Round 509/1000
2026-02-15 14:45:19,865 - INFO -   Silhouette: 0.2825 | School ROC: 0.6151 F1: 0.5824 | Project ROC: 0.5395 F1: 0.2286 
2026-02-15 14:45:19,865 - INFO - Round 510/1000
2026-02-15 14:45:20,225 - INFO -   Silhouette: 0.2381 | School ROC: 0.6053 F1: 0.6034 | Project ROC: 0.5519 F1: 0.2400 
2026-02-15 14:45:20,226 - INFO - Round 511/1000
2026-02-15 14:45:20,490 - INFO -   Silhouette: 0.2266 | School ROC: 0.6109 F1: 0.5792 | Project ROC: 0.5842 F1: 0.2632 
2026-02-15 14:45:20,490 - INFO - Round 512/1000
2026-02-15 14:45:20,758 - INFO -   Silhouette: 0.3411 | School ROC: 0.5907 F1: 0.5549 | Project ROC: 0.6198 F1: 0.2857 
2026-02-15 14:45:20,759 - INFO - Round 513/1000
2026-02-15 14:45:21,008 - INFO -   Silhouette: 0.2362 | School ROC: 0.5737 F1: 0.5683 | Project ROC: 0.5516 F1: 0.2292 
2026-02-15 14:45:21,009 - INFO - Round 514/1000
2026-02-15 14:45:21,291 - INFO -   Silhouette: 0.2471 | School ROC: 0.6037 F1: 0.5763 | Project ROC: 0.5760 F1: 0.2524 
2026-02-15 14:45:21,292 - INFO - Round 515/1000
2026-02-15 14:45:21,585 - INFO -   Silhouette: 0.2906 | School ROC: 0.5783 F1: 0.5667 | Project ROC: 0.5681 F1: 0.2330 
2026-02-15 14:45:21,585 - INFO - Round 516/1000
2026-02-15 14:45:21,933 - INFO -   Silhouette: 0.2269 | School ROC: 0.5892 F1: 0.5635 | Project ROC: 0.5261 F1: 0.2087 
2026-02-15 14:45:21,933 - INFO - Round 517/1000
2026-02-15 14:45:22,256 - INFO -   Silhouette: 0.2277 | School ROC: 0.7047 F1: 0.6811 | Project ROC: 0.5605 F1: 0.2373 ✓
2026-02-15 14:45:22,357 - INFO - Results saved to /home/dev/work_main/random/assesment/k_means_selected/gemma3-12B_cv_evo_results.json
2026-02-15 14:45:22,358 - INFO - Round 518/1000
2026-02-15 14:45:22,608 - INFO -   Silhouette: 0.2369 | School ROC: 0.5883 F1: 0.5632 | Project ROC: 0.5795 F1: 0.2330 
2026-02-15 14:45:22,608 - INFO - Round 519/1000
2026-02-15 14:45:22,887 - INFO -   Silhouette: 0.3203 | School ROC: 0.5940 F1: 0.5486 | Project ROC: 0.5903 F1: 0.2268 
2026-02-15 14:45:22,888 - INFO - Round 520/1000
2026-02-15 14:45:23,148 - INFO -   Silhouette: 0.2588 | School ROC: 0.5887 F1: 0.5549 | Project ROC: 0.6007 F1: 0.2449 
2026-02-15 14:45:23,149 - INFO - Round 521/1000
2026-02-15 14:45:23,433 - INFO -   Silhouette: 0.2552 | School ROC: 0.6062 F1: 0.5568 | Project ROC: 0.5559 F1: 0.2400 
2026-02-15 14:45:23,433 - INFO - Round 522/1000
2026-02-15 14:45:23,663 - INFO -   Silhouette: 0.3057 | School ROC: 0.6020 F1: 0.5444 | Project ROC: 0.5970 F1: 0.2609 
2026-02-15 14:45:23,663 - INFO - Round 523/1000
2026-02-15 14:45:24,026 - INFO -   Silhouette: 0.2296 | School ROC: 0.5977 F1: 0.6022 | Project ROC: 0.5114 F1: 0.2202 
2026-02-15 14:45:24,026 - INFO - Round 524/1000
2026-02-15 14:45:24,273 - INFO -   Silhouette: 0.2208 | School ROC: 0.5801 F1: 0.5775 | Project ROC: 0.5321 F1: 0.1961 
2026-02-15 14:45:24,273 - INFO - Round 525/1000
2026-02-15 14:45:24,649 - INFO -   Silhouette: 0.3022 | School ROC: 0.6095 F1: 0.6270 | Project ROC: 0.5441 F1: 0.2264 
2026-02-15 14:45:24,649 - INFO - Round 526/1000
2026-02-15 14:45:24,867 - INFO -   Silhouette: 0.2406 | School ROC: 0.5782 F1: 0.5682 | Project ROC: 0.5638 F1: 0.2178 
2026-02-15 14:45:24,867 - INFO - Round 527/1000
2026-02-15 14:45:25,124 - INFO -   Silhouette: 0.3815 | School ROC: 0.6092 F1: 0.5922 | Project ROC: 0.5683 F1: 0.2626 ✓
2026-02-15 14:45:25,124 - INFO -     📊 Silhouette improvement → Avg ROC: 0.5887 | Avg F1: 0.4274 | F1/ROC ratio: 0.7260 (F1 < ROC (conservative predictions))
2026-02-15 14:45:25,296 - INFO - Results saved to /home/dev/work_main/random/assesment/k_means_selected/gemma3-12B_cv_evo_results.json
2026-02-15 14:45:25,297 - INFO - Round 528/1000
2026-02-15 14:45:25,499 - INFO -   Silhouette: 0.2618 | School ROC: 0.6158 F1: 0.5955 | Project ROC: 0.5344 F1: 0.2292 
2026-02-15 14:45:25,500 - INFO - Round 529/1000
2026-02-15 14:45:25,791 - INFO -   Silhouette: 0.2247 | School ROC: 0.6279 F1: 0.5914 | Project ROC: 0.5387 F1: 0.2245 
2026-02-15 14:45:25,791 - INFO - Round 530/1000
2026-02-15 14:45:26,107 - INFO -   Silhouette: 0.2628 | School ROC: 0.6130 F1: 0.5778 | Project ROC: 0.5166 F1: 0.2202 
2026-02-15 14:45:26,107 - INFO - Round 531/1000
2026-02-15 14:45:26,382 - INFO -   Silhouette: 0.2448 | School ROC: 0.6141 F1: 0.6171 | Project ROC: 0.5622 F1: 0.2526 
2026-02-15 14:45:26,382 - INFO - Round 532/1000
2026-02-15 14:45:26,656 - INFO -   Silhouette: 0.3106 | School ROC: 0.6353 F1: 0.6292 | Project ROC: 0.5792 F1: 0.2600 
2026-02-15 14:45:26,656 - INFO - Round 533/1000
2026-02-15 14:45:26,891 - INFO -   Silhouette: 0.2828 | School ROC: 0.6010 F1: 0.5349 | Project ROC: 0.5605 F1: 0.2243 
2026-02-15 14:45:26,891 - INFO - Round 534/1000
2026-02-15 14:45:27,157 - INFO -   Silhouette: 0.2640 | School ROC: 0.6311 F1: 0.6196 | Project ROC: 0.5445 F1: 0.2115 
2026-02-15 14:45:27,157 - INFO - Round 535/1000
2026-02-15 14:45:27,408 - INFO -   Silhouette: 0.2992 | School ROC: 0.6160 F1: 0.6154 | Project ROC: 0.5041 F1: 0.2037 
2026-02-15 14:45:27,409 - INFO - Round 536/1000
2026-02-15 14:45:27,675 - INFO -   Silhouette: 0.2038 | School ROC: 0.6474 F1: 0.6322 | Project ROC: 0.5670 F1: 0.2653 
2026-02-15 14:45:27,675 - INFO - Round 537/1000
2026-02-15 14:45:27,946 - INFO -   Silhouette: 0.2774 | School ROC: 0.6116 F1: 0.6102 | Project ROC: 0.5387 F1: 0.2292 
2026-02-15 14:45:27,946 - INFO - Round 538/1000
2026-02-15 14:45:28,216 - INFO -   Silhouette: 0.2955 | School ROC: 0.5518 F1: 0.5371 | Project ROC: 0.4395 F1: 0.1359 
2026-02-15 14:45:28,216 - INFO - Round 539/1000
2026-02-15 14:45:28,469 - INFO -   Silhouette: 0.2472 | School ROC: 0.6469 F1: 0.6243 | Project ROC: 0.5296 F1: 0.2364 
2026-02-15 14:45:28,469 - INFO - Round 540/1000
2026-02-15 14:45:28,751 - INFO -   Silhouette: 0.2285 | School ROC: 0.6097 F1: 0.5698 | Project ROC: 0.5390 F1: 0.2222 
2026-02-15 14:45:28,751 - INFO - Round 541/1000
2026-02-15 14:45:29,044 - INFO -   Silhouette: 0.2821 | School ROC: 0.5983 F1: 0.6211 | Project ROC: 0.4985 F1: 0.2115 
2026-02-15 14:45:29,044 - INFO - Round 542/1000
2026-02-15 14:45:29,310 - INFO -   Silhouette: 0.2598 | School ROC: 0.6201 F1: 0.5665 | Project ROC: 0.5769 F1: 0.2680 
2026-02-15 14:45:29,316 - INFO - Round 543/1000
2026-02-15 14:45:29,621 - INFO -   Silhouette: 0.2423 | School ROC: 0.6469 F1: 0.5955 | Project ROC: 0.5519 F1: 0.2523 
2026-02-15 14:45:29,621 - INFO - Round 544/1000
2026-02-15 14:45:29,886 - INFO -   Silhouette: 0.2448 | School ROC: 0.6110 F1: 0.5325 | Project ROC: 0.5337 F1: 0.2157 
2026-02-15 14:45:29,886 - INFO - Round 545/1000
2026-02-15 14:45:30,208 - INFO -   Silhouette: 0.2537 | School ROC: 0.5945 F1: 0.6211 | Project ROC: 0.5552 F1: 0.2478 
2026-02-15 14:45:30,208 - INFO - Round 546/1000
2026-02-15 14:45:30,478 - INFO -   Silhouette: 0.2682 | School ROC: 0.5945 F1: 0.5517 | Project ROC: 0.5123 F1: 0.2385 
2026-02-15 14:45:30,478 - INFO - Round 547/1000
2026-02-15 14:45:30,733 - INFO -   Silhouette: 0.2182 | School ROC: 0.6056 F1: 0.5989 | Project ROC: 0.5312 F1: 0.2182 
2026-02-15 14:45:30,734 - INFO - Round 548/1000
2026-02-15 14:45:30,996 - INFO -   Silhouette: 0.2454 | School ROC: 0.6541 F1: 0.6154 | Project ROC: 0.5452 F1: 0.2241 
2026-02-15 14:45:30,997 - INFO - Round 549/1000
2026-02-15 14:45:31,317 - INFO -   Silhouette: 0.2818 | School ROC: 0.6171 F1: 0.5665 | Project ROC: 0.5334 F1: 0.2308 
2026-02-15 14:45:31,317 - INFO - Round 550/1000
2026-02-15 14:45:31,612 - INFO -   Silhouette: 0.3269 | School ROC: 0.5975 F1: 0.5537 | Project ROC: 0.5658 F1: 0.2680 
2026-02-15 14:45:31,612 - INFO - Round 551/1000
2026-02-15 14:45:31,827 - INFO -   Silhouette: 0.3147 | School ROC: 0.6179 F1: 0.5943 | Project ROC: 0.5509 F1: 0.2745 
2026-02-15 14:45:31,827 - INFO - Round 552/1000
2026-02-15 14:45:32,114 - INFO -   Silhouette: 0.2955 | School ROC: 0.6285 F1: 0.5876 | Project ROC: 0.5398 F1: 0.2376 
2026-02-15 14:45:32,115 - INFO - Round 553/1000
2026-02-15 14:45:32,379 - INFO -   Silhouette: 0.2676 | School ROC: 0.6174 F1: 0.5989 | Project ROC: 0.5690 F1: 0.2136 
2026-02-15 14:45:32,380 - INFO - Round 554/1000
2026-02-15 14:45:32,698 - INFO -   Silhouette: 0.2640 | School ROC: 0.6403 F1: 0.5989 | Project ROC: 0.6072 F1: 0.2400 
2026-02-15 14:45:32,699 - INFO - Round 555/1000
2026-02-15 14:45:32,936 - INFO -   Silhouette: 0.2695 | School ROC: 0.6066 F1: 0.5902 | Project ROC: 0.5543 F1: 0.2286 
2026-02-15 14:45:32,936 - INFO - Round 556/1000
2026-02-15 14:45:33,198 - INFO -   Silhouette: 0.2891 | School ROC: 0.6333 F1: 0.5967 | Project ROC: 0.5372 F1: 0.2364 
2026-02-15 14:45:33,198 - INFO - Round 557/1000
2026-02-15 14:45:33,471 - INFO -   Silhouette: 0.2466 | School ROC: 0.6164 F1: 0.5814 | Project ROC: 0.5808 F1: 0.2626 
2026-02-15 14:45:33,472 - INFO - Round 558/1000
2026-02-15 14:45:33,789 - INFO -   Silhouette: 0.3524 | School ROC: 0.6591 F1: 0.6071 | Project ROC: 0.6055 F1: 0.2828 
2026-02-15 14:45:33,789 - INFO - Round 559/1000
2026-02-15 14:45:34,038 - INFO -   Silhouette: 0.2781 | School ROC: 0.6070 F1: 0.5763 | Project ROC: 0.5155 F1: 0.1961 
2026-02-15 14:45:34,038 - INFO - Round 560/1000
2026-02-15 14:45:34,294 - INFO -   Silhouette: 0.3190 | School ROC: 0.6222 F1: 0.5663 | Project ROC: 0.5573 F1: 0.2524 
2026-02-15 14:45:34,294 - INFO - Round 561/1000
2026-02-15 14:45:34,610 - INFO -   Silhouette: 0.2745 | School ROC: 0.5696 F1: 0.5795 | Project ROC: 0.5550 F1: 0.2400 
2026-02-15 14:45:34,611 - INFO - Round 562/1000
2026-02-15 14:45:34,979 - INFO -   Silhouette: 0.2636 | School ROC: 0.6262 F1: 0.6022 | Project ROC: 0.4710 F1: 0.2056 
2026-02-15 14:45:34,979 - INFO - Round 563/1000
2026-02-15 14:45:35,301 - INFO -   Silhouette: 0.2972 | School ROC: 0.5942 F1: 0.5647 | Project ROC: 0.5541 F1: 0.2376 
2026-02-15 14:45:35,302 - INFO - Round 564/1000
2026-02-15 14:45:35,541 - INFO -   Silhouette: 0.2234 | School ROC: 0.6311 F1: 0.6034 | Project ROC: 0.5131 F1: 0.1856 
2026-02-15 14:45:35,542 - INFO - Round 565/1000
2026-02-15 14:45:35,791 - INFO -   Silhouette: 0.2320 | School ROC: 0.6032 F1: 0.5780 | Project ROC: 0.4927 F1: 0.1905 
2026-02-15 14:45:35,791 - INFO - Round 566/1000
2026-02-15 14:45:36,134 - INFO -   Silhouette: 0.2968 | School ROC: 0.6094 F1: 0.6034 | Project ROC: 0.5398 F1: 0.2430 
2026-02-15 14:45:36,134 - INFO - Round 567/1000
2026-02-15 14:45:36,390 - INFO -   Silhouette: 0.3044 | School ROC: 0.5955 F1: 0.5667 | Project ROC: 0.5480 F1: 0.2400 
2026-02-15 14:45:36,391 - INFO - Round 568/1000
2026-02-15 14:45:36,671 - INFO -   Silhouette: 0.2307 | School ROC: 0.6294 F1: 0.6298 | Project ROC: 0.5502 F1: 0.2424 
2026-02-15 14:45:36,671 - INFO - Round 569/1000
2026-02-15 14:45:36,979 - INFO -   Silhouette: 0.2700 | School ROC: 0.6369 F1: 0.5896 | Project ROC: 0.5697 F1: 0.2617 
2026-02-15 14:45:36,980 - INFO - Round 570/1000
2026-02-15 14:45:37,223 - INFO -   Silhouette: 0.3321 | School ROC: 0.5991 F1: 0.5967 | Project ROC: 0.5410 F1: 0.2041 
2026-02-15 14:45:37,223 - INFO - Round 571/1000
2026-02-15 14:45:37,484 - INFO -   Silhouette: 0.2295 | School ROC: 0.6463 F1: 0.5714 | Project ROC: 0.5104 F1: 0.1739 
2026-02-15 14:45:37,484 - INFO - Round 572/1000
2026-02-15 14:45:37,756 - INFO -   Silhouette: 0.2638 | School ROC: 0.6022 F1: 0.5402 | Project ROC: 0.6081 F1: 0.2574 
2026-02-15 14:45:37,757 - INFO - Round 573/1000
2026-02-15 14:45:38,020 - INFO -   Silhouette: 0.2216 | School ROC: 0.6161 F1: 0.5629 | Project ROC: 0.5511 F1: 0.2653 
2026-02-15 14:45:38,021 - INFO - Round 574/1000
2026-02-15 14:45:38,309 - INFO -   Silhouette: 0.2185 | School ROC: 0.6235 F1: 0.5851 | Project ROC: 0.5130 F1: 0.1698 
2026-02-15 14:45:38,309 - INFO - Round 575/1000
2026-02-15 14:45:38,540 - INFO -   Silhouette: 0.2232 | School ROC: 0.6140 F1: 0.5537 | Project ROC: 0.5346 F1: 0.2268 
2026-02-15 14:45:38,540 - INFO - Round 576/1000
2026-02-15 14:45:38,883 - INFO -   Silhouette: 0.3024 | School ROC: 0.6110 F1: 0.5629 | Project ROC: 0.5941 F1: 0.2444 
2026-02-15 14:45:38,883 - INFO - Round 577/1000
2026-02-15 14:45:39,214 - INFO -   Silhouette: 0.2427 | School ROC: 0.6307 F1: 0.6000 | Project ROC: 0.5127 F1: 0.2018 
2026-02-15 14:45:39,215 - INFO - Round 578/1000
2026-02-15 14:45:39,454 - INFO -   Silhouette: 0.2460 | School ROC: 0.5983 F1: 0.5402 | Project ROC: 0.4977 F1: 0.1942 
2026-02-15 14:45:39,454 - INFO - Round 579/1000
2026-02-15 14:45:39,715 - INFO -   Silhouette: 0.2852 | School ROC: 0.5968 F1: 0.5978 | Project ROC: 0.5035 F1: 0.1897 
2026-02-15 14:45:39,715 - INFO - Round 580/1000
2026-02-15 14:45:39,995 - INFO -   Silhouette: 0.2450 | School ROC: 0.6296 F1: 0.5714 | Project ROC: 0.5083 F1: 0.1915 
2026-02-15 14:45:39,995 - INFO - Round 581/1000
2026-02-15 14:45:40,286 - INFO -   Silhouette: 0.2316 | School ROC: 0.6428 F1: 0.5848 | Project ROC: 0.5317 F1: 0.2353 
2026-02-15 14:45:40,287 - INFO - Round 582/1000
2026-02-15 14:45:40,538 - INFO -   Silhouette: 0.2130 | School ROC: 0.6653 F1: 0.6316 | Project ROC: 0.5569 F1: 0.2162 
2026-02-15 14:45:40,538 - INFO - Round 583/1000
2026-02-15 14:45:40,834 - INFO -   Silhouette: 0.2472 | School ROC: 0.6071 F1: 0.5587 | Project ROC: 0.4860 F1: 0.1731 
2026-02-15 14:45:40,835 - INFO - Round 584/1000
2026-02-15 14:45:41,096 - INFO -   Silhouette: 0.2245 | School ROC: 0.6351 F1: 0.5938 | Project ROC: 0.5416 F1: 0.2832 
2026-02-15 14:45:41,097 - INFO - Round 585/1000
2026-02-15 14:45:41,359 - INFO -   Silhouette: 0.2670 | School ROC: 0.6063 F1: 0.5618 | Project ROC: 0.5406 F1: 0.2376 
2026-02-15 14:45:41,359 - INFO - Round 586/1000
2026-02-15 14:45:41,622 - INFO -   Silhouette: 0.2906 | School ROC: 0.6179 F1: 0.5714 | Project ROC: 0.5605 F1: 0.2430 
2026-02-15 14:45:41,623 - INFO - Round 587/1000
2026-02-15 14:45:41,894 - INFO -   Silhouette: 0.3194 | School ROC: 0.6101 F1: 0.5747 | Project ROC: 0.5708 F1: 0.2626 
2026-02-15 14:45:41,895 - INFO - Round 588/1000
2026-02-15 14:45:42,263 - INFO -   Silhouette: 0.2439 | School ROC: 0.6096 F1: 0.5747 | Project ROC: 0.5626 F1: 0.2449 
2026-02-15 14:45:42,264 - INFO - Round 589/1000
2026-02-15 14:45:42,538 - INFO -   Silhouette: 0.1943 | School ROC: 0.6069 F1: 0.5698 | Project ROC: 0.5743 F1: 0.2041 
2026-02-15 14:45:42,538 - INFO - Round 590/1000
2026-02-15 14:45:42,836 - INFO -   Silhouette: 0.2618 | School ROC: 0.5913 F1: 0.5682 | Project ROC: 0.5004 F1: 0.1782 
2026-02-15 14:45:42,836 - INFO - Round 591/1000
2026-02-15 14:45:43,143 - INFO -   Silhouette: 0.2052 | School ROC: 0.6299 F1: 0.6154 | Project ROC: 0.5023 F1: 0.2062 
2026-02-15 14:45:43,143 - INFO - Round 592/1000
2026-02-15 14:45:43,400 - INFO -   Silhouette: 0.2399 | School ROC: 0.5992 F1: 0.5761 | Project ROC: 0.5376 F1: 0.2200 
2026-02-15 14:45:43,401 - INFO - Round 593/1000
2026-02-15 14:45:43,664 - INFO -   Silhouette: 0.3210 | School ROC: 0.5943 F1: 0.5568 | Project ROC: 0.5446 F1: 0.2376 
2026-02-15 14:45:43,665 - INFO - Round 594/1000
2026-02-15 14:45:43,969 - INFO -   Silhouette: 0.2717 | School ROC: 0.6096 F1: 0.5856 | Project ROC: 0.5070 F1: 0.2075 
2026-02-15 14:45:43,969 - INFO - Round 595/1000
2026-02-15 14:45:44,215 - INFO -   Silhouette: 0.2237 | School ROC: 0.6608 F1: 0.6557 | Project ROC: 0.5120 F1: 0.2182 
2026-02-15 14:45:44,216 - INFO - Round 596/1000
2026-02-15 14:45:44,471 - INFO -   Silhouette: 0.2836 | School ROC: 0.5996 F1: 0.5233 | Project ROC: 0.4860 F1: 0.1913 
2026-02-15 14:45:44,471 - INFO - Round 597/1000
2026-02-15 14:45:44,738 - INFO -   Silhouette: 0.2432 | School ROC: 0.5602 F1: 0.5385 | Project ROC: 0.5229 F1: 0.2407 
2026-02-15 14:45:44,738 - INFO - Round 598/1000
2026-02-15 14:45:45,041 - INFO -   Silhouette: 0.3677 | School ROC: 0.5871 F1: 0.5529 | Project ROC: 0.5795 F1: 0.2474 
2026-02-15 14:45:45,041 - INFO - Round 599/1000
2026-02-15 14:45:45,291 - INFO -   Silhouette: 0.2251 | School ROC: 0.6486 F1: 0.6554 | Project ROC: 0.5824 F1: 0.2330 
2026-02-15 14:45:45,291 - INFO - Round 600/1000
2026-02-15 14:45:45,584 - INFO -   Silhouette: 0.3225 | School ROC: 0.5830 F1: 0.5747 | Project ROC: 0.5498 F1: 0.2449 
2026-02-15 14:45:45,584 - INFO - Round 601/1000
2026-02-15 14:45:45,883 - INFO -   Silhouette: 0.2986 | School ROC: 0.5926 F1: 0.6064 | Project ROC: 0.5289 F1: 0.2037 
2026-02-15 14:45:45,883 - INFO - Round 602/1000
2026-02-15 14:45:46,254 - INFO -   Silhouette: 0.3035 | School ROC: 0.5989 F1: 0.5600 | Project ROC: 0.5387 F1: 0.2444 
2026-02-15 14:45:46,254 - INFO - Round 603/1000
2026-02-15 14:45:46,468 - INFO -   Silhouette: 0.2325 | School ROC: 0.5817 F1: 0.5475 | Project ROC: 0.5622 F1: 0.2353 
2026-02-15 14:45:46,468 - INFO - Round 604/1000
2026-02-15 14:45:46,801 - INFO -   Silhouette: 0.2742 | School ROC: 0.6161 F1: 0.5517 | Project ROC: 0.5757 F1: 0.2783 
2026-02-15 14:45:46,802 - INFO - Round 605/1000
2026-02-15 14:45:47,207 - INFO -   Silhouette: 0.3161 | School ROC: 0.6129 F1: 0.5977 | Project ROC: 0.5686 F1: 0.2637 
2026-02-15 14:45:47,207 - INFO - Round 606/1000
2026-02-15 14:45:47,473 - INFO -   Silhouette: 0.2986 | School ROC: 0.6138 F1: 0.5895 | Project ROC: 0.5492 F1: 0.2593 
2026-02-15 14:45:47,473 - INFO - Round 607/1000
2026-02-15 14:45:47,714 - INFO -   Silhouette: 0.2713 | School ROC: 0.6085 F1: 0.5371 | Project ROC: 0.4751 F1: 0.1553 
2026-02-15 14:45:47,714 - INFO - Round 608/1000
2026-02-15 14:45:47,975 - INFO -   Silhouette: 0.2508 | School ROC: 0.6362 F1: 0.6180 | Project ROC: 0.4589 F1: 0.1622 
2026-02-15 14:45:47,975 - INFO - Round 609/1000
2026-02-15 14:45:48,226 - INFO -   Silhouette: 0.2499 | School ROC: 0.6482 F1: 0.6022 | Project ROC: 0.5051 F1: 0.2243 
2026-02-15 14:45:48,226 - INFO - Round 610/1000
2026-02-15 14:45:48,492 - INFO -   Silhouette: 0.2642 | School ROC: 0.6484 F1: 0.6257 | Project ROC: 0.6338 F1: 0.3077 ✓
2026-02-15 14:45:48,647 - INFO - Results saved to /home/dev/work_main/random/assesment/k_means_selected/gemma3-12B_cv_evo_results.json
2026-02-15 14:45:48,648 - INFO - Round 611/1000
2026-02-15 14:45:48,810 - INFO -   Silhouette: 0.3268 | School ROC: 0.6190 F1: 0.5922 | Project ROC: 0.5846 F1: 0.2772 
2026-02-15 14:45:48,810 - INFO - Round 612/1000
2026-02-15 14:45:49,164 - INFO -   Silhouette: 0.3200 | School ROC: 0.6128 F1: 0.5747 | Project ROC: 0.5692 F1: 0.2826 
2026-02-15 14:45:49,164 - INFO - Round 613/1000
2026-02-15 14:45:49,498 - INFO -   Silhouette: 0.2532 | School ROC: 0.5927 F1: 0.5989 | Project ROC: 0.4762 F1: 0.1869 
2026-02-15 14:45:49,498 - INFO - Round 614/1000
2026-02-15 14:45:49,766 - INFO -   Silhouette: 0.2196 | School ROC: 0.6115 F1: 0.5895 | Project ROC: 0.5102 F1: 0.1835 
2026-02-15 14:45:49,767 - INFO - Round 615/1000
2026-02-15 14:45:50,041 - INFO -   Silhouette: 0.2820 | School ROC: 0.6133 F1: 0.5820 | Project ROC: 0.4853 F1: 0.2000 
2026-02-15 14:45:50,042 - INFO - Round 616/1000
2026-02-15 14:45:50,313 - INFO -   Silhouette: 0.2725 | School ROC: 0.6022 F1: 0.5682 | Project ROC: 0.5979 F1: 0.2708 
2026-02-15 14:45:50,313 - INFO - Round 617/1000
2026-02-15 14:45:50,591 - INFO -   Silhouette: 0.2301 | School ROC: 0.6043 F1: 0.5618 | Project ROC: 0.5750 F1: 0.2400 
2026-02-15 14:45:50,591 - INFO - Round 618/1000
2026-02-15 14:45:50,895 - INFO -   Silhouette: 0.2486 | School ROC: 0.6320 F1: 0.6077 | Project ROC: 0.5420 F1: 0.2292 
2026-02-15 14:45:50,895 - INFO - Round 619/1000
2026-02-15 14:45:51,163 - INFO -   Silhouette: 0.2657 | School ROC: 0.6202 F1: 0.6054 | Project ROC: 0.5458 F1: 0.2364 
2026-02-15 14:45:51,163 - INFO - Round 620/1000
2026-02-15 14:45:51,475 - INFO -   Silhouette: 0.3361 | School ROC: 0.6286 F1: 0.5562 | Project ROC: 0.5890 F1: 0.2800 
2026-02-15 14:45:51,476 - INFO - Round 621/1000
2026-02-15 14:45:51,761 - INFO -   Silhouette: 0.2726 | School ROC: 0.6224 F1: 0.5595 | Project ROC: 0.5730 F1: 0.1980 
2026-02-15 14:45:51,762 - INFO - Round 622/1000
2026-02-15 14:45:52,058 - INFO -   Silhouette: 0.2491 | School ROC: 0.6533 F1: 0.5965 | Project ROC: 0.6151 F1: 0.2574 
2026-02-15 14:45:52,058 - INFO - Round 623/1000
2026-02-15 14:45:52,344 - INFO -   Silhouette: 0.2814 | School ROC: 0.6073 F1: 0.5683 | Project ROC: 0.5372 F1: 0.2353 
2026-02-15 14:45:52,344 - INFO - Round 624/1000
2026-02-15 14:45:52,599 - INFO -   Silhouette: 0.3122 | School ROC: 0.6392 F1: 0.5934 | Project ROC: 0.5766 F1: 0.2692 
2026-02-15 14:45:52,599 - INFO - Round 625/1000
2026-02-15 14:45:52,868 - INFO -   Silhouette: 0.3036 | School ROC: 0.6390 F1: 0.6283 | Project ROC: 0.5303 F1: 0.2087 
2026-02-15 14:45:52,869 - INFO - Round 626/1000
2026-02-15 14:45:53,230 - INFO -   Silhouette: 0.2704 | School ROC: 0.6377 F1: 0.6077 | Project ROC: 0.5423 F1: 0.2286 
2026-02-15 14:45:53,230 - INFO - Round 627/1000
2026-02-15 14:45:53,434 - INFO -   Silhouette: 0.2550 | School ROC: 0.6600 F1: 0.6522 | Project ROC: 0.5474 F1: 0.2308 
2026-02-15 14:45:53,434 - INFO - Round 628/1000
2026-02-15 14:45:53,718 - INFO -   Silhouette: 0.3181 | School ROC: 0.6015 F1: 0.5795 | Project ROC: 0.5505 F1: 0.2526 
2026-02-15 14:45:53,719 - INFO - Round 629/1000
2026-02-15 14:45:54,083 - INFO -   Silhouette: 0.2285 | School ROC: 0.6141 F1: 0.5902 | Project ROC: 0.5172 F1: 0.2264 
2026-02-15 14:45:54,083 - INFO - Round 630/1000
2026-02-15 14:45:54,360 - INFO -   Silhouette: 0.3051 | School ROC: 0.6375 F1: 0.5848 | Project ROC: 0.5817 F1: 0.2917 
2026-02-15 14:45:54,360 - INFO - Round 631/1000
2026-02-15 14:45:54,638 - INFO -   Silhouette: 0.2920 | School ROC: 0.6522 F1: 0.6344 | Project ROC: 0.5791 F1: 0.2476 
2026-02-15 14:45:54,638 - INFO - Round 632/1000
2026-02-15 14:45:54,896 - INFO -   Silhouette: 0.3130 | School ROC: 0.6522 F1: 0.5955 | Project ROC: 0.5766 F1: 0.2642 
2026-02-15 14:45:54,896 - INFO - Round 633/1000
2026-02-15 14:45:55,191 - INFO -   Silhouette: 0.3239 | School ROC: 0.6125 F1: 0.5529 | Project ROC: 0.5731 F1: 0.2292 
2026-02-15 14:45:55,191 - INFO - Round 634/1000
2026-02-15 14:45:55,465 - INFO -   Silhouette: 0.2786 | School ROC: 0.6239 F1: 0.6000 | Project ROC: 0.5089 F1: 0.2069 
2026-02-15 14:45:55,465 - INFO - Round 635/1000
2026-02-15 14:45:55,810 - INFO -   Silhouette: 0.2818 | School ROC: 0.5928 F1: 0.5618 | Project ROC: 0.5267 F1: 0.2453 
2026-02-15 14:45:55,810 - INFO - Round 636/1000
2026-02-15 14:45:56,065 - INFO -   Silhouette: 0.2215 | School ROC: 0.5968 F1: 0.5824 | Project ROC: 0.5273 F1: 0.2264 
2026-02-15 14:45:56,066 - INFO - Round 637/1000
2026-02-15 14:45:56,363 - INFO -   Silhouette: 0.2215 | School ROC: 0.6272 F1: 0.5955 | Project ROC: 0.4847 F1: 0.2056 
2026-02-15 14:45:56,364 - INFO - Round 638/1000
2026-02-15 14:45:56,605 - INFO -   Silhouette: 0.3345 | School ROC: 0.5860 F1: 0.5614 | Project ROC: 0.5913 F1: 0.2474 
2026-02-15 14:45:56,606 - INFO - Round 639/1000
2026-02-15 14:45:56,894 - INFO -   Silhouette: 0.2629 | School ROC: 0.6048 F1: 0.5632 | Project ROC: 0.5407 F1: 0.2000 
2026-02-15 14:45:56,894 - INFO - Round 640/1000
2026-02-15 14:45:57,230 - INFO -   Silhouette: 0.2999 | School ROC: 0.6071 F1: 0.5600 | Project ROC: 0.5610 F1: 0.2600 
2026-02-15 14:45:57,231 - INFO - Round 641/1000
2026-02-15 14:45:57,498 - INFO -   Silhouette: 0.2514 | School ROC: 0.5973 F1: 0.5778 | Project ROC: 0.4927 F1: 0.2037 
2026-02-15 14:45:57,499 - INFO - Round 642/1000
2026-02-15 14:45:57,859 - INFO -   Silhouette: 0.3292 | School ROC: 0.6005 F1: 0.5682 | Project ROC: 0.5765 F1: 0.2316 
2026-02-15 14:45:57,860 - INFO - Round 643/1000
2026-02-15 14:45:58,124 - INFO -   Silhouette: 0.1851 | School ROC: 0.6299 F1: 0.6044 | Project ROC: 0.5379 F1: 0.2376 
2026-02-15 14:45:58,125 - INFO - Round 644/1000
2026-02-15 14:45:58,386 - INFO -   Silhouette: 0.2679 | School ROC: 0.6307 F1: 0.6111 | Project ROC: 0.6058 F1: 0.2692 
2026-02-15 14:45:58,386 - INFO - Round 645/1000
2026-02-15 14:45:58,636 - INFO -   Silhouette: 0.2273 | School ROC: 0.6377 F1: 0.5632 | Project ROC: 0.5508 F1: 0.2330 
2026-02-15 14:45:58,636 - INFO - Round 646/1000
2026-02-15 14:45:58,901 - INFO -   Silhouette: 0.2750 | School ROC: 0.6234 F1: 0.5810 | Project ROC: 0.5225 F1: 0.2243 
2026-02-15 14:45:58,901 - INFO - Round 647/1000
2026-02-15 14:45:59,149 - INFO -   Silhouette: 0.2761 | School ROC: 0.6446 F1: 0.6127 | Project ROC: 0.5750 F1: 0.2574 
2026-02-15 14:45:59,150 - INFO - Round 648/1000
2026-02-15 14:45:59,414 - INFO -   Silhouette: 0.2052 | School ROC: 0.6227 F1: 0.5714 | Project ROC: 0.5538 F1: 0.2526 
2026-02-15 14:45:59,415 - INFO - Round 649/1000
2026-02-15 14:45:59,713 - INFO -   Silhouette: 0.2172 | School ROC: 0.6356 F1: 0.6154 | Project ROC: 0.5036 F1: 0.2037 
2026-02-15 14:45:59,714 - INFO - Round 650/1000
2026-02-15 14:45:59,978 - INFO -   Silhouette: 0.2831 | School ROC: 0.5975 F1: 0.5780 | Project ROC: 0.5748 F1: 0.2574 
2026-02-15 14:45:59,978 - INFO - Round 651/1000
2026-02-15 14:46:00,268 - INFO -   Silhouette: 0.2659 | School ROC: 0.6584 F1: 0.5862 | Project ROC: 0.6126 F1: 0.2449 
2026-02-15 14:46:00,269 - INFO - Round 652/1000
2026-02-15 14:46:00,539 - INFO -   Silhouette: 0.3133 | School ROC: 0.5960 F1: 0.5856 | Project ROC: 0.5835 F1: 0.2653 
2026-02-15 14:46:00,539 - INFO - Round 653/1000
2026-02-15 14:46:00,832 - INFO -   Silhouette: 0.3240 | School ROC: 0.5943 F1: 0.5233 | Project ROC: 0.5531 F1: 0.2424 
2026-02-15 14:46:00,833 - INFO - Round 654/1000
2026-02-15 14:46:01,097 - INFO -   Silhouette: 0.2143 | School ROC: 0.6487 F1: 0.6277 | Project ROC: 0.5114 F1: 0.2364 
2026-02-15 14:46:01,097 - INFO - Round 655/1000
2026-02-15 14:46:01,398 - INFO -   Silhouette: 0.3115 | School ROC: 0.6537 F1: 0.6289 | Project ROC: 0.5473 F1: 0.2222 
2026-02-15 14:46:01,398 - INFO - Round 656/1000
2026-02-15 14:46:01,665 - INFO -   Silhouette: 0.2381 | School ROC: 0.6017 F1: 0.6096 | Project ROC: 0.5498 F1: 0.2286 
2026-02-15 14:46:01,665 - INFO - Round 657/1000
2026-02-15 14:46:02,018 - INFO -   Silhouette: 0.2815 | School ROC: 0.5629 F1: 0.5424 | Project ROC: 0.4667 F1: 0.1553 
2026-02-15 14:46:02,018 - INFO - Round 658/1000
2026-02-15 14:46:02,271 - INFO -   Silhouette: 0.2673 | School ROC: 0.5849 F1: 0.5363 | Project ROC: 0.4603 F1: 0.1748 
2026-02-15 14:46:02,271 - INFO - Round 659/1000
2026-02-15 14:46:02,570 - INFO -   Silhouette: 0.2198 | School ROC: 0.6146 F1: 0.5814 | Project ROC: 0.5283 F1: 0.2245 
2026-02-15 14:46:02,571 - INFO - Round 660/1000
2026-02-15 14:46:02,825 - INFO -   Silhouette: 0.2132 | School ROC: 0.5910 F1: 0.5357 | Project ROC: 0.5937 F1: 0.2245 
2026-02-15 14:46:02,825 - INFO - Round 661/1000
2026-02-15 14:46:03,138 - INFO -   Silhouette: 0.2822 | School ROC: 0.6611 F1: 0.6102 | Project ROC: 0.6067 F1: 0.2735 
2026-02-15 14:46:03,139 - INFO - Round 662/1000
2026-02-15 14:46:03,417 - INFO -   Silhouette: 0.2872 | School ROC: 0.5796 F1: 0.5371 | Project ROC: 0.5156 F1: 0.2178 
2026-02-15 14:46:03,417 - INFO - Round 663/1000
2026-02-15 14:46:03,707 - INFO -   Silhouette: 0.2299 | School ROC: 0.5924 F1: 0.5517 | Project ROC: 0.5716 F1: 0.2449 
2026-02-15 14:46:03,707 - INFO - Round 664/1000
2026-02-15 14:46:04,070 - INFO -   Silhouette: 0.2978 | School ROC: 0.6279 F1: 0.5896 | Project ROC: 0.5874 F1: 0.2474 
2026-02-15 14:46:04,071 - INFO - Round 665/1000
2026-02-15 14:46:04,299 - INFO -   Silhouette: 0.2898 | School ROC: 0.6193 F1: 0.5814 | Project ROC: 0.5737 F1: 0.2708 
2026-02-15 14:46:04,299 - INFO - Round 666/1000
2026-02-15 14:46:04,548 - INFO -   Silhouette: 0.2785 | School ROC: 0.5985 F1: 0.5517 | Project ROC: 0.5950 F1: 0.2524 
2026-02-15 14:46:04,548 - INFO - Round 667/1000
2026-02-15 14:46:04,804 - INFO -   Silhouette: 0.2207 | School ROC: 0.6145 F1: 0.5276 | Project ROC: 0.6287 F1: 0.3301 ✓
2026-02-15 14:46:04,978 - INFO - Results saved to /home/dev/work_main/random/assesment/k_means_selected/gemma3-12B_cv_evo_results.json
2026-02-15 14:46:04,979 - INFO - Round 668/1000
2026-02-15 14:46:05,219 - INFO -   Silhouette: 0.2869 | School ROC: 0.6289 F1: 0.6203 | Project ROC: 0.5693 F1: 0.2642 
2026-02-15 14:46:05,219 - INFO - Round 669/1000
2026-02-15 14:46:05,501 - INFO -   Silhouette: 0.2680 | School ROC: 0.6372 F1: 0.6154 | Project ROC: 0.5534 F1: 0.2617 
2026-02-15 14:46:05,501 - INFO - Round 670/1000
2026-02-15 14:46:05,839 - INFO -   Silhouette: 0.3122 | School ROC: 0.5747 F1: 0.5747 | Project ROC: 0.5204 F1: 0.2366 
2026-02-15 14:46:05,840 - INFO - Round 671/1000
2026-02-15 14:46:06,143 - INFO -   Silhouette: 0.2961 | School ROC: 0.6056 F1: 0.5838 | Project ROC: 0.5479 F1: 0.2453 
2026-02-15 14:46:06,143 - INFO - Round 672/1000
2026-02-15 14:46:06,552 - INFO -   Silhouette: 0.3750 | School ROC: 0.6258 F1: 0.5977 | Project ROC: 0.5900 F1: 0.2766 
2026-02-15 14:46:06,552 - INFO - Round 673/1000
2026-02-15 14:46:06,787 - INFO -   Silhouette: 0.2573 | School ROC: 0.6133 F1: 0.6054 | Project ROC: 0.5029 F1: 0.1835 
2026-02-15 14:46:06,788 - INFO - Round 674/1000
2026-02-15 14:46:07,103 - INFO -   Silhouette: 0.2805 | School ROC: 0.5930 F1: 0.5434 | Project ROC: 0.5441 F1: 0.2083 
2026-02-15 14:46:07,103 - INFO - Round 675/1000
2026-02-15 14:46:07,431 - INFO -   Silhouette: 0.2014 | School ROC: 0.5953 F1: 0.5730 | Project ROC: 0.5299 F1: 0.2151 
2026-02-15 14:46:07,431 - INFO - Round 676/1000
2026-02-15 14:46:07,685 - INFO -   Silhouette: 0.3310 | School ROC: 0.6172 F1: 0.5763 | Project ROC: 0.5728 F1: 0.2626 
2026-02-15 14:46:07,686 - INFO - Round 677/1000
2026-02-15 14:46:07,981 - INFO -   Silhouette: 0.2870 | School ROC: 0.5898 F1: 0.5683 | Project ROC: 0.5143 F1: 0.2157 
2026-02-15 14:46:07,981 - INFO - Round 678/1000
2026-02-15 14:46:08,275 - INFO -   Silhouette: 0.2821 | School ROC: 0.6130 F1: 0.5486 | Project ROC: 0.4993 F1: 0.1913 
2026-02-15 14:46:08,275 - INFO - Round 679/1000
2026-02-15 14:46:08,502 - INFO -   Silhouette: 0.2553 | School ROC: 0.6440 F1: 0.5914 | Project ROC: 0.5270 F1: 0.2051 
2026-02-15 14:46:08,502 - INFO - Round 680/1000
2026-02-15 14:46:08,830 - INFO -   Silhouette: 0.2701 | School ROC: 0.6189 F1: 0.5765 | Project ROC: 0.5604 F1: 0.2292 
2026-02-15 14:46:08,833 - INFO - Round 681/1000
2026-02-15 14:46:09,061 - INFO -   Silhouette: 0.2607 | School ROC: 0.6137 F1: 0.5977 | Project ROC: 0.5839 F1: 0.2857 
2026-02-15 14:46:09,061 - INFO - Round 682/1000
2026-02-15 14:46:09,370 - INFO -   Silhouette: 0.2844 | School ROC: 0.6142 F1: 0.5746 | Project ROC: 0.5509 F1: 0.2385 
2026-02-15 14:46:09,371 - INFO - Round 683/1000
2026-02-15 14:46:09,606 - INFO -   Silhouette: 0.3333 | School ROC: 0.6207 F1: 0.5562 | Project ROC: 0.5703 F1: 0.2526 
2026-02-15 14:46:09,607 - INFO - Round 684/1000
2026-02-15 14:46:09,874 - INFO -   Silhouette: 0.2794 | School ROC: 0.5878 F1: 0.5856 | Project ROC: 0.5374 F1: 0.2400 
2026-02-15 14:46:09,874 - INFO - Round 685/1000
2026-02-15 14:46:10,189 - INFO -   Silhouette: 0.2862 | School ROC: 0.6193 F1: 0.5838 | Project ROC: 0.4980 F1: 0.2056 
2026-02-15 14:46:10,190 - INFO - Round 686/1000
2026-02-15 14:46:10,481 - INFO -   Silhouette: 0.3136 | School ROC: 0.5977 F1: 0.5614 | Project ROC: 0.6142 F1: 0.3000 
2026-02-15 14:46:10,481 - INFO - Round 687/1000
2026-02-15 14:46:10,734 - INFO -   Silhouette: 0.2966 | School ROC: 0.6091 F1: 0.5856 | Project ROC: 0.5404 F1: 0.2449 
2026-02-15 14:46:10,735 - INFO - Round 688/1000
2026-02-15 14:46:10,991 - INFO -   Silhouette: 0.2809 | School ROC: 0.6275 F1: 0.5562 | Project ROC: 0.6256 F1: 0.2885 
2026-02-15 14:46:10,992 - INFO - Round 689/1000
2026-02-15 14:46:11,430 - INFO -   Silhouette: 0.2839 | School ROC: 0.6512 F1: 0.5665 | Project ROC: 0.6007 F1: 0.2708 
2026-02-15 14:46:11,431 - INFO - Round 690/1000
2026-02-15 14:46:11,766 - INFO -   Silhouette: 0.3220 | School ROC: 0.6019 F1: 0.5763 | Project ROC: 0.5693 F1: 0.2549 
2026-02-15 14:46:11,766 - INFO - Round 691/1000
2026-02-15 14:46:11,952 - INFO -   Silhouette: 0.2490 | School ROC: 0.6151 F1: 0.5856 | Project ROC: 0.5088 F1: 0.2264 
2026-02-15 14:46:11,953 - INFO - Round 692/1000
2026-02-15 14:46:12,221 - INFO -   Silhouette: 0.2478 | School ROC: 0.6072 F1: 0.5909 | Project ROC: 0.5611 F1: 0.2626 
2026-02-15 14:46:12,222 - INFO - Round 693/1000
2026-02-15 14:46:12,610 - INFO -   Silhouette: 0.3525 | School ROC: 0.6353 F1: 0.5465 | Project ROC: 0.5957 F1: 0.2857 
2026-02-15 14:46:12,611 - INFO - Round 694/1000
2026-02-15 14:46:12,850 - INFO -   Silhouette: 0.2308 | School ROC: 0.6220 F1: 0.6230 | Project ROC: 0.5613 F1: 0.2095 
2026-02-15 14:46:12,850 - INFO - Round 695/1000
2026-02-15 14:46:13,204 - INFO -   Silhouette: 0.2973 | School ROC: 0.6265 F1: 0.5730 | Project ROC: 0.5095 F1: 0.2301 
2026-02-15 14:46:13,204 - INFO - Round 696/1000
2026-02-15 14:46:13,447 - INFO -   Silhouette: 0.2458 | School ROC: 0.5826 F1: 0.5698 | Project ROC: 0.5700 F1: 0.2157 
2026-02-15 14:46:13,448 - INFO - Round 697/1000
2026-02-15 14:46:13,701 - INFO -   Silhouette: 0.2246 | School ROC: 0.6588 F1: 0.6452 | Project ROC: 0.5595 F1: 0.2476 
2026-02-15 14:46:13,701 - INFO - Round 698/1000
2026-02-15 14:46:14,020 - INFO -   Silhouette: 0.2688 | School ROC: 0.6156 F1: 0.5698 | Project ROC: 0.5499 F1: 0.2376 
2026-02-15 14:46:14,020 - INFO - Round 699/1000
2026-02-15 14:46:14,294 - INFO -   Silhouette: 0.2476 | School ROC: 0.6308 F1: 0.5778 | Project ROC: 0.5430 F1: 0.2308 
2026-02-15 14:46:14,295 - INFO - Round 700/1000
2026-02-15 14:46:14,545 - INFO -   Silhouette: 0.2473 | School ROC: 0.6022 F1: 0.5683 | Project ROC: 0.5134 F1: 0.2200 
2026-02-15 14:46:14,545 - INFO - Round 701/1000
2026-02-15 14:46:14,894 - INFO -   Silhouette: 0.2566 | School ROC: 0.5973 F1: 0.5780 | Project ROC: 0.5979 F1: 0.2316 
2026-02-15 14:46:14,894 - INFO - Round 702/1000
2026-02-15 14:46:15,153 - INFO -   Silhouette: 0.2448 | School ROC: 0.6056 F1: 0.5746 | Project ROC: 0.5479 F1: 0.2105 
2026-02-15 14:46:15,153 - INFO - Round 703/1000
2026-02-15 14:46:15,398 - INFO -   Silhouette: 0.2367 | School ROC: 0.6567 F1: 0.6136 | Project ROC: 0.5464 F1: 0.2037 
2026-02-15 14:46:15,398 - INFO - Round 704/1000
2026-02-15 14:46:15,725 - INFO -   Silhouette: 0.2530 | School ROC: 0.5981 F1: 0.5434 | Project ROC: 0.4974 F1: 0.1942 
2026-02-15 14:46:15,726 - INFO - Round 705/1000
2026-02-15 14:46:15,987 - INFO -   Silhouette: 0.3361 | School ROC: 0.6470 F1: 0.5922 | Project ROC: 0.5684 F1: 0.2941 
2026-02-15 14:46:15,988 - INFO - Round 706/1000
2026-02-15 14:46:16,355 - INFO -   Silhouette: 0.2857 | School ROC: 0.6281 F1: 0.5618 | Project ROC: 0.5899 F1: 0.2353 
2026-02-15 14:46:16,355 - INFO - Round 707/1000
2026-02-15 14:46:16,673 - INFO -   Silhouette: 0.2909 | School ROC: 0.6210 F1: 0.6196 | Project ROC: 0.6071 F1: 0.2667 
2026-02-15 14:46:16,673 - INFO - Round 708/1000
2026-02-15 14:46:16,910 - INFO -   Silhouette: 0.3060 | School ROC: 0.6001 F1: 0.5424 | Project ROC: 0.5791 F1: 0.2766 
2026-02-15 14:46:16,910 - INFO - Round 709/1000
2026-02-15 14:46:17,159 - INFO -   Silhouette: 0.2056 | School ROC: 0.6637 F1: 0.6111 | Project ROC: 0.5407 F1: 0.2222 
2026-02-15 14:46:17,160 - INFO - Round 710/1000
2026-02-15 14:46:17,463 - INFO -   Silhouette: 0.2678 | School ROC: 0.5736 F1: 0.5635 | Project ROC: 0.5302 F1: 0.2200 
2026-02-15 14:46:17,464 - INFO - Round 711/1000
2026-02-15 14:46:17,695 - INFO -   Silhouette: 0.2319 | School ROC: 0.6117 F1: 0.5989 | Project ROC: 0.5651 F1: 0.2330 
2026-02-15 14:46:17,695 - INFO - Round 712/1000
2026-02-15 14:46:17,975 - INFO -   Silhouette: 0.3094 | School ROC: 0.6111 F1: 0.5650 | Project ROC: 0.5819 F1: 0.2692 
2026-02-15 14:46:17,975 - INFO - Round 713/1000
2026-02-15 14:46:18,278 - INFO -   Silhouette: 0.2430 | School ROC: 0.6339 F1: 0.6077 | Project ROC: 0.4969 F1: 0.1856 
2026-02-15 14:46:18,279 - INFO - Round 714/1000
2026-02-15 14:46:18,563 - INFO -   Silhouette: 0.3517 | School ROC: 0.5881 F1: 0.5581 | Project ROC: 0.5728 F1: 0.2526 
2026-02-15 14:46:18,563 - INFO - Round 715/1000
2026-02-15 14:46:18,893 - INFO -   Silhouette: 0.1924 | School ROC: 0.6530 F1: 0.5989 | Project ROC: 0.5756 F1: 0.2424 
2026-02-15 14:46:18,894 - INFO - Round 716/1000
2026-02-15 14:46:19,191 - INFO -   Silhouette: 0.2484 | School ROC: 0.6023 F1: 0.5604 | Project ROC: 0.5004 F1: 0.2000 
2026-02-15 14:46:19,191 - INFO - Round 717/1000
2026-02-15 14:46:19,461 - INFO -   Silhouette: 0.3518 | School ROC: 0.6063 F1: 0.5632 | Project ROC: 0.5956 F1: 0.2526 
2026-02-15 14:46:19,462 - INFO - Round 718/1000
2026-02-15 14:46:19,713 - INFO -   Silhouette: 0.3414 | School ROC: 0.6270 F1: 0.5747 | Project ROC: 0.5791 F1: 0.2500 
2026-02-15 14:46:19,714 - INFO - Round 719/1000
2026-02-15 14:46:20,006 - INFO -   Silhouette: 0.2176 | School ROC: 0.5625 F1: 0.5495 | Project ROC: 0.4794 F1: 0.1682 
2026-02-15 14:46:20,006 - INFO - Round 720/1000
2026-02-15 14:46:20,225 - INFO -   Silhouette: 0.2751 | School ROC: 0.6305 F1: 0.6054 | Project ROC: 0.5375 F1: 0.2376 
2026-02-15 14:46:20,225 - INFO - Round 721/1000
2026-02-15 14:46:20,538 - INFO -   Silhouette: 0.2124 | School ROC: 0.6064 F1: 0.6211 | Project ROC: 0.5715 F1: 0.2478 
2026-02-15 14:46:20,539 - INFO - Round 722/1000
2026-02-15 14:46:20,822 - INFO -   Silhouette: 0.2713 | School ROC: 0.6119 F1: 0.5882 | Project ROC: 0.5425 F1: 0.2202 
2026-02-15 14:46:20,822 - INFO - Round 723/1000
2026-02-15 14:46:21,071 - INFO -   Silhouette: 0.2344 | School ROC: 0.6289 F1: 0.6077 | Project ROC: 0.5540 F1: 0.2626 
2026-02-15 14:46:21,071 - INFO - Round 724/1000
2026-02-15 14:46:21,467 - INFO -   Silhouette: 0.2344 | School ROC: 0.6047 F1: 0.5943 | Project ROC: 0.5131 F1: 0.1739 
2026-02-15 14:46:21,467 - INFO - Round 725/1000
2026-02-15 14:46:21,727 - INFO -   Silhouette: 0.2300 | School ROC: 0.5803 F1: 0.5978 | Project ROC: 0.4740 F1: 0.2000 
2026-02-15 14:46:21,728 - INFO - Round 726/1000
2026-02-15 14:46:21,958 - INFO -   Silhouette: 0.2705 | School ROC: 0.5990 F1: 0.5829 | Project ROC: 0.5743 F1: 0.2680 
2026-02-15 14:46:21,959 - INFO - Round 727/1000
2026-02-15 14:46:22,255 - INFO -   Silhouette: 0.2222 | School ROC: 0.5924 F1: 0.6032 | Project ROC: 0.5270 F1: 0.2222 
2026-02-15 14:46:22,255 - INFO - Round 728/1000
2026-02-15 14:46:22,465 - INFO -   Silhouette: 0.2502 | School ROC: 0.6580 F1: 0.6011 | Project ROC: 0.5217 F1: 0.2264 
2026-02-15 14:46:22,465 - INFO - Round 729/1000
2026-02-15 14:46:22,731 - INFO -   Silhouette: 0.2126 | School ROC: 0.6264 F1: 0.6067 | Project ROC: 0.5368 F1: 0.2222 
2026-02-15 14:46:22,732 - INFO - Round 730/1000
2026-02-15 14:46:23,061 - INFO -   Silhouette: 0.3446 | School ROC: 0.6116 F1: 0.5730 | Project ROC: 0.5622 F1: 0.2581 
2026-02-15 14:46:23,061 - INFO - Round 731/1000
2026-02-15 14:46:23,364 - INFO -   Silhouette: 0.3390 | School ROC: 0.6293 F1: 0.5731 | Project ROC: 0.5610 F1: 0.2449 
2026-02-15 14:46:23,365 - INFO - Round 732/1000
2026-02-15 14:46:23,659 - INFO -   Silhouette: 0.2600 | School ROC: 0.6101 F1: 0.5909 | Project ROC: 0.5845 F1: 0.2316 
2026-02-15 14:46:23,660 - INFO - Round 733/1000
2026-02-15 14:46:23,903 - INFO -   Silhouette: 0.3298 | School ROC: 0.6077 F1: 0.5763 | Project ROC: 0.5767 F1: 0.2680 
2026-02-15 14:46:23,904 - INFO - Round 734/1000
2026-02-15 14:46:24,216 - INFO -   Silhouette: 0.2975 | School ROC: 0.6109 F1: 0.5665 | Project ROC: 0.5547 F1: 0.2474 
2026-02-15 14:46:24,216 - INFO - Round 735/1000
2026-02-15 14:46:24,554 - INFO -   Silhouette: 0.3033 | School ROC: 0.6100 F1: 0.5824 | Project ROC: 0.5445 F1: 0.2574 
2026-02-15 14:46:24,554 - INFO - Round 736/1000
2026-02-15 14:46:24,818 - INFO -   Silhouette: 0.2465 | School ROC: 0.6339 F1: 0.5943 | Project ROC: 0.5511 F1: 0.2524 
2026-02-15 14:46:24,819 - INFO - Round 737/1000
2026-02-15 14:46:25,155 - INFO -   Silhouette: 0.3055 | School ROC: 0.6219 F1: 0.5682 | Project ROC: 0.5662 F1: 0.2453 
2026-02-15 14:46:25,156 - INFO - Round 738/1000
2026-02-15 14:46:25,419 - INFO -   Silhouette: 0.2631 | School ROC: 0.5918 F1: 0.5341 | Project ROC: 0.5031 F1: 0.2162 
2026-02-15 14:46:25,419 - INFO - Round 739/1000
2026-02-15 14:46:25,653 - INFO -   Silhouette: 0.2149 | School ROC: 0.6732 F1: 0.6374 | Project ROC: 0.5585 F1: 0.2308 
2026-02-15 14:46:25,654 - INFO - Round 740/1000
2026-02-15 14:46:25,909 - INFO -   Silhouette: 0.2450 | School ROC: 0.6226 F1: 0.5829 | Project ROC: 0.5629 F1: 0.2364 
2026-02-15 14:46:25,909 - INFO - Round 741/1000
2026-02-15 14:46:26,158 - INFO -   Silhouette: 0.2697 | School ROC: 0.6507 F1: 0.5922 | Project ROC: 0.5608 F1: 0.2857 
2026-02-15 14:46:26,159 - INFO - Round 742/1000
2026-02-15 14:46:26,418 - INFO -   Silhouette: 0.2765 | School ROC: 0.5852 F1: 0.5444 | Project ROC: 0.4664 F1: 0.1905 
2026-02-15 14:46:26,418 - INFO - Round 743/1000
2026-02-15 14:46:26,694 - INFO -   Silhouette: 0.2798 | School ROC: 0.6078 F1: 0.5862 | Project ROC: 0.5670 F1: 0.2553 
2026-02-15 14:46:26,694 - INFO - Round 744/1000
2026-02-15 14:46:26,961 - INFO -   Silhouette: 0.2580 | School ROC: 0.6117 F1: 0.5665 | Project ROC: 0.5622 F1: 0.2330 
2026-02-15 14:46:26,962 - INFO - Round 745/1000
2026-02-15 14:46:27,205 - INFO -   Silhouette: 0.2658 | School ROC: 0.5553 F1: 0.5227 | Project ROC: 0.4866 F1: 0.1667 
2026-02-15 14:46:27,206 - INFO - Round 746/1000
2026-02-15 14:46:27,449 - INFO -   Silhouette: 0.2232 | School ROC: 0.6316 F1: 0.6188 | Project ROC: 0.5429 F1: 0.2400 
2026-02-15 14:46:27,449 - INFO - Round 747/1000
2026-02-15 14:46:27,802 - INFO -   Silhouette: 0.2984 | School ROC: 0.5973 F1: 0.5444 | Project ROC: 0.5960 F1: 0.2796 
2026-02-15 14:46:27,810 - INFO - Round 748/1000
2026-02-15 14:46:28,094 - INFO -   Silhouette: 0.1911 | School ROC: 0.6390 F1: 0.6218 | Project ROC: 0.5131 F1: 0.1961 
2026-02-15 14:46:28,095 - INFO - Round 749/1000
2026-02-15 14:46:28,346 - INFO -   Silhouette: 0.3411 | School ROC: 0.6463 F1: 0.6136 | Project ROC: 0.5722 F1: 0.2692 
2026-02-15 14:46:28,346 - INFO - Round 750/1000
2026-02-15 14:46:28,599 - INFO -   Silhouette: 0.2453 | School ROC: 0.6180 F1: 0.5780 | Project ROC: 0.5711 F1: 0.2609 
2026-02-15 14:46:28,599 - INFO - Round 751/1000
2026-02-15 14:46:28,845 - INFO -   Silhouette: 0.2656 | School ROC: 0.6546 F1: 0.6170 | Project ROC: 0.5449 F1: 0.2056 
2026-02-15 14:46:28,846 - INFO - Round 752/1000
2026-02-15 14:46:29,110 - INFO -   Silhouette: 0.2412 | School ROC: 0.6156 F1: 0.5969 | Project ROC: 0.5070 F1: 0.2178 
2026-02-15 14:46:29,111 - INFO - Round 753/1000
2026-02-15 14:46:29,365 - INFO -   Silhouette: 0.2316 | School ROC: 0.6312 F1: 0.6067 | Project ROC: 0.5843 F1: 0.2424 
2026-02-15 14:46:29,365 - INFO - Round 754/1000
2026-02-15 14:46:29,622 - INFO -   Silhouette: 0.2621 | School ROC: 0.6158 F1: 0.6087 | Project ROC: 0.5384 F1: 0.2430 
2026-02-15 14:46:29,623 - INFO - Round 755/1000
2026-02-15 14:46:29,872 - INFO -   Silhouette: 0.2810 | School ROC: 0.6166 F1: 0.5663 | Project ROC: 0.5649 F1: 0.2609 
2026-02-15 14:46:29,872 - INFO - Round 756/1000
2026-02-15 14:46:30,135 - INFO -   Silhouette: 0.2540 | School ROC: 0.6090 F1: 0.5926 | Project ROC: 0.5633 F1: 0.2476 
2026-02-15 14:46:30,135 - INFO - Round 757/1000
2026-02-15 14:46:30,464 - INFO -   Silhouette: 0.2060 | School ROC: 0.6070 F1: 0.5780 | Project ROC: 0.5330 F1: 0.1923 
2026-02-15 14:46:30,465 - INFO - Round 758/1000
2026-02-15 14:46:30,730 - INFO -   Silhouette: 0.2688 | School ROC: 0.6172 F1: 0.5549 | Project ROC: 0.4577 F1: 0.1468 
2026-02-15 14:46:30,730 - INFO - Round 759/1000
2026-02-15 14:46:30,966 - INFO -   Silhouette: 0.2542 | School ROC: 0.6654 F1: 0.6629 | Project ROC: 0.5516 F1: 0.2524 
2026-02-15 14:46:30,967 - INFO - Round 760/1000
2026-02-15 14:46:31,282 - INFO -   Silhouette: 0.2939 | School ROC: 0.6498 F1: 0.6111 | Project ROC: 0.5703 F1: 0.2574 
2026-02-15 14:46:31,282 - INFO - Round 761/1000
2026-02-15 14:46:31,512 - INFO -   Silhouette: 0.2829 | School ROC: 0.6205 F1: 0.5862 | Project ROC: 0.5943 F1: 0.2917 
2026-02-15 14:46:31,512 - INFO - Round 762/1000
2026-02-15 14:46:31,874 - INFO -   Silhouette: 0.2341 | School ROC: 0.6592 F1: 0.6344 | Project ROC: 0.5636 F1: 0.2364 
2026-02-15 14:46:31,874 - INFO - Round 763/1000
2026-02-15 14:46:32,141 - INFO -   Silhouette: 0.2217 | School ROC: 0.6618 F1: 0.5890 | Project ROC: 0.5864 F1: 0.2478 
2026-02-15 14:46:32,141 - INFO - Round 764/1000
2026-02-15 14:46:32,421 - INFO -   Silhouette: 0.2820 | School ROC: 0.6348 F1: 0.6032 | Project ROC: 0.5563 F1: 0.2642 
2026-02-15 14:46:32,421 - INFO - Round 765/1000
2026-02-15 14:46:32,719 - INFO -   Silhouette: 0.2490 | School ROC: 0.6482 F1: 0.6111 | Project ROC: 0.5422 F1: 0.2376 
2026-02-15 14:46:32,720 - INFO - Round 766/1000
2026-02-15 14:46:32,981 - INFO -   Silhouette: 0.2831 | School ROC: 0.6190 F1: 0.5698 | Project ROC: 0.5429 F1: 0.2268 
2026-02-15 14:46:32,981 - INFO - Round 767/1000
2026-02-15 14:46:33,285 - INFO -   Silhouette: 0.2769 | School ROC: 0.5832 F1: 0.5517 | Project ROC: 0.5587 F1: 0.2391 
2026-02-15 14:46:33,285 - INFO - Round 768/1000
2026-02-15 14:46:33,567 - INFO -   Silhouette: 0.3119 | School ROC: 0.6057 F1: 0.5568 | Project ROC: 0.5797 F1: 0.2680 
2026-02-15 14:46:33,567 - INFO - Round 769/1000
2026-02-15 14:46:33,875 - INFO -   Silhouette: 0.2774 | School ROC: 0.6308 F1: 0.5663 | Project ROC: 0.4840 F1: 0.1802 
2026-02-15 14:46:33,875 - INFO - Round 770/1000
2026-02-15 14:46:34,082 - INFO -   Silhouette: 0.2868 | School ROC: 0.6192 F1: 0.5549 | Project ROC: 0.5562 F1: 0.2424 
2026-02-15 14:46:34,094 - INFO - Round 771/1000
2026-02-15 14:46:34,324 - INFO -   Silhouette: 0.2333 | School ROC: 0.6383 F1: 0.6073 | Project ROC: 0.5748 F1: 0.2456 
2026-02-15 14:46:34,324 - INFO - Round 772/1000
2026-02-15 14:46:34,596 - INFO -   Silhouette: 0.2506 | School ROC: 0.6590 F1: 0.6257 | Project ROC: 0.5744 F1: 0.2364 
2026-02-15 14:46:34,596 - INFO - Round 773/1000
2026-02-15 14:46:34,923 - INFO -   Silhouette: 0.1963 | School ROC: 0.6625 F1: 0.6170 | Project ROC: 0.4850 F1: 0.1852 
2026-02-15 14:46:34,923 - INFO - Round 774/1000
2026-02-15 14:46:35,186 - INFO -   Silhouette: 0.1963 | School ROC: 0.6390 F1: 0.5763 | Project ROC: 0.5725 F1: 0.2828 
2026-02-15 14:46:35,187 - INFO - Round 775/1000
2026-02-15 14:46:35,575 - INFO -   Silhouette: 0.1903 | School ROC: 0.6418 F1: 0.5698 | Project ROC: 0.5575 F1: 0.2124 
2026-02-15 14:46:35,575 - INFO - Round 776/1000
2026-02-15 14:46:35,879 - INFO -   Silhouette: 0.3023 | School ROC: 0.6070 F1: 0.5600 | Project ROC: 0.5819 F1: 0.2737 
2026-02-15 14:46:35,880 - INFO - Round 777/1000
2026-02-15 14:46:36,130 - INFO -   Silhouette: 0.2546 | School ROC: 0.6058 F1: 0.5650 | Project ROC: 0.5073 F1: 0.1887 
2026-02-15 14:46:36,131 - INFO - Round 778/1000
2026-02-15 14:46:36,406 - INFO -   Silhouette: 0.3048 | School ROC: 0.5896 F1: 0.5622 | Project ROC: 0.5448 F1: 0.2453 
2026-02-15 14:46:36,406 - INFO - Round 779/1000
2026-02-15 14:46:36,774 - INFO -   Silhouette: 0.3061 | School ROC: 0.6116 F1: 0.5614 | Project ROC: 0.6103 F1: 0.2826 
2026-02-15 14:46:36,774 - INFO - Round 780/1000
2026-02-15 14:46:37,014 - INFO -   Silhouette: 0.2499 | School ROC: 0.6075 F1: 0.5876 | Project ROC: 0.5557 F1: 0.2268 
2026-02-15 14:46:37,015 - INFO - Round 781/1000
2026-02-15 14:46:37,299 - INFO -   Silhouette: 0.3007 | School ROC: 0.6123 F1: 0.5843 | Project ROC: 0.5010 F1: 0.2115 
2026-02-15 14:46:37,299 - INFO - Round 782/1000
2026-02-15 14:46:37,555 - INFO -   Silhouette: 0.3062 | School ROC: 0.6024 F1: 0.5517 | Project ROC: 0.6115 F1: 0.2600 
2026-02-15 14:46:37,563 - INFO - Round 783/1000
2026-02-15 14:46:37,838 - INFO -   Silhouette: 0.2400 | School ROC: 0.5936 F1: 0.5682 | Project ROC: 0.5276 F1: 0.2245 
2026-02-15 14:46:37,839 - INFO - Round 784/1000
2026-02-15 14:46:38,079 - INFO -   Silhouette: 0.2790 | School ROC: 0.6308 F1: 0.5856 | Project ROC: 0.5365 F1: 0.2500 
2026-02-15 14:46:38,079 - INFO - Round 785/1000
2026-02-15 14:46:38,394 - INFO -   Silhouette: 0.2627 | School ROC: 0.6051 F1: 0.5730 | Project ROC: 0.5533 F1: 0.2476 
2026-02-15 14:46:38,394 - INFO - Round 786/1000
2026-02-15 14:46:38,682 - INFO -   Silhouette: 0.2304 | School ROC: 0.6191 F1: 0.6034 | Project ROC: 0.5343 F1: 0.2083 
2026-02-15 14:46:38,683 - INFO - Round 787/1000
2026-02-15 14:46:38,957 - INFO -   Silhouette: 0.2143 | School ROC: 0.6142 F1: 0.5714 | Project ROC: 0.5658 F1: 0.2474 
2026-02-15 14:46:38,958 - INFO - Round 788/1000
2026-02-15 14:46:39,296 - INFO -   Silhouette: 0.3153 | School ROC: 0.6290 F1: 0.5889 | Project ROC: 0.5489 F1: 0.2376 
2026-02-15 14:46:39,296 - INFO - Round 789/1000
2026-02-15 14:46:39,519 - INFO -   Silhouette: 0.2831 | School ROC: 0.6237 F1: 0.5856 | Project ROC: 0.5426 F1: 0.2430 
2026-02-15 14:46:39,519 - INFO - Round 790/1000
2026-02-15 14:46:39,795 - INFO -   Silhouette: 0.2800 | School ROC: 0.6091 F1: 0.6102 | Project ROC: 0.5657 F1: 0.2200 
2026-02-15 14:46:39,796 - INFO - Round 791/1000
2026-02-15 14:46:40,054 - INFO -   Silhouette: 0.2437 | School ROC: 0.6012 F1: 0.6044 | Project ROC: 0.5467 F1: 0.2524 
2026-02-15 14:46:40,055 - INFO - Round 792/1000
2026-02-15 14:46:40,326 - INFO -   Silhouette: 0.3140 | School ROC: 0.6200 F1: 0.5714 | Project ROC: 0.5616 F1: 0.2316 
2026-02-15 14:46:40,326 - INFO - Round 793/1000
2026-02-15 14:46:40,566 - INFO -   Silhouette: 0.3402 | School ROC: 0.6469 F1: 0.6270 | Project ROC: 0.5174 F1: 0.2037 
2026-02-15 14:46:40,567 - INFO - Round 794/1000
2026-02-15 14:46:40,818 - INFO -   Silhouette: 0.1930 | School ROC: 0.6045 F1: 0.5795 | Project ROC: 0.5184 F1: 0.1474 
2026-02-15 14:46:40,818 - INFO - Round 795/1000
2026-02-15 14:46:41,114 - INFO -   Silhouette: 0.2890 | School ROC: 0.6216 F1: 0.6077 | Project ROC: 0.5654 F1: 0.2407 
2026-02-15 14:46:41,115 - INFO - Round 796/1000
2026-02-15 14:46:41,359 - INFO -   Silhouette: 0.3140 | School ROC: 0.6198 F1: 0.5731 | Project ROC: 0.5995 F1: 0.2574 
2026-02-15 14:46:41,359 - INFO - Round 797/1000
2026-02-15 14:46:41,642 - INFO -   Silhouette: 0.2405 | School ROC: 0.5998 F1: 0.5714 | Project ROC: 0.5502 F1: 0.2178 
2026-02-15 14:46:41,642 - INFO - Round 798/1000
2026-02-15 14:46:41,894 - INFO -   Silhouette: 0.3241 | School ROC: 0.5989 F1: 0.5682 | Project ROC: 0.5830 F1: 0.2268 
2026-02-15 14:46:41,894 - INFO - Round 799/1000
2026-02-15 14:46:42,154 - INFO -   Silhouette: 0.2230 | School ROC: 0.6281 F1: 0.6077 | Project ROC: 0.5724 F1: 0.2364 
2026-02-15 14:46:42,154 - INFO - Round 800/1000
2026-02-15 14:46:42,362 - INFO -   Silhouette: 0.2297 | School ROC: 0.6008 F1: 0.5746 | Project ROC: 0.5067 F1: 0.2056 
2026-02-15 14:46:42,363 - INFO - Round 801/1000
2026-02-15 14:46:42,726 - INFO -   Silhouette: 0.2430 | School ROC: 0.5915 F1: 0.5792 | Project ROC: 0.5276 F1: 0.2308 
2026-02-15 14:46:42,726 - INFO - Round 802/1000
2026-02-15 14:46:43,010 - INFO -   Silhouette: 0.2605 | School ROC: 0.6200 F1: 0.6022 | Project ROC: 0.5390 F1: 0.2376 
2026-02-15 14:46:43,011 - INFO - Round 803/1000
2026-02-15 14:46:43,357 - INFO -   Silhouette: 0.2509 | School ROC: 0.6450 F1: 0.5517 | Project ROC: 0.5842 F1: 0.2737 
2026-02-15 14:46:43,357 - INFO - Round 804/1000
2026-02-15 14:46:43,605 - INFO -   Silhouette: 0.2163 | School ROC: 0.6309 F1: 0.5333 | Project ROC: 0.6299 F1: 0.2887 
2026-02-15 14:46:43,606 - INFO - Round 805/1000
2026-02-15 14:46:44,057 - INFO -   Silhouette: 0.2310 | School ROC: 0.6284 F1: 0.6298 | Project ROC: 0.5381 F1: 0.2478 
2026-02-15 14:46:44,057 - INFO - Round 806/1000
2026-02-15 14:46:44,321 - INFO -   Silhouette: 0.2291 | School ROC: 0.5974 F1: 0.5775 | Project ROC: 0.5179 F1: 0.2500 
2026-02-15 14:46:44,322 - INFO - Round 807/1000
2026-02-15 14:46:44,616 - INFO -   Silhouette: 0.2761 | School ROC: 0.5794 F1: 0.5618 | Project ROC: 0.4985 F1: 0.1942 
2026-02-15 14:46:44,617 - INFO - Round 808/1000
2026-02-15 14:46:44,904 - INFO -   Silhouette: 0.3456 | School ROC: 0.6111 F1: 0.6145 | Project ROC: 0.5550 F1: 0.2737 
2026-02-15 14:46:44,905 - INFO - Round 809/1000
2026-02-15 14:46:45,254 - INFO -   Silhouette: 0.2195 | School ROC: 0.6418 F1: 0.6011 | Project ROC: 0.5658 F1: 0.2353 
2026-02-15 14:46:45,254 - INFO - Round 810/1000
2026-02-15 14:46:45,526 - INFO -   Silhouette: 0.2580 | School ROC: 0.6505 F1: 0.6064 | Project ROC: 0.5054 F1: 0.1869 
2026-02-15 14:46:45,527 - INFO - Round 811/1000
2026-02-15 14:46:45,821 - INFO -   Silhouette: 0.2327 | School ROC: 0.6171 F1: 0.5604 | Project ROC: 0.5581 F1: 0.2523 
2026-02-15 14:46:45,821 - INFO - Round 812/1000
2026-02-15 14:46:46,054 - INFO -   Silhouette: 0.2490 | School ROC: 0.6033 F1: 0.5150 | Project ROC: 0.6115 F1: 0.2680 
2026-02-15 14:46:46,055 - INFO - Round 813/1000
2026-02-15 14:46:46,290 - INFO -   Silhouette: 0.2383 | School ROC: 0.6018 F1: 0.5562 | Project ROC: 0.5419 F1: 0.2105 
2026-02-15 14:46:46,290 - INFO - Round 814/1000
2026-02-15 14:46:46,515 - INFO -   Silhouette: 0.2792 | School ROC: 0.6149 F1: 0.5465 | Project ROC: 0.5852 F1: 0.2330 
2026-02-15 14:46:46,516 - INFO - Round 815/1000
2026-02-15 14:46:46,759 - INFO -   Silhouette: 0.2511 | School ROC: 0.5993 F1: 0.6082 | Project ROC: 0.5196 F1: 0.2281 
2026-02-15 14:46:46,760 - INFO - Round 816/1000
2026-02-15 14:46:47,044 - INFO -   Silhouette: 0.2729 | School ROC: 0.6424 F1: 0.6230 | Project ROC: 0.5457 F1: 0.2407 
2026-02-15 14:46:47,045 - INFO - Round 817/1000
2026-02-15 14:46:47,299 - INFO -   Silhouette: 0.2250 | School ROC: 0.6610 F1: 0.6044 | Project ROC: 0.5041 F1: 0.1947 
2026-02-15 14:46:47,299 - INFO - Round 818/1000
2026-02-15 14:46:47,587 - INFO -   Silhouette: 0.2536 | School ROC: 0.5933 F1: 0.5667 | Project ROC: 0.5290 F1: 0.2268 
2026-02-15 14:46:47,587 - INFO - Round 819/1000
2026-02-15 14:46:47,832 - INFO -   Silhouette: 0.2218 | School ROC: 0.5964 F1: 0.5455 | Project ROC: 0.5706 F1: 0.2581 
2026-02-15 14:46:47,833 - INFO - Round 820/1000
2026-02-15 14:46:48,102 - INFO -   Silhouette: 0.3100 | School ROC: 0.5942 F1: 0.5517 | Project ROC: 0.5661 F1: 0.2581 
2026-02-15 14:46:48,103 - INFO - Round 821/1000
2026-02-15 14:46:48,340 - INFO -   Silhouette: 0.2881 | School ROC: 0.6077 F1: 0.5870 | Project ROC: 0.5407 F1: 0.2330 
2026-02-15 14:46:48,341 - INFO - Round 822/1000
2026-02-15 14:46:48,626 - INFO -   Silhouette: 0.2524 | School ROC: 0.5725 F1: 0.5525 | Project ROC: 0.4947 F1: 0.1887 
2026-02-15 14:46:48,627 - INFO - Round 823/1000
2026-02-15 14:46:48,889 - INFO -   Silhouette: 0.2460 | School ROC: 0.6101 F1: 0.5870 | Project ROC: 0.5689 F1: 0.2407 
2026-02-15 14:46:48,889 - INFO - Round 824/1000
2026-02-15 14:46:49,199 - INFO -   Silhouette: 0.2344 | School ROC: 0.6600 F1: 0.6277 | Project ROC: 0.4962 F1: 0.2095 
2026-02-15 14:46:49,199 - INFO - Round 825/1000
2026-02-15 14:46:49,442 - INFO -   Silhouette: 0.2628 | School ROC: 0.6168 F1: 0.5521 | Project ROC: 0.6218 F1: 0.2727 
2026-02-15 14:46:49,442 - INFO - Round 826/1000
2026-02-15 14:46:49,718 - INFO -   Silhouette: 0.2719 | School ROC: 0.6599 F1: 0.6458 | Project ROC: 0.5397 F1: 0.2321 
2026-02-15 14:46:49,718 - INFO - Round 827/1000
2026-02-15 14:46:49,995 - INFO -   Silhouette: 0.3365 | School ROC: 0.6051 F1: 0.5967 | Project ROC: 0.5874 F1: 0.2424 
2026-02-15 14:46:49,995 - INFO - Round 828/1000
2026-02-15 14:46:50,267 - INFO -   Silhouette: 0.2859 | School ROC: 0.6319 F1: 0.6057 | Project ROC: 0.5481 F1: 0.2581 
2026-02-15 14:46:50,267 - INFO - Round 829/1000
2026-02-15 14:46:50,521 - INFO -   Silhouette: 0.2518 | School ROC: 0.6230 F1: 0.6067 | Project ROC: 0.5554 F1: 0.2286 
2026-02-15 14:46:50,522 - INFO - Round 830/1000
2026-02-15 14:46:50,791 - INFO -   Silhouette: 0.1718 | School ROC: 0.6147 F1: 0.5476 | Project ROC: 0.5950 F1: 0.2692 
2026-02-15 14:46:50,791 - INFO - Round 831/1000
2026-02-15 14:46:51,036 - INFO -   Silhouette: 0.2295 | School ROC: 0.5700 F1: 0.5635 | Project ROC: 0.5053 F1: 0.1800 
2026-02-15 14:46:51,036 - INFO - Round 832/1000
2026-02-15 14:46:51,302 - INFO -   Silhouette: 0.2401 | School ROC: 0.5904 F1: 0.5517 | Project ROC: 0.5550 F1: 0.2292 
2026-02-15 14:46:51,303 - INFO - Round 833/1000
2026-02-15 14:46:51,530 - INFO -   Silhouette: 0.3389 | School ROC: 0.6325 F1: 0.5902 | Project ROC: 0.5629 F1: 0.2626 
2026-02-15 14:46:51,530 - INFO - Round 834/1000
2026-02-15 14:46:51,780 - INFO -   Silhouette: 0.2662 | School ROC: 0.5815 F1: 0.5761 | Project ROC: 0.5251 F1: 0.2376 
2026-02-15 14:46:51,780 - INFO - Round 835/1000
2026-02-15 14:46:52,064 - INFO -   Silhouette: 0.2261 | School ROC: 0.6567 F1: 0.5746 | Project ROC: 0.5401 F1: 0.2182 
2026-02-15 14:46:52,064 - INFO - Round 836/1000
2026-02-15 14:46:52,338 - INFO -   Silhouette: 0.2499 | School ROC: 0.6269 F1: 0.5824 | Project ROC: 0.5680 F1: 0.2667 
2026-02-15 14:46:52,338 - INFO - Round 837/1000
2026-02-15 14:46:52,590 - INFO -   Silhouette: 0.2359 | School ROC: 0.6365 F1: 0.6162 | Project ROC: 0.5448 F1: 0.2385 
2026-02-15 14:46:52,590 - INFO - Round 838/1000
2026-02-15 14:46:53,018 - INFO -   Silhouette: 0.3304 | School ROC: 0.5959 F1: 0.5862 | Project ROC: 0.5611 F1: 0.2609 
2026-02-15 14:46:53,018 - INFO - Round 839/1000
2026-02-15 14:46:53,253 - INFO -   Silhouette: 0.2801 | School ROC: 0.6335 F1: 0.5843 | Project ROC: 0.5533 F1: 0.2330 
2026-02-15 14:46:53,253 - INFO - Round 840/1000
2026-02-15 14:46:53,570 - INFO -   Silhouette: 0.2689 | School ROC: 0.6028 F1: 0.5795 | Project ROC: 0.4533 F1: 0.1359 
2026-02-15 14:46:53,570 - INFO - Round 841/1000
2026-02-15 14:46:53,864 - INFO -   Silhouette: 0.2620 | School ROC: 0.6451 F1: 0.6111 | Project ROC: 0.5410 F1: 0.2115 
2026-02-15 14:46:53,864 - INFO - Round 842/1000
2026-02-15 14:46:54,105 - INFO -   Silhouette: 0.2736 | School ROC: 0.6084 F1: 0.5848 | Project ROC: 0.5359 F1: 0.2292 
2026-02-15 14:46:54,106 - INFO - Round 843/1000
2026-02-15 14:46:54,361 - INFO -   Silhouette: 0.3306 | School ROC: 0.6190 F1: 0.5714 | Project ROC: 0.5802 F1: 0.2718 
2026-02-15 14:46:54,361 - INFO - Round 844/1000
2026-02-15 14:46:54,609 - INFO -   Silhouette: 0.3054 | School ROC: 0.6066 F1: 0.6023 | Project ROC: 0.5547 F1: 0.2453 
2026-02-15 14:46:54,609 - INFO - Round 845/1000
2026-02-15 14:46:54,859 - INFO -   Silhouette: 0.3219 | School ROC: 0.6098 F1: 0.5795 | Project ROC: 0.5925 F1: 0.2653 
2026-02-15 14:46:54,859 - INFO - Round 846/1000
2026-02-15 14:46:55,132 - INFO -   Silhouette: 0.2579 | School ROC: 0.6435 F1: 0.5914 | Project ROC: 0.5038 F1: 0.2018 
2026-02-15 14:46:55,133 - INFO - Round 847/1000
2026-02-15 14:46:55,399 - INFO -   Silhouette: 0.2623 | School ROC: 0.6111 F1: 0.5587 | Project ROC: 0.5325 F1: 0.1942 
2026-02-15 14:46:55,399 - INFO - Round 848/1000
2026-02-15 14:46:55,658 - INFO -   Silhouette: 0.2682 | School ROC: 0.6029 F1: 0.5698 | Project ROC: 0.5690 F1: 0.2424 
2026-02-15 14:46:55,659 - INFO - Round 849/1000
2026-02-15 14:46:55,930 - INFO -   Silhouette: 0.3383 | School ROC: 0.5855 F1: 0.5747 | Project ROC: 0.5499 F1: 0.2553 
2026-02-15 14:46:55,930 - INFO - Round 850/1000
2026-02-15 14:46:56,263 - INFO -   Silhouette: 0.2326 | School ROC: 0.5815 F1: 0.5665 | Project ROC: 0.5403 F1: 0.2391 
2026-02-15 14:46:56,270 - INFO - Round 851/1000
2026-02-15 14:46:56,547 - INFO -   Silhouette: 0.3085 | School ROC: 0.6139 F1: 0.5955 | Project ROC: 0.5603 F1: 0.2653 
2026-02-15 14:46:56,548 - INFO - Round 852/1000
2026-02-15 14:46:56,832 - INFO -   Silhouette: 0.2258 | School ROC: 0.5761 F1: 0.5581 | Project ROC: 0.5071 F1: 0.2075 
2026-02-15 14:46:56,832 - INFO - Round 853/1000
2026-02-15 14:46:57,182 - INFO -   Silhouette: 0.3050 | School ROC: 0.6290 F1: 0.5517 | Project ROC: 0.4778 F1: 0.1714 
2026-02-15 14:46:57,183 - INFO - Round 854/1000
2026-02-15 14:46:57,488 - INFO -   Silhouette: 0.2880 | School ROC: 0.6316 F1: 0.6011 | Project ROC: 0.5810 F1: 0.2500 
2026-02-15 14:46:57,488 - INFO - Round 855/1000
2026-02-15 14:46:57,729 - INFO -   Silhouette: 0.2397 | School ROC: 0.6019 F1: 0.5978 | Project ROC: 0.5249 F1: 0.2264 
2026-02-15 14:46:57,729 - INFO - Round 856/1000
2026-02-15 14:46:58,070 - INFO -   Silhouette: 0.2709 | School ROC: 0.5981 F1: 0.6011 | Project ROC: 0.5225 F1: 0.2353 
2026-02-15 14:46:58,070 - INFO - Round 857/1000
2026-02-15 14:46:58,341 - INFO -   Silhouette: 0.3185 | School ROC: 0.6188 F1: 0.5581 | Project ROC: 0.5732 F1: 0.2524 
2026-02-15 14:46:58,342 - INFO - Round 858/1000
2026-02-15 14:46:58,577 - INFO -   Silhouette: 0.2579 | School ROC: 0.6352 F1: 0.5455 | Project ROC: 0.5754 F1: 0.2689 
2026-02-15 14:46:58,577 - INFO - Round 859/1000
2026-02-15 14:46:58,811 - INFO -   Silhouette: 0.2048 | School ROC: 0.5832 F1: 0.5618 | Project ROC: 0.5204 F1: 0.2075 
2026-02-15 14:46:58,811 - INFO - Round 860/1000
2026-02-15 14:46:59,064 - INFO -   Silhouette: 0.2995 | School ROC: 0.6545 F1: 0.6222 | Project ROC: 0.5413 F1: 0.2593 
2026-02-15 14:46:59,064 - INFO - Round 861/1000
2026-02-15 14:46:59,333 - INFO -   Silhouette: 0.2141 | School ROC: 0.5917 F1: 0.5581 | Project ROC: 0.5090 F1: 0.1935 
2026-02-15 14:46:59,333 - INFO - Round 862/1000
2026-02-15 14:46:59,625 - INFO -   Silhouette: 0.2475 | School ROC: 0.6575 F1: 0.6387 | Project ROC: 0.5579 F1: 0.2752 
2026-02-15 14:46:59,625 - INFO - Round 863/1000
2026-02-15 14:46:59,862 - INFO -   Silhouette: 0.2240 | School ROC: 0.5910 F1: 0.5587 | Project ROC: 0.5490 F1: 0.2182 
2026-02-15 14:46:59,862 - INFO - Round 864/1000
2026-02-15 14:47:00,207 - INFO -   Silhouette: 0.2785 | School ROC: 0.6497 F1: 0.5896 | Project ROC: 0.4486 F1: 0.1709 
2026-02-15 14:47:00,211 - INFO - Round 865/1000
2026-02-15 14:47:00,514 - INFO -   Silhouette: 0.2202 | School ROC: 0.6354 F1: 0.6111 | Project ROC: 0.5457 F1: 0.2136 
2026-02-15 14:47:00,514 - INFO - Round 866/1000
2026-02-15 14:47:00,795 - INFO -   Silhouette: 0.2794 | School ROC: 0.6188 F1: 0.5833 | Project ROC: 0.5350 F1: 0.2056 
2026-02-15 14:47:00,795 - INFO - Round 867/1000
2026-02-15 14:47:01,052 - INFO -   Silhouette: 0.2788 | School ROC: 0.6067 F1: 0.5730 | Project ROC: 0.5346 F1: 0.2407 
2026-02-15 14:47:01,052 - INFO - Round 868/1000
2026-02-15 14:47:01,306 - INFO -   Silhouette: 0.3181 | School ROC: 0.6284 F1: 0.5749 | Project ROC: 0.5608 F1: 0.2476 
2026-02-15 14:47:01,306 - INFO - Round 869/1000
2026-02-15 14:47:01,578 - INFO -   Silhouette: 0.2642 | School ROC: 0.6116 F1: 0.5829 | Project ROC: 0.5188 F1: 0.2202 
2026-02-15 14:47:01,579 - INFO - Round 870/1000
2026-02-15 14:47:01,875 - INFO -   Silhouette: 0.2495 | School ROC: 0.6155 F1: 0.6087 | Project ROC: 0.5283 F1: 0.2281 
2026-02-15 14:47:01,875 - INFO - Round 871/1000
2026-02-15 14:47:02,112 - INFO -   Silhouette: 0.2295 | School ROC: 0.6123 F1: 0.5747 | Project ROC: 0.5594 F1: 0.2474 
2026-02-15 14:47:02,113 - INFO - Round 872/1000
2026-02-15 14:47:02,471 - INFO -   Silhouette: 0.2280 | School ROC: 0.6352 F1: 0.5795 | Project ROC: 0.5231 F1: 0.2105 
2026-02-15 14:47:02,471 - INFO - Round 873/1000
2026-02-15 14:47:02,718 - INFO -   Silhouette: 0.2710 | School ROC: 0.6096 F1: 0.5914 | Project ROC: 0.6011 F1: 0.2857 
2026-02-15 14:47:02,719 - INFO - Round 874/1000
2026-02-15 14:47:02,978 - INFO -   Silhouette: 0.2521 | School ROC: 0.5791 F1: 0.5663 | Project ROC: 0.5697 F1: 0.2553 
2026-02-15 14:47:02,978 - INFO - Round 875/1000
2026-02-15 14:47:03,220 - INFO -   Silhouette: 0.2584 | School ROC: 0.6249 F1: 0.5896 | Project ROC: 0.5254 F1: 0.1982 
2026-02-15 14:47:03,220 - INFO - Round 876/1000
2026-02-15 14:47:03,562 - INFO -   Silhouette: 0.3133 | School ROC: 0.6202 F1: 0.5667 | Project ROC: 0.5816 F1: 0.2778 
2026-02-15 14:47:03,562 - INFO - Round 877/1000
2026-02-15 14:47:03,884 - INFO -   Silhouette: 0.2420 | School ROC: 0.6552 F1: 0.6145 | Project ROC: 0.5458 F1: 0.2703 
2026-02-15 14:47:03,884 - INFO - Round 878/1000
2026-02-15 14:47:04,131 - INFO -   Silhouette: 0.2656 | School ROC: 0.6028 F1: 0.5909 | Project ROC: 0.5922 F1: 0.2708 
2026-02-15 14:47:04,132 - INFO - Round 879/1000
2026-02-15 14:47:04,404 - INFO -   Silhouette: 0.2250 | School ROC: 0.6104 F1: 0.5497 | Project ROC: 0.5533 F1: 0.2424 
2026-02-15 14:47:04,404 - INFO - Round 880/1000
2026-02-15 14:47:04,665 - INFO -   Silhouette: 0.2362 | School ROC: 0.5956 F1: 0.6044 | Project ROC: 0.5146 F1: 0.2115 
2026-02-15 14:47:04,665 - INFO - Round 881/1000
2026-02-15 14:47:04,898 - INFO -   Silhouette: 0.3000 | School ROC: 0.6103 F1: 0.5795 | Project ROC: 0.5827 F1: 0.2800 
2026-02-15 14:47:04,898 - INFO - Round 882/1000
2026-02-15 14:47:05,211 - INFO -   Silhouette: 0.2397 | School ROC: 0.6289 F1: 0.6222 | Project ROC: 0.5050 F1: 0.2124 
2026-02-15 14:47:05,211 - INFO - Round 883/1000
2026-02-15 14:47:05,491 - INFO -   Silhouette: 0.1998 | School ROC: 0.5835 F1: 0.5318 | Project ROC: 0.5247 F1: 0.1964 
2026-02-15 14:47:05,492 - INFO - Round 884/1000
2026-02-15 14:47:05,814 - INFO -   Silhouette: 0.3756 | School ROC: 0.5894 F1: 0.5614 | Project ROC: 0.5738 F1: 0.2424 
2026-02-15 14:47:05,830 - INFO - Round 885/1000
2026-02-15 14:47:06,063 - INFO -   Silhouette: 0.2813 | School ROC: 0.6562 F1: 0.6180 | Project ROC: 0.5746 F1: 0.2617 
2026-02-15 14:47:06,064 - INFO - Round 886/1000
2026-02-15 14:47:06,318 - INFO -   Silhouette: 0.3171 | School ROC: 0.5983 F1: 0.5581 | Project ROC: 0.5788 F1: 0.2424 
2026-02-15 14:47:06,319 - INFO - Round 887/1000
2026-02-15 14:47:06,598 - INFO -   Silhouette: 0.3186 | School ROC: 0.5977 F1: 0.5537 | Project ROC: 0.5429 F1: 0.2453 
2026-02-15 14:47:06,598 - INFO - Round 888/1000
2026-02-15 14:47:06,837 - INFO -   Silhouette: 0.2482 | School ROC: 0.6172 F1: 0.5856 | Project ROC: 0.5292 F1: 0.2143 
2026-02-15 14:47:06,838 - INFO - Round 889/1000
2026-02-15 14:47:07,120 - INFO -   Silhouette: 0.2552 | School ROC: 0.6326 F1: 0.6023 | Project ROC: 0.5814 F1: 0.2680 
2026-02-15 14:47:07,120 - INFO - Round 890/1000
2026-02-15 14:47:07,417 - INFO -   Silhouette: 0.2688 | School ROC: 0.6228 F1: 0.5810 | Project ROC: 0.5422 F1: 0.2500 
2026-02-15 14:47:07,417 - INFO - Round 891/1000
2026-02-15 14:47:07,705 - INFO -   Silhouette: 0.2917 | School ROC: 0.6156 F1: 0.6054 | Project ROC: 0.5229 F1: 0.2018 
2026-02-15 14:47:07,705 - INFO - Round 892/1000
2026-02-15 14:47:07,954 - INFO -   Silhouette: 0.3215 | School ROC: 0.6629 F1: 0.6188 | Project ROC: 0.5693 F1: 0.2692 
2026-02-15 14:47:07,954 - INFO - Round 893/1000
2026-02-15 14:47:08,206 - INFO -   Silhouette: 0.2603 | School ROC: 0.6002 F1: 0.5714 | Project ROC: 0.5397 F1: 0.2385 
2026-02-15 14:47:08,207 - INFO - Round 894/1000
2026-02-15 14:47:08,464 - INFO -   Silhouette: 0.2117 | School ROC: 0.6194 F1: 0.5957 | Project ROC: 0.5347 F1: 0.2286 
2026-02-15 14:47:08,464 - INFO - Round 895/1000
2026-02-15 14:47:08,727 - INFO -   Silhouette: 0.2194 | School ROC: 0.6431 F1: 0.6032 | Project ROC: 0.5254 F1: 0.2364 
2026-02-15 14:47:08,728 - INFO - Round 896/1000
2026-02-15 14:47:09,048 - INFO -   Silhouette: 0.2713 | School ROC: 0.6222 F1: 0.5730 | Project ROC: 0.5435 F1: 0.2316 
2026-02-15 14:47:09,048 - INFO - Round 897/1000
2026-02-15 14:47:09,292 - INFO -   Silhouette: 0.2357 | School ROC: 0.6093 F1: 0.6034 | Project ROC: 0.5678 F1: 0.2424 
2026-02-15 14:47:09,292 - INFO - Round 898/1000
2026-02-15 14:47:09,687 - INFO -   Silhouette: 0.2644 | School ROC: 0.5942 F1: 0.5843 | Project ROC: 0.5995 F1: 0.2353 
2026-02-15 14:47:09,687 - INFO - Round 899/1000
2026-02-15 14:47:09,902 - INFO -   Silhouette: 0.2144 | School ROC: 0.6028 F1: 0.5568 | Project ROC: 0.5067 F1: 0.2000 
2026-02-15 14:47:09,903 - INFO - Round 900/1000
2026-02-15 14:47:10,226 - INFO -   Silhouette: 0.2952 | School ROC: 0.5808 F1: 0.5778 | Project ROC: 0.5362 F1: 0.2391 
2026-02-15 14:47:10,226 - INFO - Round 901/1000
2026-02-15 14:47:10,637 - INFO -   Silhouette: 0.2279 | School ROC: 0.6231 F1: 0.5838 | Project ROC: 0.5769 F1: 0.2476 
2026-02-15 14:47:10,637 - INFO - Round 902/1000
2026-02-15 14:47:10,849 - INFO -   Silhouette: 0.2439 | School ROC: 0.5929 F1: 0.5635 | Project ROC: 0.5620 F1: 0.2600 
2026-02-15 14:47:10,850 - INFO - Round 903/1000
2026-02-15 14:47:11,142 - INFO -   Silhouette: 0.2972 | School ROC: 0.5886 F1: 0.5714 | Project ROC: 0.5569 F1: 0.2708 
2026-02-15 14:47:11,142 - INFO - Round 904/1000
2026-02-15 14:47:11,417 - INFO -   Silhouette: 0.2666 | School ROC: 0.6039 F1: 0.6102 | Project ROC: 0.5150 F1: 0.2222 
2026-02-15 14:47:11,418 - INFO - Round 905/1000
2026-02-15 14:47:11,797 - INFO -   Silhouette: 0.3473 | School ROC: 0.5979 F1: 0.5549 | Project ROC: 0.5683 F1: 0.2474 
2026-02-15 14:47:11,798 - INFO - Round 906/1000
2026-02-15 14:47:12,058 - INFO -   Silhouette: 0.2603 | School ROC: 0.6203 F1: 0.5870 | Project ROC: 0.5439 F1: 0.2453 
2026-02-15 14:47:12,058 - INFO - Round 907/1000
2026-02-15 14:47:12,353 - INFO -   Silhouette: 0.2061 | School ROC: 0.6504 F1: 0.5862 | Project ROC: 0.6043 F1: 0.2778 
2026-02-15 14:47:12,354 - INFO - Round 908/1000
2026-02-15 14:47:12,607 - INFO -   Silhouette: 0.2608 | School ROC: 0.6507 F1: 0.6328 | Project ROC: 0.5271 F1: 0.2393 
2026-02-15 14:47:12,608 - INFO - Round 909/1000
2026-02-15 14:47:12,873 - INFO -   Silhouette: 0.3002 | School ROC: 0.6268 F1: 0.6034 | Project ROC: 0.5206 F1: 0.2105 
2026-02-15 14:47:12,873 - INFO - Round 910/1000
2026-02-15 14:47:13,207 - INFO -   Silhouette: 0.2386 | School ROC: 0.6290 F1: 0.5824 | Project ROC: 0.5104 F1: 0.1800 
2026-02-15 14:47:13,208 - INFO - Round 911/1000
2026-02-15 14:47:13,457 - INFO -   Silhouette: 0.2153 | School ROC: 0.6158 F1: 0.5914 | Project ROC: 0.5516 F1: 0.2385 
2026-02-15 14:47:13,458 - INFO - Round 912/1000
2026-02-15 14:47:13,750 - INFO -   Silhouette: 0.2632 | School ROC: 0.5879 F1: 0.5509 | Project ROC: 0.5639 F1: 0.2247 
2026-02-15 14:47:13,751 - INFO - Round 913/1000
2026-02-15 14:47:13,990 - INFO -   Silhouette: 0.1994 | School ROC: 0.6179 F1: 0.5714 | Project ROC: 0.5006 F1: 0.1684 
2026-02-15 14:47:13,991 - INFO - Round 914/1000
2026-02-15 14:47:14,339 - INFO -   Silhouette: 0.3111 | School ROC: 0.6188 F1: 0.5486 | Project ROC: 0.5627 F1: 0.2430 
2026-02-15 14:47:14,339 - INFO - Round 915/1000
2026-02-15 14:47:14,597 - INFO -   Silhouette: 0.2812 | School ROC: 0.6415 F1: 0.6146 | Project ROC: 0.5131 F1: 0.2243 
2026-02-15 14:47:14,597 - INFO - Round 916/1000
2026-02-15 14:47:14,875 - INFO -   Silhouette: 0.2932 | School ROC: 0.6209 F1: 0.6011 | Project ROC: 0.5705 F1: 0.2353 
2026-02-15 14:47:14,875 - INFO - Round 917/1000
2026-02-15 14:47:15,299 - INFO -   Silhouette: 0.2289 | School ROC: 0.6579 F1: 0.6304 | Project ROC: 0.5066 F1: 0.2202 
2026-02-15 14:47:15,300 - INFO - Round 918/1000
2026-02-15 14:47:15,490 - INFO -   Silhouette: 0.2543 | School ROC: 0.6083 F1: 0.6000 | Project ROC: 0.5232 F1: 0.2095 
2026-02-15 14:47:15,490 - INFO - Round 919/1000
2026-02-15 14:47:15,742 - INFO -   Silhouette: 0.2713 | School ROC: 0.6425 F1: 0.6163 | Project ROC: 0.6062 F1: 0.2703 
2026-02-15 14:47:15,743 - INFO - Round 920/1000
2026-02-15 14:47:15,977 - INFO -   Silhouette: 0.2306 | School ROC: 0.6382 F1: 0.6136 | Project ROC: 0.5182 F1: 0.1961 
2026-02-15 14:47:15,977 - INFO - Round 921/1000
2026-02-15 14:47:16,281 - INFO -   Silhouette: 0.2626 | School ROC: 0.6598 F1: 0.6102 | Project ROC: 0.5937 F1: 0.2617 
2026-02-15 14:47:16,281 - INFO - Round 922/1000
2026-02-15 14:47:16,630 - INFO -   Silhouette: 0.3404 | School ROC: 0.6160 F1: 0.6378 | Project ROC: 0.5357 F1: 0.2500 
2026-02-15 14:47:16,631 - INFO - Round 923/1000
2026-02-15 14:47:16,979 - INFO -   Silhouette: 0.2251 | School ROC: 0.6339 F1: 0.5806 | Project ROC: 0.5182 F1: 0.2330 
2026-02-15 14:47:16,979 - INFO - Round 924/1000
2026-02-15 14:47:17,207 - INFO -   Silhouette: 0.2463 | School ROC: 0.6374 F1: 0.6129 | Project ROC: 0.5271 F1: 0.1982 
2026-02-15 14:47:17,208 - INFO - Round 925/1000
2026-02-15 14:47:17,458 - INFO -   Silhouette: 0.2175 | School ROC: 0.6646 F1: 0.6092 | Project ROC: 0.6348 F1: 0.3208 ✓
2026-02-15 14:47:17,665 - INFO - Results saved to /home/dev/work_main/random/assesment/k_means_selected/gemma3-12B_cv_evo_results.json
2026-02-15 14:47:17,666 - INFO - Round 926/1000
2026-02-15 14:47:17,904 - INFO -   Silhouette: 0.2604 | School ROC: 0.5904 F1: 0.5349 | Project ROC: 0.5687 F1: 0.2364 
2026-02-15 14:47:17,905 - INFO - Round 927/1000
2026-02-15 14:47:18,174 - INFO -   Silhouette: 0.3021 | School ROC: 0.6232 F1: 0.5765 | Project ROC: 0.5566 F1: 0.2474 
2026-02-15 14:47:18,175 - INFO - Round 928/1000
2026-02-15 14:47:18,566 - INFO -   Silhouette: 0.2567 | School ROC: 0.5843 F1: 0.5838 | Project ROC: 0.5658 F1: 0.2340 
2026-02-15 14:47:18,566 - INFO - Round 929/1000
2026-02-15 14:47:18,814 - INFO -   Silhouette: 0.2559 | School ROC: 0.5931 F1: 0.5667 | Project ROC: 0.5268 F1: 0.2330 
2026-02-15 14:47:18,814 - INFO - Round 930/1000
2026-02-15 14:47:19,134 - INFO -   Silhouette: 0.1859 | School ROC: 0.6262 F1: 0.5930 | Project ROC: 0.5201 F1: 0.2286 
2026-02-15 14:47:19,134 - INFO - Round 931/1000
2026-02-15 14:47:19,381 - INFO -   Silhouette: 0.2028 | School ROC: 0.6356 F1: 0.5824 | Project ROC: 0.4978 F1: 0.1923 
2026-02-15 14:47:19,382 - INFO - Round 932/1000
2026-02-15 14:47:19,607 - INFO -   Silhouette: 0.3272 | School ROC: 0.6166 F1: 0.5922 | Project ROC: 0.5463 F1: 0.2474 
2026-02-15 14:47:19,607 - INFO - Round 933/1000
2026-02-15 14:47:19,867 - INFO -   Silhouette: 0.2806 | School ROC: 0.6068 F1: 0.5795 | Project ROC: 0.5382 F1: 0.2424 
2026-02-15 14:47:19,867 - INFO - Round 934/1000
2026-02-15 14:47:20,219 - INFO -   Silhouette: 0.2467 | School ROC: 0.6266 F1: 0.6036 | Project ROC: 0.5406 F1: 0.2308 
2026-02-15 14:47:20,219 - INFO - Round 935/1000
2026-02-15 14:47:20,490 - INFO -   Silhouette: 0.2715 | School ROC: 0.5791 F1: 0.5537 | Project ROC: 0.5479 F1: 0.2500 
2026-02-15 14:47:20,491 - INFO - Round 936/1000
2026-02-15 14:47:20,819 - INFO -   Silhouette: 0.3379 | School ROC: 0.6096 F1: 0.5444 | Project ROC: 0.5788 F1: 0.2529 
2026-02-15 14:47:20,819 - INFO - Round 937/1000
2026-02-15 14:47:21,113 - INFO -   Silhouette: 0.2262 | School ROC: 0.6477 F1: 0.5943 | Project ROC: 0.5436 F1: 0.2373 
2026-02-15 14:47:21,114 - INFO - Round 938/1000
2026-02-15 14:47:21,358 - INFO -   Silhouette: 0.3092 | School ROC: 0.6482 F1: 0.6096 | Project ROC: 0.5273 F1: 0.2143 
2026-02-15 14:47:21,358 - INFO - Round 939/1000
2026-02-15 14:47:21,594 - INFO -   Silhouette: 0.2924 | School ROC: 0.5942 F1: 0.5357 | Project ROC: 0.5492 F1: 0.1978 
2026-02-15 14:47:21,595 - INFO - Round 940/1000
2026-02-15 14:47:21,851 - INFO -   Silhouette: 0.2552 | School ROC: 0.5746 F1: 0.5614 | Project ROC: 0.4975 F1: 0.2022 
2026-02-15 14:47:21,851 - INFO - Round 941/1000
2026-02-15 14:47:22,166 - INFO -   Silhouette: 0.2374 | School ROC: 0.6206 F1: 0.6044 | Project ROC: 0.5150 F1: 0.2136 
2026-02-15 14:47:22,166 - INFO - Round 942/1000
2026-02-15 14:47:22,426 - INFO -   Silhouette: 0.1865 | School ROC: 0.5842 F1: 0.5030 | Project ROC: 0.5260 F1: 0.2151 
2026-02-15 14:47:22,426 - INFO - Round 943/1000
2026-02-15 14:47:22,678 - INFO -   Silhouette: 0.2012 | School ROC: 0.6156 F1: 0.5731 | Project ROC: 0.5757 F1: 0.2222 
2026-02-15 14:47:22,678 - INFO - Round 944/1000
2026-02-15 14:47:22,942 - INFO -   Silhouette: 0.2246 | School ROC: 0.6323 F1: 0.5902 | Project ROC: 0.5322 F1: 0.2424 
2026-02-15 14:47:22,942 - INFO - Round 945/1000
2026-02-15 14:47:23,181 - INFO -   Silhouette: 0.3274 | School ROC: 0.6471 F1: 0.5829 | Project ROC: 0.5896 F1: 0.2692 
2026-02-15 14:47:23,182 - INFO - Round 946/1000
2026-02-15 14:47:23,578 - INFO -   Silhouette: 0.2974 | School ROC: 0.6235 F1: 0.6044 | Project ROC: 0.4717 F1: 0.1835 
2026-02-15 14:47:23,579 - INFO - Round 947/1000
2026-02-15 14:47:23,850 - INFO -   Silhouette: 0.2542 | School ROC: 0.5990 F1: 0.5780 | Project ROC: 0.5509 F1: 0.2418 
2026-02-15 14:47:23,851 - INFO - Round 948/1000
2026-02-15 14:47:24,117 - INFO -   Silhouette: 0.2215 | School ROC: 0.6098 F1: 0.5914 | Project ROC: 0.5341 F1: 0.2136 
2026-02-15 14:47:24,118 - INFO - Round 949/1000
2026-02-15 14:47:24,388 - INFO -   Silhouette: 0.2692 | School ROC: 0.6300 F1: 0.6034 | Project ROC: 0.5174 F1: 0.1982 
2026-02-15 14:47:24,388 - INFO - Round 950/1000
2026-02-15 14:47:24,709 - INFO -   Silhouette: 0.2615 | School ROC: 0.6124 F1: 0.5763 | Project ROC: 0.5114 F1: 0.1980 
2026-02-15 14:47:24,710 - INFO - Round 951/1000
2026-02-15 14:47:24,973 - INFO -   Silhouette: 0.2860 | School ROC: 0.6315 F1: 0.5814 | Project ROC: 0.5722 F1: 0.2268 
2026-02-15 14:47:24,974 - INFO - Round 952/1000
2026-02-15 14:47:25,234 - INFO -   Silhouette: 0.2725 | School ROC: 0.6146 F1: 0.6000 | Project ROC: 0.5530 F1: 0.2430 
2026-02-15 14:47:25,235 - INFO - Round 953/1000
2026-02-15 14:47:25,496 - INFO -   Silhouette: 0.3006 | School ROC: 0.6235 F1: 0.5810 | Project ROC: 0.5613 F1: 0.2376 
2026-02-15 14:47:25,497 - INFO - Round 954/1000
2026-02-15 14:47:25,790 - INFO -   Silhouette: 0.2334 | School ROC: 0.5908 F1: 0.5730 | Project ROC: 0.5092 F1: 0.2020 
2026-02-15 14:47:25,790 - INFO - Round 955/1000
2026-02-15 14:47:26,043 - INFO -   Silhouette: 0.3225 | School ROC: 0.6167 F1: 0.5792 | Project ROC: 0.4718 F1: 0.1786 
2026-02-15 14:47:26,043 - INFO - Round 956/1000
2026-02-15 14:47:26,415 - INFO -   Silhouette: 0.3464 | School ROC: 0.6134 F1: 0.6077 | Project ROC: 0.5870 F1: 0.2626 
2026-02-15 14:47:26,416 - INFO - Round 957/1000
2026-02-15 14:47:26,658 - INFO -   Silhouette: 0.2917 | School ROC: 0.5945 F1: 0.5926 | Project ROC: 0.4934 F1: 0.2124 
2026-02-15 14:47:26,658 - INFO - Round 958/1000
2026-02-15 14:47:26,925 - INFO -   Silhouette: 0.3325 | School ROC: 0.6203 F1: 0.5848 | Project ROC: 0.5693 F1: 0.2553 
2026-02-15 14:47:26,925 - INFO - Round 959/1000
2026-02-15 14:47:27,208 - INFO -   Silhouette: 0.2832 | School ROC: 0.6105 F1: 0.5537 | Project ROC: 0.5709 F1: 0.2680 
2026-02-15 14:47:27,208 - INFO - Round 960/1000
2026-02-15 14:47:27,454 - INFO -   Silhouette: 0.2697 | School ROC: 0.5702 F1: 0.5978 | Project ROC: 0.5862 F1: 0.2449 
2026-02-15 14:47:27,454 - INFO - Round 961/1000
2026-02-15 14:47:27,820 - INFO -   Silhouette: 0.1997 | School ROC: 0.6020 F1: 0.5455 | Project ROC: 0.5333 F1: 0.1961 
2026-02-15 14:47:27,821 - INFO - Round 962/1000
2026-02-15 14:47:28,086 - INFO -   Silhouette: 0.2648 | School ROC: 0.6403 F1: 0.6218 | Project ROC: 0.5419 F1: 0.2407 
2026-02-15 14:47:28,087 - INFO - Round 963/1000
2026-02-15 14:47:28,413 - INFO -   Silhouette: 0.2759 | School ROC: 0.6267 F1: 0.5922 | Project ROC: 0.5865 F1: 0.2970 
2026-02-15 14:47:28,414 - INFO - Round 964/1000
2026-02-15 14:47:28,639 - INFO -   Silhouette: 0.2744 | School ROC: 0.6196 F1: 0.6044 | Project ROC: 0.5337 F1: 0.2178 
2026-02-15 14:47:28,639 - INFO - Round 965/1000
2026-02-15 14:47:28,866 - INFO -   Silhouette: 0.2899 | School ROC: 0.6334 F1: 0.5647 | Project ROC: 0.5957 F1: 0.2766 
2026-02-15 14:47:28,866 - INFO - Round 966/1000
2026-02-15 14:47:29,102 - INFO -   Silhouette: 0.2997 | School ROC: 0.6144 F1: 0.5795 | Project ROC: 0.5474 F1: 0.2083 
2026-02-15 14:47:29,102 - INFO - Round 967/1000
2026-02-15 14:47:29,359 - INFO -   Silhouette: 0.1910 | School ROC: 0.6108 F1: 0.5730 | Project ROC: 0.5286 F1: 0.2115 
2026-02-15 14:47:29,359 - INFO - Round 968/1000
2026-02-15 14:47:29,659 - INFO -   Silhouette: 0.2226 | School ROC: 0.6406 F1: 0.6222 | Project ROC: 0.5006 F1: 0.1782 
2026-02-15 14:47:29,659 - INFO - Round 969/1000
2026-02-15 14:47:29,971 - INFO -   Silhouette: 0.2948 | School ROC: 0.6481 F1: 0.6136 | Project ROC: 0.5782 F1: 0.2772 
2026-02-15 14:47:29,972 - INFO - Round 970/1000
2026-02-15 14:47:30,192 - INFO -   Silhouette: 0.2564 | School ROC: 0.6201 F1: 0.5778 | Project ROC: 0.5835 F1: 0.2800 
2026-02-15 14:47:30,193 - INFO - Round 971/1000
2026-02-15 14:47:30,527 - INFO -   Silhouette: 0.3268 | School ROC: 0.6364 F1: 0.6180 | Project ROC: 0.5886 F1: 0.2737 
2026-02-15 14:47:30,527 - INFO - Round 972/1000
2026-02-15 14:47:30,775 - INFO -   Silhouette: 0.2501 | School ROC: 0.6410 F1: 0.5955 | Project ROC: 0.5626 F1: 0.2881 
2026-02-15 14:47:30,775 - INFO - Round 973/1000
2026-02-15 14:47:31,045 - INFO -   Silhouette: 0.2260 | School ROC: 0.6512 F1: 0.6163 | Project ROC: 0.5557 F1: 0.2424 
2026-02-15 14:47:31,046 - INFO - Round 974/1000
2026-02-15 14:47:31,293 - INFO -   Silhouette: 0.3119 | School ROC: 0.6431 F1: 0.5814 | Project ROC: 0.5760 F1: 0.2617 
2026-02-15 14:47:31,293 - INFO - Round 975/1000
2026-02-15 14:47:31,555 - INFO -   Silhouette: 0.2512 | School ROC: 0.5634 F1: 0.5318 | Project ROC: 0.5848 F1: 0.2353 
2026-02-15 14:47:31,556 - INFO - Round 976/1000
2026-02-15 14:47:31,843 - INFO -   Silhouette: 0.3461 | School ROC: 0.6247 F1: 0.5765 | Project ROC: 0.5859 F1: 0.2653 
2026-02-15 14:47:31,843 - INFO - Round 977/1000
2026-02-15 14:47:32,058 - INFO -   Silhouette: 0.2230 | School ROC: 0.6550 F1: 0.6077 | Project ROC: 0.5922 F1: 0.2617 
2026-02-15 14:47:32,058 - INFO - Round 978/1000
2026-02-15 14:47:32,307 - INFO -   Silhouette: 0.2963 | School ROC: 0.6254 F1: 0.5698 | Project ROC: 0.5614 F1: 0.2526 
2026-02-15 14:47:32,307 - INFO - Round 979/1000
2026-02-15 14:47:32,571 - INFO -   Silhouette: 0.2270 | School ROC: 0.6398 F1: 0.5876 | Project ROC: 0.5748 F1: 0.2157 
2026-02-15 14:47:32,571 - INFO - Round 980/1000
2026-02-15 14:47:32,859 - INFO -   Silhouette: 0.3696 | School ROC: 0.6295 F1: 0.6057 | Project ROC: 0.5859 F1: 0.2653 
2026-02-15 14:47:32,859 - INFO - Round 981/1000
2026-02-15 14:47:33,206 - INFO -   Silhouette: 0.2714 | School ROC: 0.5981 F1: 0.5946 | Project ROC: 0.5563 F1: 0.2301 
2026-02-15 14:47:33,206 - INFO - Round 982/1000
2026-02-15 14:47:33,503 - INFO -   Silhouette: 0.2659 | School ROC: 0.6682 F1: 0.6328 | Project ROC: 0.5524 F1: 0.2453 
2026-02-15 14:47:33,503 - INFO - Round 983/1000
2026-02-15 14:47:33,745 - INFO -   Silhouette: 0.2666 | School ROC: 0.5912 F1: 0.5876 | Project ROC: 0.6049 F1: 0.2772 
2026-02-15 14:47:33,746 - INFO - Round 984/1000
2026-02-15 14:47:34,100 - INFO -   Silhouette: 0.2499 | School ROC: 0.6048 F1: 0.5455 | Project ROC: 0.5117 F1: 0.2037 
2026-02-15 14:47:34,100 - INFO - Round 985/1000
2026-02-15 14:47:34,474 - INFO -   Silhouette: 0.2542 | School ROC: 0.5939 F1: 0.6032 | Project ROC: 0.5594 F1: 0.2593 
2026-02-15 14:47:34,474 - INFO - Round 986/1000
2026-02-15 14:47:34,740 - INFO -   Silhouette: 0.2470 | School ROC: 0.6565 F1: 0.6120 | Project ROC: 0.5366 F1: 0.2376 
2026-02-15 14:47:34,740 - INFO - Round 987/1000
2026-02-15 14:47:34,991 - INFO -   Silhouette: 0.2299 | School ROC: 0.6194 F1: 0.6120 | Project ROC: 0.5499 F1: 0.2478 
2026-02-15 14:47:34,992 - INFO - Round 988/1000
2026-02-15 14:47:35,257 - INFO -   Silhouette: 0.3396 | School ROC: 0.6052 F1: 0.5730 | Project ROC: 0.5896 F1: 0.2553 
2026-02-15 14:47:35,258 - INFO - Round 989/1000
2026-02-15 14:47:35,494 - INFO -   Silhouette: 0.2246 | School ROC: 0.6102 F1: 0.5568 | Project ROC: 0.5159 F1: 0.2407 
2026-02-15 14:47:35,494 - INFO - Round 990/1000
2026-02-15 14:47:35,725 - INFO -   Silhouette: 0.2512 | School ROC: 0.5863 F1: 0.5587 | Project ROC: 0.5569 F1: 0.2157 
2026-02-15 14:47:35,725 - INFO - Round 991/1000
2026-02-15 14:47:35,990 - INFO -   Silhouette: 0.2478 | School ROC: 0.5702 F1: 0.5914 | Project ROC: 0.5247 F1: 0.1923 
2026-02-15 14:47:35,990 - INFO - Round 992/1000
2026-02-15 14:47:36,270 - INFO -   Silhouette: 0.3051 | School ROC: 0.6041 F1: 0.5775 | Project ROC: 0.5519 F1: 0.2549 
2026-02-15 14:47:36,270 - INFO - Round 993/1000
2026-02-15 14:47:36,573 - INFO -   Silhouette: 0.2914 | School ROC: 0.6398 F1: 0.6054 | Project ROC: 0.5414 F1: 0.2476 
2026-02-15 14:47:36,573 - INFO - Round 994/1000
2026-02-15 14:47:36,831 - INFO -   Silhouette: 0.2720 | School ROC: 0.6007 F1: 0.5843 | Project ROC: 0.5258 F1: 0.2245 
2026-02-15 14:47:36,831 - INFO - Round 995/1000
2026-02-15 14:47:37,238 - INFO -   Silhouette: 0.2390 | School ROC: 0.6441 F1: 0.6270 | Project ROC: 0.5403 F1: 0.2243 
2026-02-15 14:47:37,238 - INFO - Round 996/1000
2026-02-15 14:47:37,550 - INFO -   Silhouette: 0.2589 | School ROC: 0.6757 F1: 0.5988 | Project ROC: 0.6153 F1: 0.2653 
2026-02-15 14:47:37,550 - INFO - Round 997/1000
2026-02-15 14:47:37,830 - INFO -   Silhouette: 0.2433 | School ROC: 0.6347 F1: 0.6237 | Project ROC: 0.5276 F1: 0.1754 
2026-02-15 14:47:37,830 - INFO - Round 998/1000
2026-02-15 14:47:38,138 - INFO -   Silhouette: 0.2740 | School ROC: 0.6146 F1: 0.5909 | Project ROC: 0.5207 F1: 0.2178 
2026-02-15 14:47:38,138 - INFO - Round 999/1000
2026-02-15 14:47:38,407 - INFO -   Silhouette: 0.2633 | School ROC: 0.6077 F1: 0.6011 | Project ROC: 0.4997 F1: 0.2115 
2026-02-15 14:47:38,407 - INFO - Round 1000/1000
2026-02-15 14:47:38,675 - INFO -   Silhouette: 0.2387 | School ROC: 0.6079 F1: 0.5650 | Project ROC: 0.5362 F1: 0.2268 
2026-02-15 14:47:38,914 - INFO - Results saved to /home/dev/work_main/random/assesment/k_means_selected/gemma3-12B_cv_evo_results.json
2026-02-15 14:47:41,520 - INFO - Convergence plots saved to /home/dev/work_main/random/assesment/k_means_selected/gemma3-12B_cv_evo_convergence_plots.png
2026-02-15 14:47:44,157 - INFO - Focused correlation analysis saved to /home/dev/work_main/random/assesment/k_means_selected/gemma3-12B_cv_evo_silhouette_correlation.png
2026-02-15 14:47:44,157 - INFO - Correlation values saved to /home/dev/work_main/random/assesment/k_means_selected/gemma3-12B_cv_evo_silhouette_correlations.json
2026-02-15 14:47:44,157 - INFO - Silhouette Correlation Summary:
2026-02-15 14:47:44,158 - INFO -   • Silhouette vs School ROC AUC: R=-0.105 (WEAK negative)
2026-02-15 14:47:44,158 - INFO -   • Silhouette vs Project ROC AUC: R=0.258 (WEAK positive)
2026-02-15 14:47:44,158 - INFO -   • Silhouette vs Avg. ROC AUC: R=0.154 (WEAK positive)
2026-02-15 14:47:44,158 - INFO -   • Silhouette vs School F1 Score: R=-0.148 (WEAK negative)
2026-02-15 14:47:44,158 - INFO -   • Silhouette vs Project F1 Score: R=0.309 (MODERATE positive)
2026-02-15 14:47:44,158 - INFO -   • Silhouette vs Avg. F1 Score: R=0.142 (WEAK positive)
2026-02-15 14:47:44,158 - INFO - Experiment completed!
